Borough Name,BIN Number,Permit Expiration Date,Permit Issuance Date,Permit Number,Permit Type,Permit Status,Job Number,Job Type,Horizontal Enlargement Flag,Vertical Enlargement Flag,Current Job Status Description,Total Construction Floor Area,Proposed Dwelling Units,Proposed Stories,Estimated Job Cost,Job Location Street Name,Block,Lot,Community Board,Applicant Business Name,Latitude Point,Longitude Point
Bronx,2000214,2/11/2026,2/11/2025,22070943701AL08,AL,Issued,220709437,A1,Y,Y,PERMIT ISSUED - ENTIRE JOB/WORK,10478.0,12,6,2100000.0,419 EAST 135 ST  Bronx,2280,71,201,STUDIO GALLOS ARCHITECTURE,40.807029724121094,-73.92333221435547
BRONX,2000726,4/1/2026,10/9/2025,X00539958-I1-GC,General Construction,Permit Issued,X00539958-I1,ALT-CO - New Building with Existing Elements to Remain,,,Permit Entire,16292.0,14,5,1547740.0,289 EAST  139 STREET  BRONX,2314,84,201,GALAXY GENERAL CONTRACTIN,40.811248779296875,-73.92530059814453
Bronx,2000890,1/1/2026,9/22/2025,21017894801NB04,NB,Issued,210178948,NB,,,PERMIT ISSUED - ENTIRE JOB/WORK,145035.0,164,10,0.0,290 EAST 149TH STREET  Bronx,2330,16,201,AUFGANG ARCHITECTS,40.81666946411133,-73.92192077636719
Bronx,2000922,12/12/2025,12/12/2024,21018099901NB11,NB,Issued,210180999,NB,,,PERMIT ISSUED - ENTIRE JOB/WORK,26389.0,68,10,0.0,290 EAST 150TH STREET  Bronx,2331,13,201,S M TAM ARCHITECT  PLLC,40.81766128540039,-73.9217529296875
Bronx,2000954,11/19/2025,11/19/2024,22070792901NB01,NB,Issued,220707929,NB,,,PERMIT ISSUED - ENTIRE JOB/WORK,103964.0,124,8,0.0,286 RIDER AVENUE  Bronx,2333,33,201,S.WIEDER ARCHITECT P.C,40.81241989135742,-73.92704010009766
BRONX,2001022,2/3/2026,2/3/2025,X00673520-S5-ST,Structural,Permit Issued,X00673520-S5,New Building,,,Permit Entire,113151.0,122,14,0.0,315 GRAND CONCOURSE  BRONX,2344,27,201,ON STAR MANAGEMENT LLC,40.814640045166016,-73.92935180664062
Bronx,2001079,6/23/2026,6/23/2025,21018206901NB02,NB,Issued,210182069,NB,,,PERMIT ISSUED - ENTIRE JOB/WORK,726179.0,710,43,0.0,355 EXTERIOR  STREET  Bronx,2349,46,201,JFA ARCHITECTS & ENGINEERING DPC,40.816680908203125,-73.93167877197266
BRONX,2001186,3/19/2026,3/19/2025,X01086278-S2-ST,Structural,Permit Issued,X01086278-S2,ALT-CO - New Building with Existing Elements to Remain,,Yes,Permit Entire,23987.830078125,26,8,1000.0,3060 3 AVENUE  BRONX,2364,10,201,REVAMP NYC CORP,40.82067108154297,-73.91233825683594
Bronx,2001698,2/12/2026,3/4/2025,20092783601NB04,NB,Issued,200927836,NB,,,PERMIT ISSUED - ENTIRE JOB/WORK,3900.0,3,3,0.0,379 EAST  153 STREET  Bronx,2400,31,201,ROOTED ARCHITECTURE STUDIO PLLC,40.81929016113281,-73.917236328125
BRONX,2001876,12/31/2025,7/16/2025,X00825579-S4-ST,Structural,Permit Issued,X00825579-S4,Alteration CO,,Yes,Permit Entire,28530.0,0,4,326646.0,629 COURTLANDT AVENUE  BRONX,2411,41,201,BARONE MANAGEMENT LLC,40.818519592285156,-73.91895294189453
Bronx,2001950,6/30/2026,6/20/2025,21018132801AL07,AL,Issued,210181328,A1,,Y,PERMIT ISSUED - ENTIRE JOB/WORK,17333.0,0,3,3300000.0,910 MORRIS AVENUE  Bronx,2422,1,204,MITCHELL/GIURGOLA ARCHITECTS LLP,40.82658004760742,-73.91758728027344
Bronx,2002072,9/25/2026,9/25/2025,22021304301NB02,NB,Issued,220213043,NB,,,PERMIT ISSUED - ENTIRE JOB/WORK,81740.0,72,14,0.0,1139 WEBSTER AVE  Bronx,2426,21,204,MAGNUSSON ARCHITECTURE AND PLANN,40.830379486083984,-73.91108703613281
BRONX,2003100,5/1/2026,7/21/2025,X00687136-S7-EW-SD,Standpipe,Permit Issued,X00687136-S7,New Building,,,Permit Entire,35849.0,39,11,5000.0,78 WEST 170 STREET  BRONX,2506,125,204,FORWARD MECHANICAL CORP,40.8400993347168,-73.9218521118164
Bronx,2003157,3/25/2026,3/25/2025,21017807401NB17,NB,Issued,210178074,NB,,,PERMIT ISSUED - ENTIRE JOB/WORK,41199.0,45,9,0.0,1182 WOODYCREST  Bronx,2510,3,204,CROWN ARCHITECTURE & CONSULTING,40.83647918701172,-73.92471313476562
BRONX,2003195,12/30/2025,7/1/2025,X01068118-I1-FD,Full Demolition,Permit Issued,X01068118-I1,Full Demolition,,,Permit Entire,2500.0,0,0,10000.0,975 WOODYCREST AVENUE  BRONX,2511,100,204,STAR COMPANIESS LLC,40.83219909667969,-73.9286880493164
BRONX,2003543,5/6/2026,5/6/2025,X00980196-S1-ST,Structural,Permit Issued,X00980196-S1,New Building,,,Permit Entire,394751.0,422,26,0.0,1387 UNIVERSITY AVENUE  BRONX,2533,29,204,MEGA CONTRACTING GP LLC,40.842620849609375,-73.92643737792969
BRONX,2003566,11/21/2025,1/8/2025,X00969702-S1-ST,Structural,Permit Issued,X00969702-S1,New Building,,,Permit Entire,79706.0,85,7,0.0,1415 OGDEN AVENUE  BRONX,2536,29,204,BRUNO FRUSTACI CONTRACTIN,40.8430290222168,-73.92410278320312
Bronx,2004136,10/30/2025,10/30/2024,21018130001NB06,NB,Issued,210181300,NB,,,PERMIT ISSUED - ENTIRE JOB/WORK,131717.0,0,7,0.0,581 AUSTIN PLACE  Bronx,2603,83,202,BWDARCHITECTS,40.81148910522461,-73.90154266357422
Bronx,2004823,5/30/2026,8/13/2025,21017847601NB01,NB,Issued,210178476,NB,,,PERMIT ISSUED - PARTIAL JOB,4075.0,6,4,0.0,795 EAST 161ST STREET  Bronx,2668,56,203,SION CONSULTING ENGINEERING P.C,40.821128845214844,-73.90310668945312
BRONX,2005222,12/31/2025,4/21/2025,X01052421-S2-ST,Structural,Permit Issued,X01052421-S2,New Building,,,Permit Entire,4005.0,5,4,0.0,864 EAST  164 STREET  BRONX,2690,142,202,BLUE J CONTRACTING CORP,40.82313919067383,-73.89936065673828
Bronx,2005755,6/30/2026,6/20/2025,21017905501AL07,AL,Issued,210179055,A1,Y,,PERMIT ISSUED - ENTIRE JOB/WORK,27614.0,0,3,5263948.0,877 SOUTHERN BLVD  Bronx,2722,63,202,MITCHELL/GIURGOLA ARCHITECTS LLP,40.81869125366211,-73.89417266845703
BRONX,2006861,12/10/2025,3/13/2025,X00506585-I1-ST,Structural,Permit Issued,X00506585-I1,ALT-CO - New Building with Existing Elements to Remain,Yes,Yes,Permit Entire,18748.0,0,1,1108680.0,510 HUNTS POINT AVENUE  BRONX,2769,167,202,POINT H. REALTY CORP,40.81148147583008,-73.8822021484375
BRONX,2006879,12/10/2025,3/12/2025,X00506594-I1-GC-CX,Structural General Construction Foundation,Permit Issued,X00506594-I1,New Building,,,Permit Entire,26205.0,0,1,800000.0,1250 OAK POINT AVENUE  BRONX,2771,203,202,POINT H. REALTY CORP,40.809730529785156,-73.88754272460938
Bronx,2007371,1/16/2026,6/30/2025,21018219401NB10,NB,Issued,210182194,NB,,,PERMIT ISSUED - ENTIRE JOB/WORK,41751.0,46,13,0.0,1695 MONROE AVENUE  Bronx,2792,44,204,A/R ENVIRONETICS ARCHITECTS  P.C,40.84434127807617,-73.90696716308594
BRONX,2007450,11/30/2025,5/15/2025,X00630134-S1-EW-SP,Sprinklers,Permit Issued,X00630134-S1,ALT-CO - New Building with Existing Elements to Remain,,Yes,Permit Entire,9869.0,26,4,1000.0,1777 MONROE AVENUE  BRONX,2797,38,205,TARGET PIPING NY LLC,40.846168518066406,-73.90682220458984
BRONX,2007499,11/2/2025,10/2/2025,X01139207-I1-FD,Full Demolition,Permit Issued,X01139207-I1,Full Demolition,,,Permit Entire,1553.0,0,0,10000.0,1780 TOPPING AVENUE  BRONX,2799,24,205,NEW LINE CONSTRUCTION LLC,40.84629821777344,-73.90534973144531
Bronx,2007838,3/7/2026,4/7/2025,20109699101NB18,NB,Issued,201096991,NB,,,PERMIT ISSUED - PARTIAL JOB,44278.0,61,8,0.0,1527 MORRIS AVENUE  Bronx,2820,51,204,P. GEORGOPOULS ARCHITECTS PC,40.84196853637695,-73.9098892211914
Bronx,2008129,8/18/2026,9/15/2025,20110284001AL10,AL,Issued,201102840,A1,Y,Y,PERMIT ISSUED - ENTIRE JOB/WORK,8442.0,65,8,10000.0,1535 WALTON AVENUE  Bronx,2845,62,204,JOHN SARACCO ARCHITCT  LLC,40.842689514160156,-73.9140396118164
BRONX,2009881,12/6/2025,7/16/2025,X01112246-S1-SE,Support of Excavation,Permit Issued,X01112246-S1,ALT-CO - New Building with Existing Elements to Remain,Yes,Yes,Permit Entire,90446.453125,99,8,10000.0,1723 BOSTON ROAD  BRONX,2940,53,203,TCHORS LLC,40.8372917175293,-73.8885269165039
Bronx,2009932,11/22/2025,11/5/2024,21018213001AL07,AL,Issued,210182130,A1,Y,Y,PERMIT ISSUED - ENTIRE JOB/WORK,13381.0,12,6,2492097.0,744 EAST 175 STREET  Bronx,2948,36,206,L & C  ASSOCIATES,40.84183883666992,-73.89225006103516
BRONX,2010123,12/26/2025,8/21/2025,X00688341-S1-SE,Support of Excavation,Permit Issued,X00688341-S1,New Building,,,Permit Entire,13195.23046875,23,4,1000.0,1827 WATERLOO PLACE  BRONX,2958,54,206,BUILDERS GROUP USA INC,40.84048843383789,-73.88775634765625
BRONX,2010731,11/2/2025,4/15/2025,X01140122-S2-ST,Structural,Permit Issued,X01140122-S2,New Building,,,Permit Entire,6268.0,12,4,0.0,1422 VYSE AVENUE  BRONX,2994,10,203,NEW LINE CONSTRUCTION LLC,40.830718994140625,-73.8892593383789
Bronx,2010735,3/7/2026,7/14/2025,21017958101NB05,NB,Issued,210179581,NB,,,PERMIT ISSUED - ENTIRE JOB/WORK,7646.0,36,6,0.0,1432 VYSE AVE  Bronx,2994,15,203,NODE ARCH  ENGIN  CONSULT  PC,40.83103942871094,-73.88907623291016
BRONX,2010949,12/28/2025,8/6/2025,X01146043-S1-PMM,Protection and Mechanical Methods,Permit Issued,X01146043-S1,Full Demolition,,,Permit Entire,22371.0,0,0,160.0,1660 BOONE AVENUE  BRONX,3015,1,203,HEXAGON INDUSTRIES INC,40.8343505859375,-73.8840103149414
Bronx,2011420,12/13/2025,12/24/2024,22049324001NB05,NB,Issued,220493240,NB,,,PERMIT ISSUED - ENTIRE JOB/WORK,43789.0,98,9,0.0,4729 3RD AVENUE  Bronx,3041,45,206,MICHAEL KANG ARCHITECT  P.C.,40.859500885009766,-73.89140319824219
BRONX,2011676,2/6/2026,6/23/2025,X01146802-S6-SE,Support of Excavation,Permit Issued,X01146802-S6,ALT-CO - New Building with Existing Elements to Remain,Yes,Yes,Permit Entire,6557.81005859375,7,4,50000.0,4432 THIRD AVENUE  BRONX,3054,53,206,OGNI MANAGEMENT INC,40.85490036010742,-73.89012908935547
BRONX,2011710,4/28/2026,7/8/2025,X00795971-S6-EW-SP,Sprinklers,Signed-off,X00795971-S6,New Building,,,Permit Entire,15392.0,0,2,1000.0,2410 LORILLARD PLACE  BRONX,3056,5,206,F.S. WORKS INC,40.856590270996094,-73.88851165771484
BRONX,2011867,5/5/2026,8/28/2025,X01181228-S4-FN,Construction Fence,Permit Issued,X01181228-S4,New Building,,,Permit Entire,36568.0,48,6,0.0,2 WADE SQUARE  BRONX,3063,146,206,INNOVATIVE CONSTR NYC LLC,40.85149002075195,-73.89083862304688
BRONX,2011979,5/14/2026,5/14/2025,X01137199-S5-MS,Mechanical Systems,Permit Issued,X01137199-S5,New Building,,,Permit Entire,7388.0,13,4,0.0,1992 ARTHUR AVENUE  BRONX,3068,64,206,DURGAJ PROPERTIES CORP,40.84716033935547,-73.89259338378906
Bronx,2012013,1/1/2026,6/4/2025,22054621001AL13,AL,Issued,220546210,A1,,Y,PERMIT ISSUED - ENTIRE JOB/WORK,0.0,0,2,700000.0,616 EAST 180 STREET  Bronx,3069,80,206,JIM KUSI P.E.,40.84886169433594,-73.89112091064453
BRONX,2012073,7/27/2026,8/19/2025,X01203160-I1-FD,Full Demolition,Permit Issued,X01203160-I1,Full Demolition,,,Permit Entire,3432.0,0,0,40000.0,2221 ADAMS PLACE  BRONX,3071,8,206,DURGAJ PROPERTIES CORP,40.852359771728516,-73.88957214355469
BRONX,2012264,4/8/2026,4/11/2025,X00990614-S8-EW-SD,Standpipe,Permit Issued,X00990614-S8,ALT-CO - New Building with Existing Elements to Remain,Yes,Yes,Permit Entire,44035.30078125,0,3,526800.0,608 EAST FORDHAM ROAD  BRONX,3078,16,206,METFLOW FIRE CONTROL LLC,40.858009338378906,-73.88481140136719
BRONX,2012659,7/8/2026,7/8/2025,X01035076-S5-ST,Structural,Permit Issued,X01035076-S5,ALT-CO - New Building with Existing Elements to Remain,,Yes,Permit Entire,7301.2900390625,12,4,150000.0,710 OAKLAND PLACE  BRONX,3095,9,206,ABOVE BUILDER GROUP LLC,40.846981048583984,-73.88916015625
BRONX,2012806,12/1/2025,2/12/2025,X01136791-I1-FD,Full Demolition,Permit Issued,X01136791-I1,Full Demolition,,,Permit Entire,1557.0,0,0,10000.0,2280 BEAUMONT AVENUE  BRONX,3101,6,206,L & A DEVELOPERS GROUP*,40.85152816772461,-73.88555145263672
BRONX,2012864,8/13/2026,10/8/2025,X01189120-S4-ST,Structural,Permit Issued,X01189120-S4,Alteration CO,Yes,,Permit Entire,8225.0,16,3,20000.0,2312 BEAUMONT AVENUE  BRONX,3103,9,206,URBAN CONTRACTORS LLC,40.852569580078125,-73.88497161865234
BRONX,2013147,1/26/2026,8/7/2025,X00760109-S4-SE,Support of Excavation,Permit Issued,X00760109-S4,New Building,,,Permit Entire,16123.0,0,3,300000.0,870 EAST 180 STREET  BRONX,3123,51,206,CRESCENT STREET CONSTRUCT,40.84505081176758,-73.88320922851562
Bronx,2013170,4/1/2026,3/14/2025,21017927901NB03,NB,Issued,210179279,NB,,,PERMIT ISSUED - ENTIRE JOB/WORK,84459.0,82,8,0.0,872 BRONX PARK SOUTH  Bronx,3124,67,206,AUFGANG ARCHITECTS,40.84685134887695,-73.88186645507812
BRONX,2013297,12/31/2025,10/9/2025,X01049100-S2-EW-SD,Standpipe,Permit Issued,X01049100-S2,Full Demolition,,,Permit Entire,30000.0,0,0,10000.0,2075 WEBSTER AVENUE  BRONX,3142,48,205,OLYMPIC PLBG & HTG SVCS,40.851749420166016,-73.89897155761719
Bronx,2013630,1/17/2026,1/17/2025,21017998301NB01,NB,Issued,210179983,NB,,,PERMIT ISSUED - ENTIRE JOB/WORK,62453.0,85,13,0.0,2064 GRAND CONCOURSE  Bronx,3156,7,205,GF55 PARTNERS,40.85274887084961,-73.90276336669922
BRONX,2013862,5/6/2026,5/6/2025,X01169850-S1-PMM,Protection and Mechanical Methods,Permit Issued,X01169850-S1,Full Demolition,,,Permit Entire,6068.0,0,0,160.0,2260 MORRIS AVENUE  BRONX,3171,11,205,ZEFI & CO. LLC,40.85736846923828,-73.9020004272461
Bronx,2014449,1/20/2026,6/3/2025,22062239701AL05,AL,Issued,220622397,A1,Y,,PERMIT ISSUED - ENTIRE JOB/WORK,6379.0,0,2,333020.0,2610 GRAND AVE  Bronx,3205,9,207,ERROL MCINTOSH  R.A.,40.866851806640625,-73.89988708496094
BRONX,2014542,5/20/2026,10/10/2025,X01251817-I1-FD,Full Demolition,Permit Issued,X01251817-I1,Full Demolition,,,Permit Entire,1740.0,0,0,5000.0,2290 AQUEDUCT AVENUE EAST  BRONX,3209,20,207,JV FAST CONSTRUCTION LLC,40.85995864868164,-73.9058837890625
Bronx,2015136,6/28/2026,8/27/2025,21017962501NB04,NB,Issued,210179625,NB,,,PERMIT ISSUED - ENTIRE JOB/WORK,41172.0,36,5,0.0,2660 KINGSBRIDGE TERRACE  Bronx,3237,90,207,AGUILERA DIEGO ARCHITECTS P.C.,40.86996841430664,-73.90509796142578
Bronx,2015436,12/11/2025,6/9/2025,22051780301NB11,NB,Issued,220517803,NB,,,PERMIT ISSUED - PARTIAL JOB,7204.0,17,7,0.0,2828 UNIVERSITY AVENUE  Bronx,3250,154,208,DEFONSECS ARCHITECTS,40.87232971191406,-73.89866638183594
BRONX,2015470,3/26/2026,10/6/2025,X01200778-S1-SE,Support of Excavation,Permit Issued,X01200778-S1,New Building,,,Permit Entire,22214.0,38,6,0.0,3963 SAXON AVENUE  BRONX,3252,175,208,RNH SERVICES INC,40.882869720458984,-73.89051055908203
BRONX,2015511,8/12/2026,8/12/2025,X01183675-S3-FN,Construction Fence,Permit Issued,X01183675-S3,ALT-CO - New Building with Existing Elements to Remain,Yes,Yes,Permit Entire,20520.0,36,4,1000.0,2738 KINGSBRIDGE TERRACE  BRONX,3253,40,208,ZEFI & CO. LLC,40.87192153930664,-73.9030990600586
BRONX,2016233,5/7/2026,9/30/2025,X01005103-S1-PMM,Protection and Mechanical Methods,Permit Issued,X01005103-S1,Full Demolition,,,Permit Entire,5468.0,0,0,160.0,2768 WEBSTER AVENUE  BRONX,3273,100,207,DM80 SOLUTIONS LLC,40.86573028564453,-73.88529968261719
BRONX,2016873,3/20/2026,9/8/2025,X01126800-S6-SE,Support of Excavation,Permit Issued,X01126800-S6,New Building,,,Permit Entire,20091.1796875,33,4,0.0,262 EAST  197 STREET  BRONX,3295,30,207,LEAD IT BUILDERS  LLC,40.86800003051758,-73.8897705078125
BRONX,2017241,11/1/2025,11/1/2024,X00930842-I1-GC,General Construction,Permit Issued,X00930842-I1,New Building,,,Permit Entire,31217.880859375,44,8,0.0,233 EAST  202 STREET  BRONX,3308,28,207,NEW LINE CONSTRUCTION LLC,40.87321090698242,-73.88558959960938
BRONX,2017244,12/30/2025,3/11/2025,X01071030-S2-SE,Support of Excavation,Permit Issued,X01071030-S2,New Building,,,Permit Entire,9732.4404296875,19,5,0.0,213 EAST  202 STREET  BRONX,3308,39,207,LLNY GROUP LLC,40.87337112426758,-73.88623046875
BRONX,2017336,10/22/2025,7/15/2025,X01158394-S6-SE,Support of Excavation,Permit Issued,X01158394-S6,New Building,,,Permit Entire,18102.359375,27,8,0.0,3180 VILLA AVENUE  BRONX,3311,37,207,PURCISIVE INC,40.87644958496094,-73.88658905029297
Bronx,2017421,3/10/2026,5/2/2025,22021254301NB05,NB,Issued,220212543,NB,,,PERMIT ISSUED - ENTIRE JOB/WORK,64357.0,73,12,0.0,2702 CRESTON AVENUE  Bronx,3314,32,207,ENV ARCHITECTS  DPC,40.86796951293945,-73.89418029785156
Bronx,2017461,2/23/2026,6/16/2025,21018198901NB08,NB,Issued,210181989,NB,,,PERMIT ISSUED - ENTIRE JOB/WORK,11548.0,21,6,0.0,114 EAST 198 STREET  Bronx,3315,50,207,BAOBAB ARCHITECTS P.C,40.8702507019043,-73.89158630371094
BRONX,2017482,4/2/2026,9/18/2025,X01157822-S8-FO-EA,Foundation Earth Work,Permit Issued,X01157822-S8,New Building,,,Permit Entire,10664.740234375,22,6,0.0,2683 CRESTON AVENUE  BRONX,3316,56,207,PRECISE CONSTRUCTION CONR,40.86737823486328,-73.89521026611328
BRONX,2017487,12/28/2025,8/21/2025,X01242666-S1-PMM,Protection and Mechanical Methods,Permit Issued,X01242666-S1,Full Demolition,,,Permit Entire,10000.0,0,0,160.0,2748 JEROME AVENUE  BRONX,3317,30,207,N TECH DESIGN OF AMERICA,40.86891174316406,-73.89588928222656
BRONX,2017651,1/1/2026,7/22/2025,X01252915-S2-FN,Construction Fence,Permit Issued,X01252915-S2,Full Demolition,,,Permit Entire,12000.0,0,0,5000.0,10 VAN CORTLANDT AVENUE EAST  BRONX,3322,29,207,VOLK INDUSTRIAL SERVICES,40.876888275146484,-73.88707733154297
BRONX,2018654,12/11/2025,12/11/2024,X00709422-S3-ST,Structural,Permit Issued,X00709422-S3,New Building,,,Permit Entire,97403.0,127,8,0.0,3547 WEBSTER AVENUE  BRONX,3356,200,207,B CONTRACTORS GROUP LLC,40.88003158569336,-73.87136840820312
Bronx,2018692,1/27/2026,2/11/2025,21018199801NB03,NB,Issued,210181998,NB,,,PERMIT ISSUED - ENTIRE JOB/WORK,33970.0,82,8,0.0,3530 WEBSTER AVE  Bronx,3360,50,207,S M TAM ARCHITECT  PLLC,40.87982177734375,-73.87079620361328
Bronx,2019108,2/20/2026,9/11/2025,22070871301AL04,AL,Issued,220708713,A1,,Y,PERMIT ISSUED - ENTIRE JOB/WORK,3972.0,0,3,360000.0,4275 KATONAH AVENUE  Bronx,3376,60,212,HERO ARCHITECTS,40.89773178100586,-73.86752319335938
BRONX,2020113,12/13/2025,9/11/2025,X00774409-I1-GC-CX,Structural General Construction,Permit Issued,X00774409-I1,Alteration CO,Yes,Yes,Permit Entire,1130.0,1,2,231650.0,1212 HARDING PARK  BRONX,3453,18,209,JANDR ENTERPRISE CORP,40.809608459472656,-73.85804748535156
BRONX,2020304,7/5/2026,8/21/2025,X00721441-S5-FN,Construction Fence,Permit Issued,X00721441-S5,New Building,,,Permit Entire,2834.580078125,2,2,0.0,214 HUSSON AVENUE  BRONX,3460,12,209,A & R HOME IMPROVEMENT &,40.81047821044922,-73.85099029541016
BRONX,2022155,3/6/2026,6/4/2025,X00655494-I1-GC,General Construction,Permit Issued,X00655494-I1,New Building,,,Permit Entire,33356.3515625,41,6,7175000.0,714 BEACH AVENUE  BRONX,3598,12,209,VERA CARTING CORP,40.819580078125,-73.86322021484375
Bronx,2024169,10/17/2026,10/8/2025,22067277901AL05,AL,Issued,220672779,A1,,Y,PERMIT ISSUED - PARTIAL JOB,4341.0,3,3,256317.0,1115 NOBLE AVENUE  Bronx,3749,72,209,VICTOR CASTILLO ARCHITECT P.C.,40.827728271484375,-73.86958312988281
BRONX,2041214,3/11/2026,8/27/2025,X00601896-I1-GC-CX,Structural General Construction Foundation Earth Work,Permit Issued,X00601896-I1,Alteration CO,Yes,,Permit Entire,3200.0,2,2,215000.0,2113 STARLING AVENUE  BRONX,3946,53,209,DAVID CONSTRUCTING NY  IN,40.836368560791016,-73.85456848144531
BRONX,2041904,1/8/2026,5/2/2025,X01192651-I1-GC-CX,Structural General Construction,Permit Issued,X01192651-I1,Alteration CO,Yes,,Permit Entire,2863.610107421875,2,2,419460.0,2518 ST RAYMOND AVENUE  BRONX,3986,21,210,RISHON HOMES CORP,40.84109878540039,-73.84722137451172
BRONX,2043887,3/9/2026,9/10/2025,X00658434-I1-GC,General Construction,Permit Issued,X00658434-I1,New Building,,,Permit Entire,33147.1484375,0,3,1325766.0,2443 POPLAR STREET  BRONX,4062,8,211,SANDHU BUILDERS 1 INC,40.8432502746582,-73.85310363769531
Bronx,2045720,10/24/2025,10/7/2025,22070644901AL03,AL,Issued,220706449,A1,,Y,PERMIT ISSUED - PARTIAL JOB,26145.0,0,1,1077500.0,1314 BLONDELL AVENUE  Bronx,4133,2,211,THOMAS J. CURRO ARCHITECT  PC,40.8414192199707,-73.84149169921875
Bronx,2045727,2/22/2026,10/9/2025,21018237201NB04,NB,Issued,210182372,NB,,,PERMIT ISSUED - ENTIRE JOB/WORK,221653.0,182,7,0.0,1340 BLONDELL AVENUE  Bronx,4134,1,211,AUFGANG ARCHITECTS,40.84209060668945,-73.84169006347656
Bronx,2046090,4/1/2026,8/27/2025,22060733201NB03,NB,Issued,220607332,NB,,,PERMIT ISSUED - ENTIRE JOB/WORK,7571.0,12,6,0.0,1730 EDISON AVENUE  Bronx,4169,13,210,P GEORGOPOULOS ARCHITECT PC,40.84629821777344,-73.83228302001953
BRONX,2046866,12/1/2025,9/5/2025,X01168975-I1-GC,General Construction,Permit Issued,X01168975-I1,ALT-CO - New Building with Existing Elements to Remain,,,Permit Entire,13000.0,0,1,100000.0,1201 MORRIS PARK AVENUE  BRONX,4203,82,211,L & A DEVELOPERS GROUP*,40.85136032104492,-73.84854125976562
Bronx,2047118,11/19/2025,12/30/2024,21018226501AL07,AL,Issued,210182265,A1,,Y,PERMIT ISSUED - ENTIRE JOB/WORK,40592.0,30,6,2016800.0,1682 STILLWELL AVE  Bronx,4223,26,211,BILD ARCHITECTURE,40.85593032836914,-73.83883666992188
Bronx,2047520,1/21/2026,3/20/2025,22070569001AL06,AL,Issued,220705690,A1,Y,Y,PERMIT ISSUED - ENTIRE JOB/WORK,6127.0,2,2,467245.0,2860 E 195 ST  Bronx,4241,15,210,MEHDI GHAZI  PE. PC.,40.85300064086914,-73.83265686035156
Bronx,2047845,9/10/2026,9/12/2025,22042832001NB06,NB,Issued,220428320,NB,,,PERMIT ISSUED - PARTIAL JOB,31933.0,0,3,0.0,1912 AMETHYST STREET  Bronx,4254,11,211,PLATONIC SOLIDS ARCHITECTURE  PC,40.847679138183594,-73.86788177490234
Bronx,2047937,3/10/2026,3/4/2025,22070065901AL05,AL,Issued,220700659,A1,Y,Y,PERMIT ISSUED - ENTIRE JOB/WORK,20292.0,0,4,2200000.0,755 RHINELANDER AVENUE  Bronx,4260,1,211,JUNE DANIEL ARCHITECT PLLC,40.848079681396484,-73.86493682861328
Bronx,2047959,6/1/2026,5/30/2025,22070588701NB03,NB,Issued,220705887,NB,,,PERMIT ISSUED - PARTIAL JOB,12998.0,11,3,0.0,1953 WALLACE AVENUE  Bronx,4260,41,211,GINO LONGO ARCHITECT,40.84938049316406,-73.86504364013672
Bronx,2049730,2/20/2026,3/29/2025,20093389201AL17,AL,Issued,200933892,A1,Y,,PERMIT ISSUED - ENTIRE JOB/WORK,22373.0,0,2,900000.0,615 REISS PLACE  Bronx,4337,77,211,OKG CONSULTANTS,40.85845947265625,-73.87004852294922
BRONX,2051747,3/27/2026,4/10/2025,X08018215-S7-ST,Structural,Permit Issued,X08018215-S7,New Building,,,Permit Entire,5288.0,1,3,0.0,2466 WILLIAMSBRIDGE ROAD  BRONX,4449,73,211,KEYSTONE CONTRACTING CORP,40.86246871948242,-73.85746002197266
BRONX,2053521,1/1/2026,7/1/2025,X01193564-S3-PMM,Protection and Mechanical Methods,Permit Issued,X01193564-S3,Full Demolition,,,Permit Entire,9507.0,0,0,5000.0,1920 EAST GUN HILL ROAD  BRONX,4505,9,211,CELTIC SERVICES NYC INC,40.86191940307617,-73.83101654052734
BRONX,2054722,11/2/2025,10/20/2025,X01214816-S7-FO-EA,Foundation Earth Work,Permit Issued,X01214816-S7,New Building,,,Permit Entire,7616.77001953125,13,4,0.0,3030 BRONX PARK EAST  BRONX,4543,17,212,NEW LINE CONSTRUCTION LLC,40.87092971801758,-73.87029266357422
Bronx,2054725,5/7/2026,7/28/2025,22067632901NB08,NB,Issued,220676329,NB,,,PERMIT ISSUED - ENTIRE JOB/WORK,22744.0,25,8,0.0,3073 BARKER AVE  Bronx,4543,27,212,DOME ARCHITECTURE DESIGN AND ENG,40.871219635009766,-73.86962127685547
Bronx,2055284,4/29/2026,9/2/2025,21017994701NB03,NB,Issued,210179947,NB,,,PERMIT ISSUED - ENTIRE JOB/WORK,3638.0,3,3,0.0,2915 THROOP AVENUE  Bronx,4562,60,211,SALEH & ASSOCIATES,40.86817932128906,-73.85121154785156
Bronx,2055730,5/29/2026,5/29/2025,24029189401AL05,AL,Reissued,240291894,A1,,Y,PERMIT ISSUED - ENTIRE JOB/WORK,10073.0,22,5,2001705.0,3011 BRONXWOOD AVENUE  Bronx,4573,46,212,LESTER KATZ  NCARB,40.87007141113281,-73.86177062988281
BRONX,2057044,12/31/2025,8/12/2025,X00814130-S1-ST,Structural,Permit Issued,X00814130-S1,Alteration CO,,Yes,Permit Entire,64318.0,0,3,543474.375,801 BARTHOLDI STREET  BRONX,4633,11,212,BARONE MANAGEMENT LLC,40.874210357666016,-73.86245727539062
Bronx,2057320,2/24/2026,8/12/2025,21018058801AL07,AL,Issued,210180588,A1,Y,Y,PERMIT ISSUED - ENTIRE JOB/WORK,9472.0,15,4,1706000.0,3612 BRONX BOULEVARD  Bronx,4645,6,212,ADB ASSOCIATES,40.88037872314453,-73.86768341064453
BRONX,2057426,3/28/2026,7/29/2025,X00902721-Z2-SC,Suspended Scaffold,Permit Issued,X00902721-Z2,New Building,,,Permit Entire,99707.1328125,0,0,0.0,3663 WHITE PLAINS ROAD  BRONX,4647,66,212,CRISTINA MICHAELS CONS MN,40.880821228027344,-73.8653564453125
BRONX,2057670,3/22/2026,8/28/2025,X01201226-S7-SE,Support of Excavation,Permit Issued,X01201226-S7,New Building,,,Permit Entire,7531.68994140625,14,4,0.0,629 EAST  221 STREET  BRONX,4656,83,212,REVAMP NYC CORP,40.88597869873047,-73.86438751220703
Bronx,2057803,12/29/2025,1/28/2025,22072643601AL06,AL,Issued,220726436,A1,,Y,PERMIT ISSUED - ENTIRE JOB/WORK,13556.0,20,5,1084480.0,3602 HOLLAND AVENUE  Bronx,4661,40,212,CHUN ENGINEERING CONSULTANT PLLC,40.878849029541016,-73.86353302001953
Bronx,2057863,12/1/2025,12/18/2024,22070885701NB08,NB,Issued,220708857,NB,,,PERMIT ISSUED - ENTIRE JOB/WORK,13564.0,16,4,0.0,744 EAST 215 STREET  Bronx,4662,46,212,NODE ARCHITECTURE ENGINEERING,40.87989044189453,-73.86283874511719
BRONX,2057900,11/30/2025,9/15/2025,X00526416-S3-EW-SP,Sprinklers,Permit Issued,X00526416-S3,Alteration CO,Yes,Yes,Permit Entire,13337.0,29,4,1000.0,712 EAST  216 STREET  BRONX,4663,21,212,TARGET PIPING NY LLC,40.88093948364258,-73.86344146728516
BRONX,2057904,4/24/2026,10/3/2025,X01130512-I1-GC-CX,Structural General Construction Foundation,Permit Issued,X01130512-I1,New Building,,,Permit Entire,10941.580078125,15,4,0.0,732 EAST  216 STREET  BRONX,4663,31,212,KIRI CONSTRUCTION CORP,40.88084030151367,-73.86279296875
BRONX,2059742,11/14/2025,8/13/2025,X01223636-I1-GC-CX,Structural General Construction,Permit Issued,X01223636-I1,Alteration CO,,Yes,Permit Entire,2599.199951171875,2,3,324005.0,1148 EAST  211 STREET  BRONX,4705,60,212,EJ HOMES 45 LLC,40.874000549316406,-73.85355377197266
BRONX,2060169,11/16/2025,10/15/2025,X01183527-I1-GC-CX,Mechanical Systems Structural General Construction Foundation Earth Work,Permit Issued,X01183527-I1,New Building,,,Permit Entire,3563.0,3,3,0.0,1418 OAKLEY STREET  BRONX,4718,11,212,IVAN ROSA LLC,40.87923049926758,-73.85099792480469
BRONX,2061696,5/31/2026,9/25/2025,X01203311-I1-FD,Full Demolition,Permit Issued,X01203311-I1,Full Demolition,,,Permit Entire,3517.0,0,0,35000.0,3182 FISH AVENUE  BRONX,4759,59,212,PRECISION HOME DEV INC,40.87181091308594,-73.84738159179688
BRONX,2061804,10/30/2025,10/30/2024,X00855728-S4-SE,Support of Excavation,Permit Issued,X00855728-S4,New Building,,,Permit Entire,18151.0,20,5,0.0,1435 EAST GUN HILL ROAD  BRONX,4762,102,212,EXCEL WOOD HOLDINGS LLC,40.869510650634766,-73.84371948242188
BRONX,2062984,2/21/2026,6/4/2025,X00708456-I1-GC,General Construction,Permit Issued,X00708456-I1,New Building,,,Permit Entire,7568.669921875,10,4,1000.0,657 EAST  224 STREET  BRONX,4826,27,212,WALL TO WALL CONSTRUCTIO*,40.887779235839844,-73.86222076416016
BRONX,2063119,6/29/2026,9/26/2025,X08018468-S2-PL,Plumbing,Permit Issued,X08018468-S2,ALT-CO - New Building with Existing Elements to Remain,Yes,Yes,Permit Entire,2339.0,2,2,40000.0,636 EAST  228 STREET  BRONX,4830,44,212,L.L.G. PLBG & HTG INC,40.89043045043945,-73.86164855957031
BRONX,2063513,1/22/2026,1/22/2025,X08030756-I1-GC-CX,Structural General Construction Foundation,Permit Issued,X08030756-I1,New Building,,,Permit Entire,3241.669921875,2,2,2000000.0,731 EAST 227 STREET  BRONX,4841,32,212,ZEFI & CO. LLC,40.8890495300293,-73.85838317871094
BRONX,2065245,12/7/2025,6/18/2025,X00865452-I1-GC-CX,Structural General Construction Foundation,Permit Issued,X00865452-I1,Alteration CO,Yes,Yes,Permit Entire,4109.7998046875,2,3,400000.0,1010 EAST  231 STREET  BRONX,4877,48,212,RIGHT PRICE GENERAL CONST,40.888919830322266,-73.84911346435547
BRONX,2065682,12/26/2025,9/16/2025,X01245869-S1-FN,Construction Fence,Permit Issued,X01245869-S1,New Building,,,Permit Entire,8964.6201171875,15,4,0.0,1978 NEEDHAM AVENUE  BRONX,4894,23,212,BUILDERS GROUP USA INC,40.882240295410156,-73.83997344970703
BRONX,2066090,11/19/2025,9/9/2025,X00969090-S5-SE,Support of Excavation,Permit Issued,X00969090-S5,ALT-CO - New Building with Existing Elements to Remain,Yes,,Permit Entire,22912.0,22,2,466140.0,2101 NEEDHAM AVENUE  BRONX,4922,101,212,METRO BUILDERS GROUP LLC,40.8839111328125,-73.8357162475586
Bronx,2066496,4/1/2026,3/26/2025,22000959501AL17,AL,Issued,220009595,A1,Y,Y,PERMIT ISSUED - ENTIRE JOB/WORK,0.0,0,2,400000.0,1590 EAST 233 STREET  Bronx,4951,3,212,REX A HEUERMANN ARCHITECT PC,40.88874816894531,-73.8296127319336
BRONX,2066684,5/23/2026,5/23/2025,X01105828-I1-GC-CX,Structural General Construction Foundation,Permit Issued,X01105828-I1,Alteration CO,Yes,,Permit Entire,2795.0,2,2,395800.0,3919 MURDOCK AVENUE  BRONX,4957,57,212,26 BONIM LLC,40.889320373535156,-73.83975219726562
BRONX,2067881,3/1/2026,3/18/2025,X01168670-I1-GC,General Construction,Permit Issued,X01168670-I1,ALT-CO - New Building with Existing Elements to Remain,,,Permit Entire,96.0,1,1,5481.47998046875,4047 SETON AVENUE  BRONX,4987,58,212,TUFF SHED  INC.,40.892601013183594,-73.83814239501953
Bronx,2068238,11/16/2025,9/10/2025,24029099301NB05,NB,Issued,240290993,NB,,,PERMIT ISSUED - ENTIRE JOB/WORK,3347.0,3,3,0.0,713 EAST 235 STREET  Bronx,4999,46,212,PIROOZ ENGINEERING  P.C.,40.8949089050293,-73.85591888427734
Bronx,2071870,1/1/2026,5/29/2025,24027882801NB07,NB,Issued,240278828,NB,,,PERMIT ISSUED - ENTIRE JOB/WORK,56644.0,73,6,0.0,4750 WHITE PLAINS ROAD  Bronx,5113,31,212,MARIN ARCHITECTS  P.C,40.90475082397461,-73.84925079345703
Bronx,2072356,12/7/2025,12/19/2024,22066236101NB06,NB,Issued,220662361,NB,,,PERMIT ISSUED - ENTIRE JOB/WORK,116511.0,0,6,0.0,801 CO-OP CITY BLVD  Bronx,5141,280,210,NEWMAN DESIGN ARCHITECTS  PLLC.,40.87931823730469,-73.82906341552734
BRONX,2072942,11/4/2025,11/25/2024,X00978400-I1-GC,General Construction,Permit Issued,X00978400-I1,Alteration CO,Yes,Yes,Permit Issued,2050.0,1,2,0.0,3215 FAIRMOUNT AVENUE  BRONX,5325,3,210,ASSET EQUITY SOLUTIONS,40.83639144897461,-73.82060241699219
BRONX,2074535,11/16/2025,4/14/2025,X01115789-S3-GC-CX,Structural General Construction Foundation Earth Work,Permit Issued,X01115789-S3,New Building,,,Permit Entire,4125.0,2,2,0.0,2889 ROEBLING AVENUE  BRONX,5389,32,210,IVAN ROSA LLC,40.84300994873047,-73.833251953125
BRONX,2075936,4/24/2026,10/1/2025,X01072425-I1-GC,General Construction,Permit Issued,X01072425-I1,Alteration CO,,Yes,Permit Entire,3750.0,2,2,500000.0,1604 KENNELLWORTH PLACE  BRONX,5413,82,210,KIRI CONSTRUCTION CORP,40.846431732177734,-73.8218765258789
Bronx,2076329,4/10/2026,7/3/2025,20025429601AL04,AL,Issued,200254296,A1,,Y,PERMIT ISSUED - ENTIRE JOB/WORK,2943.0,2,2,240000.0,1648 BAYVIEW AVENUE  Bronx,5417,149,210,ROBERT PROFFITT ARCHITECT,40.84756088256836,-73.8170166015625
BRONX,2076428,11/16/2025,3/18/2025,X00932096-I1-GC,General Construction,Permit Issued,X00932096-I1,Alteration CO,Yes,,Permit Entire,2500.0,0,1,715001.25,3431A EAST TREMONT AVENUE  BRONX,5419,113,210,JCT DEVELOPMENT NY INC,40.83277130126953,-73.82760620117188
BRONX,2076571,11/4/2025,7/25/2025,X00847488-I1-GC,General Construction,Permit Issued,X00847488-I1,Alteration CO,Yes,Yes,Permit Entire,382.8599853515625,2,2,399730.0,947 EDISON AVENUE  BRONX,5423,87,210,ASSET EQUITY SOLUTIONS,40.83108139038086,-73.82498168945312
Bronx,2079225,12/20/2025,10/9/2025,20077846201AL02,AL,Issued,200778462,A1,Y,,PERMIT ISSUED - ENTIRE JOB/WORK,2975.0,1,2,8000.0,3260 GIEGERICH PLACE  Bronx,5527,34,210,NA,40.81562042236328,-73.80058288574219
BRONX,2079414,4/1/2026,4/1/2025,X01112161-S1-SE,Support of Excavation,Permit Issued,X01112161-S1,New Building,,,Permit Entire,6022.0,0,2,0.0,3546 EAST TREMONT AVENUE  BRONX,5531,103,210,HY DESIGN & DEVELOPMENT L,40.83002853393555,-73.82608032226562
Bronx,2081548,8/18/2026,8/5/2025,22023591101NB12,NB,Issued,220235911,NB,,,PERMIT ISSUED - ENTIRE JOB/WORK,2535.0,2,2,0.0,241 ROBINSON AVENUE  Bronx,5600,70,210,GAETANO SERPICO  R.A.,40.81406021118164,-73.82615661621094
BRONX,2082131,12/26/2025,9/22/2025,X08006627-S2-PL,Plumbing,Permit Issued,X08006627-S2,Alteration CO,Yes,,Permit Entire,3501.0,2,2,19600.0,35 HAWKINS STREET  BRONX,5629,52,210,NATIONWIDE MECHANICAL INC,40.846038818359375,-73.78938293457031
BRONX,2083204,5/26/2026,10/1/2025,X01038411-S6-SE,Support of Excavation,Permit Issued,X01038411-S6,New Building,,,Permit Entire,7384.759765625,8,4,0.0,3021 CORLEAR AVENUE  BRONX,5711,44,208,HORIZON CONSTRUCTION INC,40.87968063354492,-73.90868377685547
BRONX,2083539,11/12/2025,5/27/2025,X00961593-I1-GC-CX,Structural General Construction,Permit Issued,X00961593-I1,ALT-CO - New Building with Existing Elements to Remain,,Yes,Permit Entire,4066.0,1,2,1721000.0,3040 SCENIC PLACE  BRONX,5752,210,208,KEY CONSTRUCTION PARTNER,40.88483810424805,-73.9207763671875
Bronx,2084475,2/14/2026,2/13/2025,22015254501AL05,AL,Issued,220152545,A1,,Y,PERMIT ISSUED - PARTIAL JOB,2892.0,1,2,473500.0,4637 GROSVENOR AVENUE  Bronx,5822,2750,208,BMG DESIGN BUILD LLC,40.89503860473633,-73.9063491821289
Bronx,2084721,3/13/2026,3/22/2025,21017956301AL03,AL,Issued,210179563,A1,Y,Y,PERMIT ISSUED - ENTIRE JOB/WORK,2900.0,3,3,486000.0,5455 SYLVAN AVE  Bronx,5844,1927,208,RIKE TECH LLC,40.902889251708984,-73.89878845214844
Bronx,2086311,3/28/2026,3/20/2025,22064838801AL07,AL,Issued,220648388,A1,Y,,PERMIT ISSUED - ENTIRE JOB/WORK,21202.0,0,2,1500000.0,5701 ARLINGTON AVENUE  Bronx,5952,96,208,NAIZTAT+HAM ARCHITECTS,40.907318115234375,-73.90731048583984
BRONX,2087602,2/12/2026,9/11/2025,X01079451-I1-FD,Full Demolition,Permit Issued,X01079451-I1,Full Demolition,,,Permit Entire,4500.0,0,0,30000.0,6031 HUXLEY AVENUE  BRONX,5875,892,208,YAFE MEOD CORP,40.90837097167969,-73.89849853515625
BRONX,2088571,12/4/2025,12/4/2024,X00890608-S1-SE,Support of Excavation,Permit Issued,X00890608-S1,New Building,,,Permit Entire,21513.0,0,1,0.0,2801 BOSTON ROAD  BRONX,4515,22,211,CONSULTING REMODLING INC,40.867279052734375,-73.86076354980469
BRONX,2090433,12/14/2025,3/17/2025,X00947868-S1-GC-CX,Structural General Construction Foundation,Permit Issued,X00947868-S1,Alteration CO,Yes,,Permit Entire,12094.0,74,7,50069.16015625,1075 HALL PLACE  BRONX,2691,92,202,H BUILDERS NYC LLC,40.82558822631836,-73.89781188964844
Bronx,2091247,6/14/2026,8/6/2025,22070788501NB02,NB,Issued,220707885,NB,,,PERMIT ISSUED - ENTIRE JOB/WORK,11591.0,13,4,0.0,1256 SHAKESPEARE AVENUE  Bronx,2506,81,204,ANTHONY CUCICH R.A.,40.83850860595703,-73.92272186279297
Bronx,2092338,11/3/2025,12/30/2024,22070978501NB06,NB,Issued,220709785,NB,,,PERMIT ISSUED - ENTIRE JOB/WORK,25526.0,34,8,0.0,773 E 183 STREET  Bronx,3114,41,206,FRED GEREMIA ARCHITECTS & PLANNE,40.85169982910156,-73.88313293457031
BRONX,2093989,1/1/2026,3/18/2025,X01116167-S1-PMM,Protection and Mechanical Methods,Permit Issued,X01116167-S1,Full Demolition,,,Permit Entire,7500.0,0,0,10000.0,800 EAST  136 STREET  BRONX,2587,11,201,KLG CONTRACTING INC,40.80244064331055,-73.91169738769531
Bronx,2094698,5/30/2026,8/21/2025,22051812501AL10,AL,Issued,220518125,A1,Y,,PERMIT ISSUED - ENTIRE JOB/WORK,133307.0,0,6,4832800.0,3422 CANNON PLACE  Bronx,3258,162,208,JOHN W. BAUMGARTEN ARCHITECT  P.,40.880401611328125,-73.89817810058594
Bronx,2094891,8/17/2026,9/30/2025,22072667701AL07,AL,Issued,220726677,A1,Y,,PERMIT ISSUED - ENTIRE JOB/WORK,27209.0,0,1,1610280.0,1155 COMMERCE AVENUE  Bronx,3840,23,209,CASEWORKS ARCHITECT  PLLC,40.83271026611328,-73.84306335449219
BRONX,2094915,5/8/2026,7/23/2025,X01025832-I1-FD,Full Demolition,Permit Issued,X01025832-I1,Full Demolition,,,Permit Entire,11950.0,0,0,170000.0,1769 EAST  172 STREET  BRONX,3875,1,209,PAUL TOTH EXCAVATION INC,40.83298873901367,-73.8680419921875
BRONX,2094953,11/2/2025,7/7/2025,X00693446-I1-GC,General Construction,Permit Issued,X00693446-I1,New Building,,,Permit Entire,61256.05859375,79,7,6750000.0,1039 EAST GUN HILL ROAD  BRONX,4693,8,212,NEW LINE CONSTRUCTION LLC,40.874488830566406,-73.85635375976562
BRONX,2095049,11/14/2025,9/8/2025,X01179849-S2-EW-SP,Sprinklers,Permit Issued,X01179849-S2,Full Demolition,,,Permit Entire,1986.0,0,0,8000.0,3006 WILLIAMSBRIDGE ROAD  BRONX,4549,19,211,PRIME PIPING & HEATING IN,40.868900299072266,-73.86405944824219
Bronx,2095095,7/16/2026,6/5/2025,21007656701AL18,AL,Issued,210076567,A1,Y,Y,PERMIT ISSUED - ENTIRE JOB/WORK,0.0,0,1,2643062.0,3020 EASTCHESTER RD  Bronx,4766,41,212,ERROL MCINTOSH  PC,40.870079040527344,-73.84258270263672
BRONX,2097087,11/8/2025,11/8/2024,X08035066-S8-ST,Structural,Permit Issued,X08035066-S8,New Building,,,Permit Entire,68501.9375,0,5,0.0,647 ELTON AVENUE  BRONX,2374,86,201,BRISA BUILDERS CORP,40.818321228027344,-73.91519165039062
BRONX,2097518,12/17/2025,4/17/2025,X00840278-I1-GC-CX,General Construction Foundation,Permit Issued,X00840278-I1,New Building,,,Permit Entire,1431.0,0,1,0.0,29 GLENZ ESTATE  BRONX,3456,2,209,TRIUMPH CONSTRUCTION CORP,40.809749603271484,-73.8548812866211
Bronx,2101319,5/1/2026,5/1/2025,22048892401AL09,AL,Issued,220488924,A1,Y,Y,PERMIT ISSUED - ENTIRE JOB/WORK,0.0,0,2,6000000.0,155 FOOD CENTER DRIVE  Bronx,2781,500,202,THE STUDIO ACHITECTS LLC,40.8088493347168,-73.87551879882812
Bronx,2102077,5/20/2026,10/20/2025,22069971401NB01,NB,Issued,220699714,NB,,,PERMIT ISSUED - ENTIRE JOB/WORK,323.0,0,1,0.0,2924 TENBROECK AVENUE  Bronx,4561,21,211,PETER KLEIN ASSOCIATES,40.8685188293457,-73.85250854492188
BRONX,2109922,7/27/2026,8/19/2025,X01203166-I1-FD,Full Demolition,Permit Issued,X01203166-I1,Full Demolition,,,Permit Entire,1977.0,0,0,40000.0,2276 ARTHUR AVENUE  BRONX,3071,8,206,DURGAJ PROPERTIES CORP,40.85240173339844,-73.88957214355469
Bronx,2112805,4/1/2026,4/8/2025,22070008901AL03,AL,Issued,220700089,A1,Y,Y,PERMIT ISSUED - ENTIRE JOB/WORK,14410.0,0,2,2000000.0,4495 VAN CORTLANDT PARK EAST  Bronx,5900,50,226,LEROY STREET STUDIO ARCHITECTURE,40.90113830566406,-73.87503051757812
Bronx,2112996,12/31/2025,7/24/2025,22001634601NB10,NB,Issued,220016346,NB,,,PERMIT ISSUED - ENTIRE JOB/WORK,12757.0,0,1,0.0,3651 JEROME AVENUE  Bronx,5900,1,226,GRIMSHAW,40.893310546875,-73.8847885131836
Bronx,2113920,2/12/2026,3/4/2025,20092634701NB04,NB,Issued,200926347,NB,,,PERMIT ISSUED - ENTIRE JOB/WORK,3900.0,3,3,0.0,381 EAST  153 STREET  Bronx,2400,31,201,ROOTED ARCHITECTURE STUDIO PLC,40.819271087646484,-73.91718292236328
Bronx,2115801,4/1/2026,5/21/2025,20120327801NB05,NB,Issued,201203278,NB,,,PERMIT ISSUED - ENTIRE JOB/WORK,85995.0,0,4,0.0,639 ST. ANNS AVENUE  Bronx,2359,100,201,NYC SCHOOL CONSTRUCTION AUTH.,40.81697082519531,-73.91204071044922
BRONX,2115829,12/30/2025,9/2/2025,X01200557-I1-FD,Full Demolition,Permit Issued,X01200557-I1,Full Demolition,,,Permit Entire,1225.0,0,0,30000.0,573 EAST  141 STREET  BRONX,2556,54,201,STAR COMPANIESS LLC,40.80868148803711,-73.91555786132812
Bronx,2116088,11/16/2025,9/10/2025,24029102801NB04,NB,Issued,240291028,NB,,,PERMIT ISSUED - ENTIRE JOB/WORK,3353.0,3,3,0.0,719 EAST 235 STREET  Bronx,4999,43,212,PIROOZ ENGINEERING  P.C.,40.89479064941406,-73.85572052001953
Bronx,2116329,7/30/2026,7/30/2025,22042566201AL01,AL,Issued,220425662,A1,Y,,PERMIT ISSUED - ENTIRE JOB/WORK,0.0,0,2,445.0,3928 EAST TREMONT AVE.  Bronx,5576,23,210,MICHAEL DEPASQUALE  ARCHITECT,40.821380615234375,-73.81900024414062
BRONX,2117874,12/13/2025,5/20/2025,X00917673-I1-FD,Full Demolition,Permit Issued,X00917673-I1,Full Demolition,,,Permit Entire,650.0,0,0,10000.0,1879 GAR HARRISON AVENUE  BRONX,2868,175,205,PRIME CONSTRUCTION USA,40.85234069824219,-73.91227722167969
BRONX,2121222,4/22/2026,4/22/2025,X01160246-I1-FD,Full Demolition,Permit Issued,X01160246-I1,Full Demolition,,,Permit Entire,1600.0,0,0,20000.0,707REAR EAST  215 STREET  BRONX,4663,92,212,R & A REMODELING LLC,40.88066864013672,-73.86396026611328
Bronx,2123153,2/10/2026,2/10/2025,20120409901NB06,NB,Issued,201204099,NB,,,PERMIT ISSUED - ENTIRE JOB/WORK,58441.0,0,4,0.0,4200 GRACE AVENUE  Bronx,5018,1,212,RKT&B ARCHITECTS,40.89575958251953,-73.84619140625
Bronx,2124434,4/25/2026,4/25/2025,22034084201NB13,NB,Reissued,220340842,NB,,,PERMIT ISSUED - ENTIRE JOB/WORK,17503.0,0,3,0.0,1 BOWNE STREET  Bronx,5634,33,210,EDWARD WEINSTEIN ARCHITECTURE,40.850311279296875,-73.78990173339844
BRONX,2124706,8/17/2026,10/20/2025,X01220200-S1-SE,Support of Excavation,Permit Issued,X01220200-S1,New Building,,,Permit Entire,4512.669921875,5,3,0.0,427 BOLTON AVENUE  BRONX,3499,67,209,ZEFI & CO. LLC,40.81420135498047,-73.85774993896484
Bronx,2125256,8/16/2026,9/11/2025,21006976201NB05,NB,Issued,210069762,NB,,,PERMIT ISSUED - ENTIRE JOB/WORK,5376.0,3,3,0.0,190 WEST 239TH. STREET  Bronx,3271,218,208,ARCHITECTURAL SOLUTIONS,40.88554000854492,-73.89955139160156
Bronx,2125587,5/15/2026,8/7/2025,20106647001NB04,NB,Issued,201066470,NB,,,PERMIT ISSUED - ENTIRE JOB/WORK,2250.0,1,2,0.0,2111 QUIMBY AVENUE  Bronx,3688,79,209,PJF ASSOCIATES  INC,40.8260498046875,-73.85231018066406
Bronx,2127265,6/20/2026,6/25/2025,24027777601NB05,NB,Issued,240277776,NB,,,PERMIT ISSUED - ENTIRE JOB/WORK,6439.0,8,4,0.0,3036 BARNES AVE  Bronx,4572,125,212,BADALY ARCHITECT PLLC,40.870121002197266,-73.86335754394531
Bronx,2127266,6/20/2026,6/25/2025,24027779401NB05,NB,Issued,240277794,NB,,,PERMIT ISSUED - ENTIRE JOB/WORK,7894.0,10,4,0.0,3034 BARNES AVE  Bronx,4572,25,212,BADALY ARCHITECT PLLC,40.87010955810547,-73.86335754394531
Bronx,2127324,1/10/2026,10/9/2025,21018076601NB02,NB,Issued,210180766,NB,,,PERMIT ISSUED - ENTIRE JOB/WORK,262737.0,254,26,0.0,671 BROOK AVENUE  Bronx,2361,50,201,MHG ARCHITECTS  P.C.,40.81768035888672,-73.91374969482422
Bronx,2127330,4/1/2026,9/3/2025,22015215301NB10,NB,Issued,220152153,NB,,,PERMIT ISSUED - PARTIAL JOB,10886.0,0,2,0.0,740 EAST 137TH STREET  Bronx,2565,50,201,CHRIS BENEDICT  R.A.,40.80379104614258,-73.91239166259766
Bronx,2127886,8/15/2026,9/11/2025,22054754901NB03,NB,Issued,220547549,NB,,,PERMIT ISSUED - ENTIRE JOB/WORK,4779.0,2,2,0.0,3238 SCHLEY AVENUE  Bronx,5490,110,210,GINO LONGO ARCHITECT,40.82719039916992,-73.8133316040039
Bronx,2128343,4/1/2026,4/1/2025,20120411501NB04,NB,Issued,201204115,NB,,,PERMIT ISSUED - ENTIRE JOB/WORK,67072.0,0,5,0.0,1302 EDWARD L GRANT HIGHWAY  Bronx,2871,61,204,SBLM ARCHITECTS,40.838619232177734,-73.92133331298828
Bronx,2128370,11/22/2025,4/4/2025,22063345601NB08,NB,Issued,220633456,NB,,,PERMIT ISSUED - ENTIRE JOB/WORK,4055.0,2,2,0.0,335 WEST 259 STREET  Bronx,5867,428,208,GINO LONGO ARCHITECT,40.90692138671875,-73.90013885498047
Bronx,2128388,8/15/2026,9/11/2025,22054784301NB03,NB,Issued,220547843,NB,,,PERMIT ISSUED - ENTIRE JOB/WORK,4426.0,2,3,0.0,580 CLARENCE AVENUE  Bronx,5490,111,210,GINO LONGO ARCHITECT,40.82767105102539,-73.8128662109375
BRONX,2128676,11/1/2025,11/1/2024,X00735128-Z1-EW-SD,Standpipe,Permit Issued,X00735128-Z1,New Building,,,Permit Entire,88045.0,110,13,1000.0,1985 JEROME AVENUE  BRONX,2863,50,205,LEMODE PLUMBING & HEATING,40.85268020629883,-73.90882110595703
Bronx,2128791,2/25/2026,2/25/2025,20119731001NB12,NB,Issued,201197310,NB,,,PERMIT ISSUED - ENTIRE JOB/WORK,49421.0,0,4,0.0,311 EAST 237TH STREET  Bronx,3386,1,212,RKT&B ARCHITECTS,40.899349212646484,-73.86695098876953
BRONX,2128798,5/1/2026,10/7/2025,X01030646-I1-GC-CX,Structural General Construction Foundation,Permit Issued,X01030646-I1,Alteration CO,Yes,Yes,Permit Entire,1686.9000244140625,1,2,162733.984375,617 MINNIEFORD AVENUE  BRONX,5636,75,210,ALL VISION ENTERPRISES LL,40.85517883300781,-73.79042053222656
BRONX,2128895,8/14/2026,10/1/2025,X00959019-I1-GC-CX,Structural General Construction Foundation,Permit Issued,X00959019-I1,New Building,,,Permit Issued,2219.0,2,3,0.0,1869 PATTERSON AVENUE  BRONX,3498,5,209,ZEFI & CO. LLC,40.81346893310547,-73.85877990722656
Bronx,2129057,9/10/2026,9/10/2025,22047321701NB09,NB,Issued,220473217,NB,,,PERMIT ISSUED - ENTIRE JOB/WORK,80815.0,93,8,0.0,3109 BUHRE AVENUE  Bronx,4197,32,210,NIKOLAI KATZ ARCHITECT,40.84836959838867,-73.8293685913086
Bronx,2129081,8/15/2026,9/2/2025,22072791601NB07,NB,Issued,220727916,NB,,,PERMIT ISSUED - ENTIRE JOB/WORK,4536.0,3,3,0.0,2484 HOFFMAN STREET  Bronx,3067,37,206,FREDA DESIGN ARCHITECT  PLLC,40.85784912109375,-73.88648986816406
Bronx,2129082,8/15/2026,9/2/2025,22072792501NB06,NB,Issued,220727925,NB,,,PERMIT ISSUED - ENTIRE JOB/WORK,4515.0,3,3,0.0,2486 HOFFMAN STREET  Bronx,3067,38,206,FREDA DESIGN ARCHITECT  PLLC,40.85795974731445,-73.8867416381836
Bronx,2129083,8/15/2026,9/2/2025,22072793401NB05,NB,Issued,220727934,NB,,,PERMIT ISSUED - ENTIRE JOB/WORK,4890.0,3,3,0.0,2488 HOFFMAN STREET  Bronx,3067,39,206,FREDA DESIGN ARCHITECT  PLLC,40.857948303222656,-73.88639831542969
Bronx,2129084,8/15/2026,9/2/2025,22072797001NB06,NB,Issued,220727970,NB,,,PERMIT ISSUED - ENTIRE JOB/WORK,4504.0,3,3,0.0,2490 HOFFMAN STREET  Bronx,3067,40,206,FREDA DESIGN ARCHITECT  PLLC,40.85805892944336,-73.88630676269531
Bronx,2129085,8/15/2026,9/2/2025,22072798901NB06,NB,Issued,220727989,NB,,,PERMIT ISSUED - ENTIRE JOB/WORK,4430.0,3,3,0.0,2492 HOFFMAN STREET  Bronx,3067,41,206,FREDA DESIGN ARCHITECT  PLLC,40.85805130004883,-73.88667297363281
Bronx,2129145,1/8/2026,1/7/2025,22015290101NB03,NB,Issued,220152901,NB,,,PERMIT ISSUED - ENTIRE JOB/WORK,15759.0,34,8,0.0,947 COLLEGE AVENUE  Bronx,2423,38,204,SION CONSULTING ENGINEERING P.C.,40.82746124267578,-73.91618347167969
Bronx,2129160,4/1/2026,8/27/2025,22064046601NB15,NB,Issued,220640466,NB,,,PERMIT ISSUED - ENTIRE JOB/WORK,19574.0,17,8,0.0,1230 PROSPECT AVENUE  Bronx,2693,22,202,P GEORGOPOULOS ARCHITECT PC,40.82740020751953,-73.89810943603516
Bronx,2129193,4/1/2026,4/8/2025,20119864901NB06,NB,Issued,201198649,NB,,,PERMIT ISSUED - ENTIRE JOB/WORK,47797.0,0,4,0.0,2751 JEROME AVENUE  Bronx,3247,170,207,PKSB ARCHITECTS,40.86996841430664,-73.89701843261719
Bronx,2129251,2/7/2026,4/28/2025,21017820701NB07,NB,Issued,210178207,NB,,,PERMIT ISSUED - ENTIRE JOB/WORK,5471.0,2,3,0.0,2071 BOGART AVENUE  Bronx,4298,46,211,S & S ARCHITECTURAL DESIGN. LLC,40.853431701660156,-73.86129760742188
Bronx,2129342,4/25/2026,4/25/2025,21018089101NB09,NB,Issued,210180891,NB,,,PERMIT ISSUED - ENTIRE JOB/WORK,96502.0,118,9,0.0,1746 ANDREWS AVE SO  Bronx,2878,183,205,MAYRICH CONSTRACTION CORP,40.85028076171875,-73.91694641113281
Bronx,2129376,5/1/2026,5/1/2025,22067188701NB05,NB,Issued,220671887,NB,,,PERMIT ISSUED - ENTIRE JOB/WORK,10466.0,24,8,0.0,358 EAST 134 STREET  Bronx,2296,116,201,NIKOLAI KATZ ARCHITECT,40.80685043334961,-73.9260482788086
Bronx,2129480,9/2/2026,9/2/2025,21017953601NB03,NB,Issued,210179536,NB,,,PERMIT ISSUED - ENTIRE JOB/WORK,3626.0,2,3,0.0,1157 ARNOW AVENUE  Bronx,4560,5,211,SALEH & ASSOCIATES,40.867889404296875,-73.8533706665039
Bronx,2129483,6/29/2026,6/23/2025,21017954501NB08,NB,Issued,210179545,NB,,,PERMIT ISSUED - ENTIRE JOB/WORK,45667.0,36,12,0.0,2680 MORRIS AVENUE  Bronx,3316,11,207,ALNOUR CONSULTING ENGINEERING PC,40.8673095703125,-73.89572143554688
BRONX,2129590,1/22/2026,1/22/2025,X00975648-S6-EW-SD,Standpipe,Permit Issued,X00975648-S6,New Building,,,Permit Entire,411767.0,260,12,0.0,5921 PALISADE AVENUE  BRONX,5933,225,208,ASPRO PLUMBING INC,40.90991973876953,-73.91002655029297
Bronx,2129620,4/2/2026,5/27/2025,22058344701NB08,NB,Issued,220583447,NB,,,PERMIT ISSUED - ENTIRE JOB/WORK,6298.0,8,4,0.0,1406 CROTONA PARK EAST  Bronx,2938,4,203,CB ENGINEERING PC,40.8343505859375,-73.89642333984375
Bronx,2129646,12/23/2025,1/2/2025,21017977801NB08,NB,Issued,210179778,NB,,,PERMIT ISSUED - ENTIRE JOB/WORK,7157.0,8,4,0.0,2233 BATHGATE AVE  Bronx,3050,88,206,L & C  ASSOCIATES,40.853511810302734,-73.89317321777344
BRONX,2129692,11/16/2025,9/22/2025,X00554167-I1-ST,Structural,Permit Issued,X00554167-I1,New Building,,,Permit Entire,10014.3896484375,11,5,2500000.0,1081 ANDERSON AVENUE  BRONX,2509,22,204,DEDAJ CONSTRUCTION CORP,40.8343391418457,-73.92581939697266
Bronx,2129719,5/9/2026,5/9/2025,21018136401NB07,NB,Issued,210181364,NB,,,PERMIT ISSUED - ENTIRE JOB/WORK,76387.0,116,11,0.0,3095 WEBSTER AVENUE  Bronx,3331,53,207,OCV ARCHITECTS,40.871089935302734,-73.87753295898438
BRONX,2129721,2/16/2026,4/17/2025,X00629381-S4-EW-SP,Sprinklers,Permit Issued,X00629381-S4,New Building,,,Permit Entire,89935.0,0,6,1000.0,263 EAST  203 STREET  BRONX,3309,99,207,DC BUILDING SERVICES INC,40.873661041259766,-73.88432312011719
Bronx,2130348,4/29/2026,9/2/2025,21017984901NB04,NB,Issued,210179849,NB,,,PERMIT ISSUED - ENTIRE JOB/WORK,4573.0,3,3,0.0,2565 EASTCHESTER ROAD  Bronx,4480,56,211,SALEH & ASSOCIATES,40.8644905090332,-73.84339141845703
Bronx,2130353,9/19/2026,9/16/2025,21018046301NB09,NB,Issued,210180463,NB,,,PERMIT ISSUED - ENTIRE JOB/WORK,61524.0,0,2,0.0,298 HALLECK STREET  Bronx,2781,300,202,BLD ARCHITECTURE  DPC,40.80625915527344,-73.87423706054688
Bronx,2130359,4/29/2026,9/2/2025,21017995601NB05,NB,Issued,210179956,NB,,,PERMIT ISSUED - ENTIRE JOB/WORK,3638.0,3,3,0.0,2917 THROOP AVENUE  Bronx,4562,58,211,SALEH & ASSOCIATES,40.86806869506836,-73.85093688964844
Bronx,2130361,2/28/2026,2/28/2025,21017924201NB07,NB,Issued,210179242,NB,,,PERMIT ISSUED - ENTIRE JOB/WORK,151067.0,153,11,0.0,656 EAST 176TH STREET  Bronx,2945,34,206,DANOIS ARCHITECTS  PC,40.84387969970703,-73.89306640625
Bronx,2130371,11/3/2025,10/16/2025,21017892001NB03,NB,Issued,210178920,NB,,,PERMIT ISSUED - PARTIAL JOB,111780.0,122,8,0.0,2111 WHITE PLAINS ROAD  Bronx,4286,40,211,ORLI ESHKAR ARCHITECT PLLC,40.85390090942383,-73.86808776855469
Bronx,2130373,6/16/2026,6/16/2025,21018048101NB06,NB,Issued,210180481,NB,,,PERMIT ISSUED - ENTIRE JOB/WORK,44845.0,110,16,0.0,869 CONCOURSE VILLAGE WEST  Bronx,2459,49,204,M.S. SAVANI ARCHITECT  PC,40.82619094848633,-73.92163848876953
Bronx,2130439,4/8/2026,4/21/2025,21018012301NB05,NB,Issued,210180123,NB,,,PERMIT ISSUED - ENTIRE JOB/WORK,33047.0,23,6,0.0,784 COURTLANDT AVENUE  Bronx,2404,1,201,OCV ARCHITECTS,40.82225036621094,-73.91657257080078
Bronx,2130442,2/18/2026,4/8/2025,21018029401NB03,NB,Issued,210180294,NB,,,PERMIT ISSUED - ENTIRE JOB/WORK,268366.0,251,11,0.0,714 EAST 241 STREET  Bronx,5087,1,212,AUFGANG ARCHITECTS,40.90288162231445,-73.85014343261719
Bronx,2130472,3/27/2026,3/27/2025,20120429501NB03,NB,Issued,201204295,NB,,,PERMIT ISSUED - ENTIRE JOB/WORK,4746.0,0,1,0.0,776 EAST GUN HILL ROAD  Bronx,4632,50,212,NYC SCA,40.87548065185547,-73.86300659179688
Bronx,2130474,3/25/2026,3/25/2025,20120439301NB05,NB,Issued,201204393,NB,,,PERMIT ISSUED - ENTIRE JOB/WORK,54208.0,0,4,0.0,1964 YATES AVENUE  Bronx,4275,1,211,EDELMAN SULTAN KNOX WOOD / ARCHI,40.8542594909668,-73.85273742675781
Bronx,2130501,11/16/2025,9/10/2025,24029101901NB04,NB,Issued,240291019,NB,,,PERMIT ISSUED - ENTIRE JOB/WORK,3180.0,3,3,0.0,717 EAST 235 STREET  Bronx,4999,44,212,PIROOZ ENGINEERING  P.C.,40.894859313964844,-73.85578155517578
Bronx,2130502,11/16/2025,9/10/2025,24029100001NB05,NB,Issued,240291000,NB,,,PERMIT ISSUED - ENTIRE JOB/WORK,3360.0,3,3,0.0,715 EAST 235 STREET  Bronx,4999,45,212,PIROOZ ENGINEERING  P.C.,40.89488983154297,-73.85585021972656
Bronx,2130506,7/31/2026,7/2/2025,21018225601NB03,NB,Issued,210182256,NB,,,PERMIT ISSUED - ENTIRE JOB/WORK,234903.0,224,14,0.0,1225 SPOFFORD AVE  Bronx,2738,2,202,WXY ARCHITECTURE + URBAN DESIGN,40.81475830078125,-73.88992309570312
Bronx,2130516,7/1/2026,9/3/2025,22069855501NB08,NB,Issued,220698555,NB,,,PERMIT ISSUED - PARTIAL JOB,39779.0,35,8,0.0,1745 WEST FARMS ROAD  Bronx,3015,25,203,ENV ARCHITECTS  DPC,40.8354606628418,-73.88275146484375
Bronx,2130518,6/29/2026,9/30/2025,22015210801NB10,NB,Issued,220152108,NB,,,PERMIT ISSUED - ENTIRE JOB/WORK,5818.0,7,4,0.0,3019 CORLEAR AVENUE  Bronx,5711,45,208,CHI F. LAU ARCHITECT  P.C,40.87963104248047,-73.90873718261719
Bronx,2130543,12/17/2025,12/6/2024,24029991201NB03,NB,Issued,240299912,NB,,,PERMIT ISSUED - ENTIRE JOB/WORK,3178.0,2,3,0.0,2518 BOUCK AVENUE  Bronx,4468,15,211,TABILLAMA,40.86336898803711,-73.85012817382812
Bronx,2130559,3/11/2026,3/11/2025,20120441901NB08,NB,Issued,201204419,NB,,,PERMIT ISSUED - ENTIRE JOB/WORK,72291.0,0,6,0.0,2347 MORRIS AVENUE  Bronx,3183,26,205,GRAN KRIEGEL ASSOCIATES,40.859519958496094,-73.90157318115234
Bronx,2130560,5/29/2026,5/29/2025,22070884801NB02,NB,Issued,220708848,NB,,,PERMIT ISSUED - ENTIRE JOB/WORK,71428.0,53,9,0.0,1731 WEST FARMS ROAD  Bronx,3015,31,203,BADALY ARCHITECT PLLC,40.83509826660156,-73.88301086425781
Bronx,2130564,8/31/2026,9/3/2025,21018146201NB06,NB,Issued,210181462,NB,,,PERMIT ISSUED - ENTIRE JOB/WORK,11471.0,24,6,0.0,369 EAST 159TH STREET  Bronx,2406,34,203,JORGE MASTROPIETRO ARCHITECTS,40.82345962524414,-73.91545104980469
Bronx,2130566,12/23/2025,4/2/2025,21017919901NB08,NB,Issued,210179199,NB,,,PERMIT ISSUED - ENTIRE JOB/WORK,7266.0,8,4,0.0,1340 PROSPECT AVE  Bronx,2970,12,203,L & C  ASSOCIATES,40.82957077026367,-73.89713287353516
Bronx,2130578,8/31/2026,9/3/2025,21018144401NB08,NB,Issued,210181444,NB,,,PERMIT ISSUED - ENTIRE JOB/WORK,11512.0,12,6,0.0,382 EAST 159TH STREET  Bronx,2405,18,201,JORGE MASTROPIETRO ARCHITECTS AT,40.82291030883789,-73.91512298583984
Bronx,2130579,8/18/2026,8/5/2025,22070786701NB02,NB,Issued,220707867,NB,,,PERMIT ISSUED - ENTIRE JOB/WORK,8206.0,10,4,0.0,1761 TOPPING AVENUE  Bronx,2798,46,205,PWRAE,40.84577941894531,-73.90593719482422
Bronx,2130580,2/27/2026,7/7/2025,21017917101NB08,NB,Issued,210179171,NB,,,PERMIT ISSUED - ENTIRE JOB/WORK,7984.0,17,4,0.0,2030 MORRIS AVE  Bronx,2807,47,205,AM ARCHITECTURE PLLC,40.85245895385742,-73.90589141845703
Bronx,2130592,4/29/2026,9/2/2025,21017972301NB03,NB,Issued,210179723,NB,,,PERMIT ISSUED - PARTIAL JOB,4573.0,3,3,0.0,2567 EASTCHESTER ROAD  Bronx,4480,55,211,SALEH & ASSOCIATES,40.86473083496094,-73.84371948242188
Bronx,2130596,6/1/2026,6/3/2025,24029234901NB05,NB,Issued,240292349,NB,,,PERMIT ISSUED - ENTIRE JOB/WORK,30112.0,22,7,0.0,6201 BROADWAY  Bronx,5825,1576,208,KR DESIGN GROUP LLC,40.89591979980469,-73.89708709716797
Bronx,2130598,7/31/2026,7/2/2025,21018215801NB04,NB,Issued,210182158,NB,,,PERMIT ISSUED - ENTIRE JOB/WORK,196874.0,135,16,0.0,1221 SPOFFORD AVENUE  Bronx,2738,35,202,WXY ARCHITECTURE + URBAN DESIGN,40.813880920410156,-73.89061737060547
BRONX,2130604,4/2/2026,4/2/2025,X00521651-S1-FN,Construction Fence,Permit Issued,X00521651-S1,New Building,,,Permit Entire,22680.0,55,4,10000.0,769 EAST  232 STREET  BRONX,4846,85,212,MBG VENTURES LLC,40.892120361328125,-73.85501861572266
BRONX,2130608,3/13/2026,5/7/2025,X00657118-S1-GC-CX,Structural General Construction Foundation,Permit Issued,X00657118-S1,New Building,,,Permit Entire,3829.0,1,3,1000.0,3133 NETHERLAND AVENUE  BRONX,5740,331,208,OOR DESIGN LLC,40.88343811035156,-73.91207122802734
Bronx,2130621,11/3/2025,10/16/2025,22068268801NB03,NB,Issued,220682688,NB,,,PERMIT ISSUED - ENTIRE JOB/WORK,68279.0,69,9,0.0,1916 LONGFELLOW AVE  Bronx,3016,33,206,BECALL ENGINEERING SERVICES INC,40.83917999267578,-73.88165283203125
Bronx,2130622,4/25/2026,4/25/2025,21018230901NB03,NB,Issued,210182309,NB,,,PERMIT ISSUED - ENTIRE JOB/WORK,90941.0,105,9,0.0,97 WEST 169 STREET  Bronx,2519,27,204,SHAKESPEARE  GORDON  VLADO: ARCH,40.83953857421875,-73.92317962646484
Bronx,2130625,2/17/2026,9/5/2025,24029153601NB02,NB,Issued,240291536,NB,,,PERMIT ISSUED - ENTIRE JOB/WORK,2400.0,0,2,0.0,240 DRAKE STREET  Bronx,2777,446,202,T.F. CUSANELLI AND FILLETTI ARCH,40.806358337402344,-73.88050079345703
BRONX,2130637,3/13/2026,5/7/2025,X00657120-S1-GC-CX,Structural General Construction Foundation,Permit Issued,X00657120-S1,New Building,,,Permit Entire,3247.0,1,3,1000.0,3132 ARLINGTON AVENUE  BRONX,5740,324,208,OOR DESIGN LLC,40.8838005065918,-73.91230773925781
Bronx,2130669,11/9/2025,3/7/2025,22070684001NB01,NB,Issued,220706840,NB,,,PERMIT ISSUED - ENTIRE JOB/WORK,24448.0,16,6,0.0,4572 MANHATTAN COLLEGE PARKWAY  Bronx,5776,609,208,SION CONSULTING ENGINEERING P.C.,40.88920974731445,-73.89997863769531
Bronx,2130683,9/23/2026,9/23/2025,24029303501NB03,NB,Issued,240293035,NB,,,PERMIT ISSUED - ENTIRE JOB/WORK,4609.0,0,1,0.0,1270P RYAWA AVENUE  Bronx,2780,2,202,GOSHOW ARCHITECTS,40.80482864379883,-73.88475799560547
Bronx,2130685,8/31/2026,9/23/2025,24029356101NB04,NB,Issued,240293561,NB,,,PERMIT ISSUED - ENTIRE JOB/WORK,53461.0,0,1,0.0,221D MANIDA STREET  Bronx,2777,100,202,GOSHOW ARCHITECTS,40.8053092956543,-73.88665008544922
BRONX,2130688,12/2/2025,12/2/2024,X00616474-S3-ST,Structural,Permit Issued,X00616474-S3,New Building,,,Permit Entire,49497.0,0,2,1000.0,2060 BARTOW AVENUE  BRONX,5141,1085,210,E.W. HOWELL CO  LLC,40.868629455566406,-73.82772064208984
BRONX,2130705,4/11/2026,4/11/2025,X00668558-S4-CC,Curb Cut,Permit Issued,X00668558-S4,New Building,,,Permit Entire,23927.5390625,29,8,0.0,1506 SOUTHERN BOULEVARD  BRONX,2981,19,203,KIRI CONSTRUCTION CORP,40.833560943603516,-73.88964080810547
Bronx,2130720,6/28/2026,10/7/2025,22063156401NB07,NB,Issued,220631564,NB,,,PERMIT ISSUED - ENTIRE JOB/WORK,6720.0,6,4,0.0,192 WEST 239 STREET  Bronx,3271,216,208,ARCHITECTURAL SOLUTIONS,40.885589599609375,-73.89971923828125
BRONX,2130723,12/26/2025,7/25/2025,X00790259-S1-ST,Structural,Permit Issued,X00790259-S1,New Building,,,Permit Entire,4186.0,1,3,41000.0,318 COLLEGE ROAD  BRONX,5816,1867,208,PRIMROSE SERVICE INC,40.895389556884766,-73.89956665039062
BRONX,2130729,2/25/2026,6/6/2025,X00647815-S3-PL,Plumbing,Permit Issued,X00647815-S3,New Building,,,Permit Entire,1778.4300537109375,2,2,1000.0,3534 MCOWEN AVENUE  BRONX,5655,15,212,MJ GENERAL MECHANICAL LLC,40.888671875,-73.8192367553711
BRONX,2130730,11/14/2025,11/14/2024,X00695344-S6-ST,Structural,Permit Issued,X00695344-S6,New Building,,,Permit Entire,112449.0,126,12,1000.0,671 TINTON AVENUE  BRONX,2654,64,201,MOUNTCO CONST. & DEV.CORP,40.81578063964844,-73.90567779541016
BRONX,2130731,12/31/2025,6/25/2025,X00701184-I1-GC-CX,Mechanical Systems General Construction,Permit Issued,X00701184-I1,New Building,,,Permit Entire,4294.68017578125,5,3,687148.8125,3542 TIEMANN AVENUE  BRONX,4729,30,212,EVAN CONSTURCTION CORP,40.87942886352539,-73.84445190429688
Bronx,2130750,1/1/2026,6/16/2025,21018082801NB06,NB,Issued,210180828,NB,,,PERMIT ISSUED - ENTIRE JOB/WORK,251806.0,326,14,0.0,1600 GRAND AVENUE  Bronx,2865,160,205,MARVEL ARCHITECTS,40.846168518066406,-73.91645050048828
BRONX,2130754,12/4/2025,9/18/2025,X00655372-S2-ST,Structural,Permit Issued,X00655372-S2,New Building,,,Permit Entire,27118.0,28,7,1000000.0,40 WEST  167 STREET  BRONX,2509,55,204,IMPACT BUILDERS CORP,40.83597183227539,-73.92469787597656
BRONX,2130757,1/10/2026,1/10/2025,X00729880-S8-MS,Mechanical Systems,Permit Issued,X00729880-S8,New Building,,,Permit Entire,131712.046875,247,14,0.0,1351 JEROME AVENUE  BRONX,2856,141,204,ON STAR MANAGEMENT LLC,40.839500427246094,-73.91883087158203
Bronx,2130777,1/1/2026,8/26/2025,21018081901NB02,NB,Issued,210180819,NB,,,PERMIT ISSUED - ENTIRE JOB/WORK,219560.0,244,14,0.0,1600 MACOMBS ROAD  Bronx,2865,134,205,MARVEL ARCHITECTS,40.845680236816406,-73.91612243652344
BRONX,2130783,12/17/2025,12/17/2024,X00759977-S4-MS,Mechanical Systems,Signed-off,X00759977-S4,New Building,,,Permit Entire,89023.59375,95,11,1000.0,323 JACKSON AVENUE  BRONX,2572,3,201,ARCHSTONE BUILDERS LLC,40.80730056762695,-73.91181182861328
BRONX,2130786,6/5/2026,6/5/2025,X00785306-I1-GC-CX,Structural General Construction Foundation Earth Work,Permit Issued,X00785306-I1,New Building,,,Permit Entire,3919.889892578125,3,3,783978.0,3133 TIEMANN AVENUE  BRONX,4765,20,212,ASSOCIATED BUILDING CONTR,40.87295913696289,-73.84152221679688
BRONX,2130787,12/31/2025,1/23/2025,X00772994-S1-PL,Plumbing,Permit Issued,X00772994-S1,New Building,,,Permit Entire,3919.889892578125,3,3,60000.0,3131 TIEMANN AVENUE  BRONX,4765,22,212,NEW PLBG & HTG CORP,40.87287139892578,-73.84147644042969
BRONX,2130793,12/31/2025,5/27/2025,X00620397-I1-MS,Mechanical Systems,Permit Issued,X00620397-I1,New Building,,,Permit Entire,3439.0,3,3,557118.0,3528 TIEMANN AVENUE  BRONX,4729,11,212,EVAN CONSTURCTION CORP,40.87921142578125,-73.84419250488281
Bronx,2130800,1/1/2026,3/17/2025,21018138201NB05,NB,Issued,210181382,NB,,,PERMIT ISSUED - ENTIRE JOB/WORK,78418.0,117,6,0.0,1841 SEWARD AVENUE  Bronx,3600,50,209,WXY ARCHITECTURE + URBAN DESIGN,40.82162857055664,-73.85978698730469
Bronx,2130802,1/1/2026,3/17/2025,21018095301NB06,NB,Issued,210180953,NB,,,PERMIT ISSUED - ENTIRE JOB/WORK,17679.0,16,4,0.0,1843 SEWARD AVENUE  Bronx,3600,40,209,WXY ARCHITECTURE + URBAN DESIGN,40.82162857055664,-73.85978698730469
Bronx,2130803,1/1/2026,3/17/2025,21018090801NB06,NB,Issued,210180908,NB,,,PERMIT ISSUED - ENTIRE JOB/WORK,46814.0,42,4,0.0,1847 SEWARD AVENUE  Bronx,3600,30,209,WXY ARCHITECTURE + URBAN DESIGN,40.82162857055664,-73.85978698730469
BRONX,2130810,12/24/2025,12/24/2024,X08004590-Z1-EW-SP,Sprinklers,Permit Issued,X08004590-Z1,New Building,,,Permit Entire,3635.39990234375,3,3,0.0,508 VAN NEST AVENUE  BRONX,4018,4,211,RENEW PLUMBING CORP,40.84062957763672,-73.8701400756836
BRONX,2130811,11/22/2025,11/22/2024,X08004580-S3-ST,Structural,Permit Issued,X08004580-S3,New Building,,,Permit Entire,3635.39990234375,3,3,0.0,504 VAN NEST AVENUE  BRONX,4018,2,211,FST. METROPOLITAN CON.INC,40.84054183959961,-73.8702392578125
BRONX,2130825,1/22/2026,1/22/2025,X08031128-I1-GC-CX,Structural General Construction Foundation,Permit Issued,X08031128-I1,New Building,,,Permit Entire,3309.669921875,2,2,2000000.0,733 EAST  227 STREET  BRONX,4841,32,212,ZEFI & CO. LLC,40.8890495300293,-73.85838317871094
Bronx,2130831,2/22/2026,3/20/2025,21018010501NB02,NB,Issued,210180105,NB,,,PERMIT ISSUED - ENTIRE JOB/WORK,254650.0,265,9,0.0,1017 OLMSTEAD AVENUE  Bronx,3797,70,209,AUFGANG ARCHITECTS,40.82741165161133,-73.8537368774414
BRONX,2130846,2/6/2026,2/6/2025,X00846703-S1-ST,Structural,Signed-off,X00846703-S1,New Building,,,Permit Entire,6618.0,7,4,0.0,844 FAILE STREET  BRONX,2762,89,202,JCAL CONSTRUCTION LLC,40.818138122558594,-73.88716125488281
BRONX,2130893,12/31/2025,10/2/2025,X00930334-S8-FN,Construction Fence,Permit Issued,X00930334-S8,New Building,,,Permit Entire,32348.0,30,10,0.0,12 GOUVERNEUR PLACE  BRONX,2388,55,203,BEECHWOOD WEEKSVILLE CONT,40.82912826538086,-73.90869903564453
BRONX,2130896,12/31/2025,10/16/2025,X00933060-S5-SE,Support of Excavation,Permit Issued,X00933060-S5,New Building,,,Permit Entire,8752.0,8,4,0.0,404 CLAREMONT PARKWAY  BRONX,2896,96,203,BEECHWOOD WEEKSVILLE CONT,40.83938980102539,-73.9050064086914
Bronx,2130898,4/1/2026,10/8/2025,20120426801NB04,NB,Issued,201204268,NB,,,PERMIT ISSUED - ENTIRE JOB/WORK,57153.0,0,4,0.0,2058 LAFAYETTE AVENUE  Bronx,3609,16,209,URBAHN ARCHITECTS,40.822288513183594,-73.85315704345703
BRONX,2130899,6/26/2026,8/19/2025,X00938688-S3-ST,Structural,Permit Issued,X00938688-S3,New Building,,,Permit Entire,3060.0,3,3,0.0,3039 YOUNG AVENUE  BRONX,4589,57,211,STRUCTURELINE INC,40.870601654052734,-73.8482437133789
Bronx,2130900,4/1/2026,3/14/2025,21018124801NB03,NB,Issued,210181248,NB,,,PERMIT ISSUED - ENTIRE JOB/WORK,47594.0,66,8,0.0,1559 BOONE AVENUE  Bronx,3009,33,203,EDELMAN SULTAN KNOX WOOD ARCHITE,40.83396911621094,-73.88484954833984
Bronx,2130902,12/29/2025,9/3/2025,21018246101NB03,NB,Issued,210182461,NB,,,PERMIT ISSUED - ENTIRE JOB/WORK,4936.0,10,4,0.0,1548 JESUP AVENUE  Bronx,2872,274,204,NIKOLAI KATZ ARCHITECT,40.844600677490234,-73.91815948486328
BRONX,2130911,11/1/2025,11/1/2024,X00947326-I1-GC,General Construction,Permit Issued,X00947326-I1,New Building,,,Permit Entire,32787.58984375,40,7,0.0,1119 BOSTON ROAD  BRONX,2613,31,203,NEW LINE CONSTRUCTION LLC,40.827701568603516,-73.9044418334961
BRONX,2130925,12/21/2025,2/21/2025,X00902071-S1-CC,Curb Cut,Permit Issued,X00902071-S1,New Building,,,Permit Entire,3569.93994140625,3,3,0.0,724 EAST  218 STREET  BRONX,4665,71,212,BORI CONSTRUCTION CORP,40.88233184814453,-73.86225128173828
BRONX,2130938,1/20/2026,3/13/2025,X01007607-S6-PL,Plumbing,Permit Issued,X01007607-S6,New Building,,,Permit Entire,1749.0,2,2,0.0,334 UNDERHILL AVENUE  BRONX,3473,121,209,RENEW PLUMBING CORP,40.81245040893555,-73.85772705078125
BRONX,2130945,11/23/2025,1/15/2025,X01011678-S2-EW-SP,Sprinklers,Permit Issued,X01011678-S2,New Building,,,Permit Entire,2730.0,3,3,0.0,2940 RADCLIFF AVENUE  BRONX,4553,18,211,DNA PLUMBING CONTR. INC,40.86874008178711,-73.86016082763672
BRONX,2130991,3/26/2026,4/2/2025,X00975474-I1-GC,General Construction,Permit Issued,X00975474-I1,New Building,,,Permit Entire,20044.0,25,6,0.0,2260 ANDREWS AVENUE NORTH  BRONX,3218,5,207,CONTINENTAL CONSTRUCTION,40.86027145385742,-73.90805053710938
Bronx,2130994,3/16/2026,3/19/2025,24030125901NB02,NB,Issued,240301259,NB,,,PERMIT ISSUED - ENTIRE JOB/WORK,3138.0,2,2,0.0,3904 ORLOFF AVENUE  Bronx,3263,195,208,GINO LONGO ARCHITECT,40.884010314941406,-73.89478302001953
BRONX,2131004,12/12/2025,4/16/2025,X01131583-I1-GC-CX,Mechanical Systems Structural General Construction Foundation Earth Work,Permit Issued,X01131583-I1,New Building,,,Permit Entire,3353.0,2,2,0.0,2219 SEYMOUR AVENUE  BRONX,4383,27,211,J&J DESIGNS INC,40.85921096801758,-73.84674072265625
BRONX,2131042,6/23/2026,9/11/2025,X01129832-S2-ST,Structural,Signed-off,X01129832-S2,New Building,,,Permit Entire,3569.93994140625,3,3,0.0,722 EAST  218 STREET  BRONX,4665,70,212,ARBER CONSTRUCTION CORP,40.88235092163086,-73.86234283447266
BRONX,2131060,11/16/2025,10/6/2025,X01152823-I1-GC,General Construction,Permit Issued,X01152823-I1,New Building,,,Permit Entire,240.0,0,1,0.0,2889 GAR ROEBLING AVENUE  BRONX,5389,33,210,IVAN ROSA LLC,40.84280014038086,-73.83345794677734
BRONX,2131099,4/23/2026,6/25/2025,X01183559-S1-ST,Structural,Permit Issued,X01183559-S1,New Building,,,Permit Entire,21345.359375,27,5,0.0,652 EAST  213 STREET  BRONX,4642,38,212,BONEI BUILDERS LLC,40.87953186035156,-73.86673736572266
BRONX,2131100,8/26/2026,10/14/2025,X01210563-I1-GC,General Construction,Permit Issued,X01210563-I1,New Building,,,Permit Issued,4350.0,2,2,0.0,4143 EDSON AVENUE  BRONX,5015,29,212,H BUILDING MANAGEMENT INC,40.89384078979492,-73.84497833251953
BRONX,2131102,3/26/2026,9/8/2025,X01213760-S7-SE,Support of Excavation,Permit Issued,X01213760-S7,New Building,,,Permit Entire,6891.0,9,4,0.0,1848 BILLINGSLEY TERRACE  BRONX,2879,249,205,RNH SERVICES INC,40.85335922241211,-73.9173812866211
Bronx,2131118,3/28/2026,3/28/2025,20120443701NB04,NB,Issued,201204437,NB,,,PERMIT ISSUED - ENTIRE JOB/WORK,85925.0,0,5,0.0,1260 WARD AVENUE  Bronx,3775,25,209,PKSB ARCHITECTS,40.830810546875,-73.87731170654297
BRONX,2131121,11/16/2025,11/22/2024,X08011125-I1-ST,Structural,Signed-off,X08011125-I1,New Building,,,Permit Entire,39406.12890625,50,8,1.25E7,1970 CROTONA AVENUE  BRONX,3092,4,206,DEDAJ CONSTRUCTION CORP,40.845638275146484,-73.8904037475586
Bronx,2131152,5/12/2026,5/23/2025,21018017801NB07,NB,Issued,210180178,NB,,,PERMIT ISSUED - ENTIRE JOB/WORK,106960.0,134,10,0.0,1883 CROTONA AVENUE  Bronx,2946,1,206,MAGNUSSON ARCHITECTURE AND PLANN,40.84421157836914,-73.89253997802734
BRONX,2131173,5/4/2026,6/18/2025,X00702424-S2-EW-SP,Sprinklers,Permit Issued,X00702424-S2,New Building,,,Permit Entire,26194.0,19,7,1000.0,2039 WESTCHESTER AVENUE  BRONX,3932,22,209,DYNAMIC PLBNG & SPRKR COR,40.833980560302734,-73.85633087158203
Bronx,2800204,7/27/2026,9/25/2025,22046877701NB10,NB,Issued,220468777,NB,,,PERMIT ISSUED - ENTIRE JOB/WORK,11000.0,8,6,0.0,1701 ANTHONY AVENUE  Bronx,2889,14,204,GRIFFIN ARCHITECT  & PLANNER PC,40.84402084350586,-73.90434265136719
Bronx,2801621,4/2/2026,9/4/2025,22072556101NB02,NB,Issued,220725561,NB,,,PERMIT ISSUED - ENTIRE JOB/WORK,2433.0,0,2,0.0,6691 BROADWAY  Bronx,5888,1545,208,ANGELO NG & ANTHONY NG ARCHITECT,40.91133117675781,-73.89703369140625
Bronx,2801877,5/6/2026,5/6/2025,21018072001NB01,NB,Issued,210180720,NB,,,PERMIT ISSUED - ENTIRE JOB/WORK,178920.0,166,13,0.0,625 BROOK AVENUE  Bronx,2361,26,201,MHG ARCHITECTS  P.C.,40.81705856323242,-73.9140396118164
BRONX,2803616,12/1/2025,8/19/2025,X01047537-S2-ST,Structural,Permit Issued,X01047537-S2,New Building,,,Permit Entire,36612.0,47,9,0.0,2259 CROTONA AVENUE  BRONX,3101,16,206,L & A DEVELOPERS GROUP*,40.851470947265625,-73.88532257080078
BRONX,2805203,6/29/2026,10/20/2025,X00706080-S1-ST,Structural,Permit Issued,X00706080-S1,New Building,,,Permit Entire,310247.0,0,6,1000.0,101 EAST 150 STREET  BRONX,2354,1,204,LEON D. DEMATTEIS CONST,40.82024002075195,-73.92961120605469
BRONX,2806306,7/8/2026,7/8/2025,X01182248-S4-FN,Construction Fence,Permit Issued,X01182248-S4,New Building,,,Permit Entire,13010.1904296875,18,4,0.0,826 EAST  169 STREET  BRONX,2682,30,203,ABOVE BUILDER GROUP LLC,40.82936096191406,-73.89801025390625
BRONX,2809546,10/31/2025,10/31/2024,X01015264-S1-ST,Structural,Permit Issued,X01015264-S1,New Building,,,Permit Entire,20738.1796875,25,6,0.0,2311 GRAND AVENUE  BRONX,3209,55,207,NEW LINE CONSTRUCTION LLC,40.86056900024414,-73.90506744384766
BRONX,2810123,3/20/2026,9/30/2025,X01218505-S4-FN,Construction Fence,Permit Issued,X01218505-S4,New Building,,,Permit Entire,24952.26953125,47,7,0.0,1143 HOE AVENUE  BRONX,2745,44,203,LEAD IT BUILDERS  LLC,40.827239990234375,-73.89118194580078
Bronx,2811224,2/17/2026,9/18/2025,24029336601NB10,NB,Issued,240293366,NB,,,PERMIT ISSUED - ENTIRE JOB/WORK,49648.0,59,8,0.0,1591 JESUP AVE  Bronx,2872,245,205,BECALL ENGINEERING SERVICES INC,40.8455810546875,-73.91860961914062
Bronx,2812213,8/6/2026,8/6/2025,21018134601NB01,NB,Issued,210181346,NB,,,PERMIT ISSUED - ENTIRE JOB/WORK,15569.0,0,2,0.0,1257 MORRIS AVE  Bronx,2450,42,204,ALLIED WORKS ARCHITECTURE INC,40.83443832397461,-73.91342163085938
BRONX,2812593,12/27/2025,12/27/2024,X00967485-I1-GC-CX,General Construction Foundation Earth Work,Permit Issued,X00967485-I1,New Building,,,Permit Entire,3316.409912109375,3,3,0.0,2129 NEWBOLD AVENUE  BRONX,3814,77,209,A & R HOME IMPROVEMENT &,40.83333969116211,-73.85325622558594
BRONX,2813415,11/12/2025,6/5/2025,X01148719-S4-SE,Support of Excavation,Permit Issued,X01148719-S4,New Building,,,Permit Entire,29885.0,29,6,0.0,1056 PROSPECT AVENUE  BRONX,2691,18,202,JOHN EVAN CONTRACTING COR,40.824588775634766,-73.89956665039062
BRONX,2814319,3/13/2026,9/16/2025,X00785025-S1-SE,Support of Excavation,Permit Issued,X00785025-S1,New Building,,,Permit Entire,41068.0,2,8,400000.0,1051 SHERMAN AVENUE  BRONX,2456,58,204,AK PREMIER CONTR CORP,40.830650329589844,-73.91805267333984
BRONX,2817549,5/7/2026,9/30/2025,X01005090-S1-PMM,Protection and Mechanical Methods,Permit Issued,X01005090-S1,Full Demolition,,,Permit Entire,665.0,0,0,160.0,2742 WEBSTER AVENUE  BRONX,3273,101,207,DM80 SOLUTIONS LLC,40.86457824707031,-73.88774108886719
BRONX,2817787,10/29/2025,10/29/2024,X08030027-S1-ST,Structural,Signed-off,X08030027-S1,New Building,,,Permit Entire,9994.0,11,7,0.0,30 WEST  182 STREET  BRONX,3195,21,205,JCAL CONSTRUCTION LLC,40.8573112487793,-73.90608215332031
Bronx,2819220,6/24/2026,9/16/2025,20085204101NB07,NB,Issued,200852041,NB,,,PERMIT ISSUED - ENTIRE JOB/WORK,3269.0,2,2,0.0,3095 CASLER PL  Bronx,5529,500,210,Gino O. Longo  Architect,40.810890197753906,-73.80341339111328
Bronx,2826970,2/22/2026,2/10/2025,21018204101NB09,NB,Issued,210182041,NB,,,PERMIT ISSUED - ENTIRE JOB/WORK,134435.0,154,9,0.0,334 EAST 176TH STREET  Bronx,2892,34,205,EDELMAN SULTAN KNOX WOOD ARCH.,40.84748077392578,-73.90245819091797
Bronx,2830528,4/1/2026,8/27/2025,22060608401NB13,NB,Issued,220606084,NB,,,PERMIT ISSUED - ENTIRE JOB/WORK,6243.0,8,3,0.0,1349 COMMONWEALTH AVENUE  Bronx,3874,51,209,BFS ARCHITECT PC,40.8343505859375,-73.8691635131836
Bronx,2831766,12/13/2025,1/21/2025,24030048301NB06,NB,Issued,240300483,NB,,,PERMIT ISSUED - ENTIRE JOB/WORK,863.0,0,1,0.0,1163 GARRISON AVENUE  Bronx,2741,42,202,NASIR J. KHANZADA  LLC,40.820411682128906,-73.8885726928711
BROOKLYN,3000178,11/14/2025,5/14/2025,B01101684-S4-EW-SD,Standpipe,Permit Issued,B01101684-S4,Alteration CO,,Yes,Permit Entire,294438.0,184,18,10000.0,175 PEARL STREET  BROOKLYN,87,5,302,PRIME PIPING & HEATING IN,40.69960021972656,-73.98753356933594
Brooklyn,3000370,6/4/2026,7/24/2025,32091433801NB17,NB,Issued,320914338,NB,,,PERMIT ISSUED - ENTIRE JOB/WORK,762916.0,541,74,0.0,9 DEKALB AVENUE  Brooklyn,149,7503,302,SHOP ARCHITECTS PC,40.690399169921875,-73.98239135742188
BROOKLYN,3000398,11/25/2025,2/20/2025,B00805143-S7-EW-SD,Standpipe,Signed-off,B00805143-S7,New Building,,,Permit Entire,98982.0,99,25,0.0,150 LAWRENCE STREET  BROOKLYN,151,37,302,TRISTATE FIRE SPRINK INC,40.691619873046875,-73.98657989501953
Brooklyn,3000479,11/14/2025,6/27/2025,32119323001NB16,NB,Issued,321193230,NB,,,PERMIT ISSUED - ENTIRE JOB/WORK,51009.0,104,22,0.0,291 LIVINGSTON STREET  Brooklyn,161,61,302,GENE KAUFMAN ARCHITECT PC,40.688480377197266,-73.98188781738281
Brooklyn,3000519,11/21/2025,6/9/2025,32062741601NB13,NB,Issued,320627416,NB,,,PERMIT ISSUED - ENTIRE JOB/WORK,117272.0,71,13,0.0,285 SCHERMERHORN STREET  Brooklyn,166,51,302,GF55 PARTNERS,40.68791961669922,-73.98261260986328
BROOKLYN,3000605,3/31/2026,5/13/2025,B00939362-S1-SE,Support of Excavation,Permit Issued,B00939362-S1,New Building,,,Permit Entire,1008704.0,0,22,0.0,275 ATLANTIC AVENUE  BROOKLYN,175,1,302,TUTOR PERINI CORPORATION,40.689178466796875,-73.9896011352539
BROOKLYN,3000653,5/11/2026,7/23/2025,B00590748-I1-GC,General Construction,Permit Issued,B00590748-I1,Alteration CO,Yes,Yes,Permit Entire,7159.41015625,2,3,550046.125,352 STATE STREET  BROOKLYN,177,10,302,R.N.K. ROMEO CONST INC,40.68791961669922,-73.9859390258789
BROOKLYN,3000939,2/26/2026,7/18/2025,B01149835-I1-GC,General Construction,Permit Issued,B01149835-I1,Alteration CO,Yes,,Permit Entire,3573.0,2,4,555180.0,449 PACIFIC STREET  BROOKLYN,184,34,302,RED OAK RENOVATIONS CORP,40.685699462890625,-73.9831314086914
BROOKLYN,3001160,6/3/2026,8/7/2025,B00959718-S6-SE,Support of Excavation,Permit Issued,B00959718-S6,Alteration CO,Yes,,Permit Entire,5154.0,1,4,14998.1396484375,239 DEAN STREET  BROOKLYN,190,42,302,CONSTRUCTION BROOKLYN INC,40.68531036376953,-73.98416900634766
Brooklyn,3001453,6/9/2026,6/9/2025,34079714101NB05,NB,Issued,340797141,NB,,,PERMIT ISSUED - ENTIRE JOB/WORK,76232.0,79,12,0.0,52 4TH AVE  Brooklyn,198,36,302,GERTLER & WENTE ARCHITECTS LLP,40.68307876586914,-73.9797134399414
Brooklyn,3001743,7/14/2026,7/17/2025,32205904401AL10,AL,Issued,322059044,A1,Y,Y,PERMIT ISSUED - ENTIRE JOB/WORK,5148.0,1,3,965900.0,165 COLUMBIA HEIGHTS  Brooklyn,234,28,302,TA DUMBLETON ARCHITECT PC,40.697509765625,-73.99645233154297
BROOKLYN,3002191,11/18/2025,11/18/2024,B00776893-S2-SE,Support of Excavation,Permit Issued,B00776893-S2,ALT-CO - New Building with Existing Elements to Remain,,Yes,Permit Entire,3970.0,1,3,5000.0,2 GRACE COURT ALLEY  BROOKLYN,253,25,302,TAFFERA FINE BUILDING AND,40.693878173828125,-73.99622344970703
BROOKLYN,3002222,3/20/2026,3/20/2025,B00588008-I1-GC,General Construction,Permit Issued,B00588008-I1,Alteration CO,,Yes,Permit Entire,5736.0,1,3,894425.0,123 JORALEMON STREET  BROOKLYN,254,17,302,DYNAMIC RECONSTRUCTION CO,40.69329071044922,-73.99459075927734
BROOKLYN,3002390,2/7/2026,6/23/2025,B01106030-S3-GC-CX,Structural General Construction Foundation,Permit Issued,B01106030-S3,Alteration CO,,Yes,Permit Entire,4349.0,1,4,271500.0,32 GARDEN PLACE  BROOKLYN,261,42,302,STEERING HOUSE CONSTRUCT,40.69240188598633,-73.99659729003906
BROOKLYN,3002706,11/15/2025,11/15/2024,B00736115-S8-EW-SD,Standpipe,Permit Issued,B00736115-S8,New Building,,,Permit Entire,44314.4296875,55,21,0.0,88 SCHERMERHORN STREET  BROOKLYN,271,45,302,TARGET PIPING NY LLC,40.690338134765625,-73.99041748046875
BROOKLYN,3002819,2/8/2026,3/17/2025,B00821739-S2-PL,Plumbing,Permit Issued,B00821739-S2,Alteration CO,,Yes,Permit Entire,5197.0,2,5,50000.0,21 DEAN STREET  BROOKLYN,279,8,302,GANIC PLUMBING & HTG INC,40.688411712646484,-73.99208068847656
Brooklyn,3003112,12/1/2025,12/2/2024,32118442801AL11,AL,Issued,321184428,A1,Y,Y,PERMIT ISSUED - ENTIRE JOB/WORK,5459.0,1,4,1092927.0,113 CONGRESS STREET  Brooklyn,295,38,306,HOLLBERG ARCHITECTURE,40.689239501953125,-73.9981689453125
BROOKLYN,3003386,1/2/2026,1/23/2025,B00724212-I1-GC,General Construction,Permit Issued,B00724212-I1,Alteration CO,,Yes,Permit Entire,6211.6201171875,2,4,258900.0,171 BALTIC STREET  BROOKLYN,306,7501,306,A & K CREATIVE CONSTRUCT*,40.68741989135742,-73.99739837646484
Brooklyn,3003561,4/16/2026,5/2/2025,32159336101NB04,NB,Issued,321593361,NB,,,PERMIT ISSUED - ENTIRE JOB/WORK,13197.0,10,6,0.0,183 COLUMBIA STREET  Brooklyn,319,2,306,TAN ARCHITECT P.C,40.685791015625,-74.0020523071289
Brooklyn,3003806,5/15/2026,5/16/2025,32153186501AL09,AL,Issued,321531865,A1,Y,,PERMIT ISSUED - ENTIRE JOB/WORK,3914.0,4,4,777000.0,452 HENRY STREET  Brooklyn,322,46,306,JAM ARCHITECTURE  PLLC,40.68587112426758,-73.99886322021484
BROOKLYN,3003829,5/1/2026,5/21/2025,B01008765-S9-EW-SP,Sprinklers,Permit Issued,B01008765-S9,Alteration CO,Yes,Yes,Permit Entire,4434.52978515625,1,4,50000.0,487 HENRY STREET  BROOKLYN,323,4,306,AMERICAN STANDARD PLUMBIN,40.68503189086914,-73.99867248535156
BROOKLYN,3004153,11/25/2025,8/27/2025,B00830188-S1-GC-CX,Structural General Construction Foundation,Permit Issued,B00830188-S1,Alteration CO,Yes,Yes,Permit Entire,6760.75,3,4,30705.0,238 DEGRAW STREET  BROOKLYN,332,24,306,SAT CONSTRUCTION SERVICES,40.68424987792969,-73.99787902832031
BROOKLYN,3004220,4/17/2026,8/18/2025,B00853051-I1-GC,General Construction,Permit Issued,B00853051-I1,Alteration CO,Yes,Yes,Permit Entire,1147.0,2,4,553450.0,277 SACKETT STREET  BROOKLYN,333,49,306,BMB BUILDER INC,40.683509826660156,-73.99629974365234
BROOKLYN,3004504,7/31/2026,7/31/2025,B01180518-S3-ST,Structural,Permit Issued,B01180518-S3,Alteration CO,,Yes,Permit Entire,4291.0,1,4,150185.0,549 HENRY STREET  BROOKLYN,344,2,306,LT PRO CONSTRUCTION INC,40.682891845703125,-73.99974060058594
Brooklyn,3004559,3/26/2026,3/11/2025,32159383301AL09,AL,Issued,321593833,A1,,Y,PERMIT ISSUED - ENTIRE JOB/WORK,11045.0,4,4,834055.0,407 CLINTON STREET  Brooklyn,345,2,306,STUDIO DELSON ARCHITECTURE PC,40.682369232177734,-73.99783325195312
BROOKLYN,3004855,7/21/2026,7/25/2025,B01011704-I1-GC-CX,Structural General Construction Foundation Earth Work,Permit Issued,B01011704-I1,New Building,,,Permit Entire,6471.490234375,3,6,0.0,41 SUMMIT STREET  BROOKLYN,352,60,306,OMUNDSEN CONSTRUCTION COR,40.682960510253906,-74.00523376464844
BROOKLYN,3005142,6/8/2026,10/2/2025,B00757177-S1-PL,Plumbing,Permit Issued,B00757177-S1,Alteration CO,Yes,,Permit Entire,7655.0,4,5,152100.0,68 1 PLACE  BROOKLYN,361,12,306,PLUMBING WORKS NYC INC,40.680389404296875,-73.9982681274414
BROOKLYN,3005487,4/1/2026,10/9/2025,B01211247-S2-ST,Structural,Permit Issued,B01211247-S2,Alteration CO,,Yes,Permit Entire,3611.699951171875,2,4,35026.69921875,523 CLINTON STREET  BROOKLYN,374,3,306,SD 2 INC,40.67781066894531,-74.00007629394531
BROOKLYN,3005532,11/30/2025,7/7/2025,B00801550-S1-EW-SP,Sprinklers,Permit Issued,B00801550-S1,ALT-CO - New Building with Existing Elements to Remain,Yes,,Permit Entire,5115.0,3,4,102000.0,147 LUQUER STREET  BROOKLYN,374,49,306,RRP PLUMBING CORP,40.67766189575195,-73.99954986572266
BROOKLYN,3005967,12/30/2025,5/30/2025,B00929163-I1-FD,Full Demolition,Permit Issued,B00929163-I1,Full Demolition,,,Permit Entire,49293.0,0,0,300000.0,264 BERGEN STREET  BROOKLYN,388,19,302,STAR COMPANIESS LLC,40.683738708496094,-73.98343658447266
BROOKLYN,3006088,1/31/2026,3/26/2025,B01167363-S2-ST,Structural,Permit Issued,B01167363-S2,Alteration CO,Yes,,Permit Entire,4281.0,2,3,492300.0,253 WARREN STREET  BROOKLYN,390,77,302,C&M DRYWALL & ACOUSTIC CO,40.68645095825195,-73.99330139160156
BROOKLYN,3006089,6/6/2026,6/17/2025,B00879132-S2-ST,Structural,Permit Issued,B00879132-S2,Alteration CO,Yes,,Permit Entire,3320.0,1,4,150000.0,251 WARREN STREET  BROOKLYN,390,78,302,GRANDEUR HILLS GROUP INC,40.68648147583008,-73.99336242675781
Brooklyn,3006233,11/28/2025,9/26/2025,32069594901AL06,AL,Issued,320695949,A1,,Y,PERMIT ISSUED - ENTIRE JOB/WORK,0.0,2,3,275000.0,471 WARREN STREET  Brooklyn,393,48,302,GRANT ENGINEERING,40.68341064453125,-73.9854736328125
BROOKLYN,3006642,1/1/2026,1/23/2025,B00802089-S2-ST,Structural,Permit Issued,B00802089-S2,Alteration CO,Yes,Yes,Permit Entire,4808.85986328125,2,4,95000.0,287 COURT STREET  BROOKLYN,414,9,306,MARPAT CONSTRUCTION CORP,40.684181213378906,-73.9947280883789
BROOKLYN,3006831,2/27/2026,7/8/2025,B01076906-Z4-ST,Structural,Permit Issued,B01076906-Z4,ALT-CO - New Building with Existing Elements to Remain,Yes,Yes,Permit Entire,6446.5,1,4,250000.0,332 DEGRAW STREET  BROOKLYN,421,21,306,ACCRETE CONSTRUCTION GROU,40.68313980102539,-73.99429321289062
BROOKLYN,3006970,1/27/2026,7/18/2025,B01172122-S8-SE,Support of Excavation,Permit Issued,B01172122-S8,Alteration CO,Yes,,Permit Entire,3425.0,2,3,10000.0,457 SACKETT STREET  BROOKLYN,423,51,306,MONTESBUILD INC,40.681068420410156,-73.98975372314453
BROOKLYN,3007352,11/12/2025,4/24/2025,B00791856-I1-GC,General Construction,Permit Issued,B00791856-I1,Alteration CO,Yes,Yes,Permit Entire,3949.989990234375,2,4,600100.8125,501 PRESIDENT STREET  BROOKLYN,440,46,306,JOHN EVAN CONTRACTING COR,40.67816925048828,-73.98641967773438
Brooklyn,3007509,12/23/2025,2/14/2025,32091096601NB10,NB,Issued,320910966,NB,,,PERMIT ISSUED - ENTIRE JOB/WORK,5988.0,1,4,0.0,445 CARROLL STREET  Brooklyn,447,53,306,OPERA STUDIO ARCHITECTURE,40.677730560302734,-73.98737335205078
BROOKLYN,3007586,4/1/2026,10/6/2025,B07998269-I1-GC,General Construction,Permit Issued,B07998269-I1,Alteration CO,Yes,,Permit Entire,7510.0,1,3,1126500.0,304 CARROLL STREET  BROOKLYN,450,38,306,NEW WAVE DESIGN & CONTRAC,40.67906951904297,-73.99313354492188
BROOKLYN,3009279,12/30/2025,4/17/2025,B00621537-S2-ST,Structural,Permit Issued,B00621537-S2,ALT-CO - New Building with Existing Elements to Remain,Yes,Yes,Permit Entire,8365.0,5,4,167300.0,213 21 STREET  BROOKLYN,640,51,307,L2 CONSTRUCTION INC,40.66202926635742,-73.99410247802734
Brooklyn,3009357,3/30/2026,6/11/2025,32039396201NB17,NB,Issued,320393962,NB,,,PERMIT ISSUED - ENTIRE JOB/WORK,5250.0,2,3,0.0,217 22ND STREET  Brooklyn,643,54,307,PRUDIGM ENGINEERING  LLC,40.66143035888672,-73.99461364746094
Brooklyn,3009549,4/4/2026,9/17/2025,32200347001NB05,NB,Issued,322003470,NB,,,PERMIT ISSUED - ENTIRE JOB/WORK,7233.0,4,4,0.0,218 23 STREET  Brooklyn,649,28,307,THE HUDSON GROUP INTERNATIONAL,40.66044998168945,-73.99540710449219
Brooklyn,3009933,1/1/2026,2/13/2025,32159304901NB03,NB,Issued,321593049,NB,,,PERMIT ISSUED - ENTIRE JOB/WORK,6633.0,7,4,0.0,186 30 STREET  Brooklyn,673,14,307,AJR ARCHITECTURE  PC,40.657039642333984,-74.0003433227539
Brooklyn,3010040,8/1/2026,9/8/2025,32091182101AL03,AL,Issued,320911821,A1,Y,Y,PERMIT ISSUED - ENTIRE JOB/WORK,5566.0,6,4,939732.0,800 5TH AVENUE  Brooklyn,677,40,307,H2 CONSULTING PE PC,40.65568923950195,-73.99971008300781
Brooklyn,3010919,1/22/2026,10/3/2025,34076908301NB03,NB,Issued,340769083,NB,,,PERMIT ISSUED - ENTIRE JOB/WORK,7114.0,6,4,0.0,342 43 ST  Brooklyn,728,25,307,AMERILAND BROOK LLC,40.650840759277344,-74.00971984863281
BROOKLYN,3011421,12/31/2025,7/29/2025,B00917785-I1-GC,General Construction,Permit Issued,B00917785-I1,ALT-CO - New Building with Existing Elements to Remain,,,Permit Entire,4100.0,5,3,253500.0,816 44 STREET  BROOKLYN,742,12,312,ABDUL CONSTRUCTION & PAIN,40.64400863647461,-73.9999008178711
Brooklyn,3011626,12/16/2025,12/9/2024,32156566801AL07,AL,Issued,321565668,A1,Y,Y,PERMIT ISSUED - ENTIRE JOB/WORK,0.0,8,5,1190000.0,4520 6TH AVENUE  Brooklyn,748,45,307,GREAT WALL CONSULTANT P.E.,40.64630889892578,-74.00586700439453
Brooklyn,3012727,3/18/2026,3/21/2025,32159394001AL08,AL,Issued,321593940,A1,Y,,PERMIT ISSUED - ENTIRE JOB/WORK,7548.0,4,3,434147.0,4812 7 AVENUE  Brooklyn,776,40,307,S M TAM ARCHITECT  PLLC,40.64345932006836,-74.00525665283203
Brooklyn,3012833,11/15/2025,5/8/2025,32118330301NB14,NB,Issued,321183303,NB,,,PERMIT ISSUED - ENTIRE JOB/WORK,50647.0,78,6,0.0,4923 2 AVENUE  Brooklyn,781,1,307,TAN ARCHITECT P.C,40.64910888671875,-74.0165023803711
Brooklyn,3013112,1/27/2026,2/14/2025,32138379301NB02,NB,Issued,321383793,NB,,,PERMIT ISSUED - PARTIAL JOB,48309.0,29,7,0.0,4908 8 AVENUE  Brooklyn,786,39,307,S M TAM ARCHITECT  PLLC,40.641639709472656,-74.0035171508789
BROOKLYN,3013305,12/12/2025,3/26/2025,B00622157-I1-GC,General Construction,Permit Issued,B00622157-I1,ALT-CO - New Building with Existing Elements to Remain,Yes,,Permit Entire,4963.0,0,1,1258589.0,5005 5 AVENUE  BROOKLYN,792,5,307,RADB SERVICES INC,40.64472961425781,-74.01030731201172
Brooklyn,3013458,5/1/2026,8/4/2025,32032313701AL03,AL,Issued,320323137,A1,Y,Y,PERMIT ISSUED - ENTIRE JOB/WORK,0.0,0,1,632800.0,5101 1ST AVENUE  Brooklyn,796,1,307,KINETIC DESIGN CONSULTING LLC,40.64929962158203,-74.01953125
Brooklyn,3013651,7/22/2026,7/22/2025,32157849501AL10,AL,Issued,321578495,A1,Y,,PERMIT ISSUED - ENTIRE JOB/WORK,6612.0,2,3,964328.0,5120 6TH AVENUE  Brooklyn,800,145,307,LAM & LAM DESIGNS D.P.C.,40.642940521240234,-74.00939178466797
BROOKLYN,3013930,4/9/2026,4/9/2025,B01169931-S4-EW-SP,Sprinklers,Permit Issued,B01169931-S4,ALT-CO - New Building with Existing Elements to Remain,Yes,Yes,Permit Entire,6272.0,6,4,50000.0,429 53 STREET  BROOKLYN,807,69,307,AMERICAN STANDARD PLUMBIN,40.64442825317383,-74.0132827758789
Brooklyn,3015229,6/16/2026,6/25/2025,32153244501AL10,AL,Issued,321532445,A1,,Y,PERMIT ISSUED - ENTIRE JOB/WORK,6399.0,2,3,1123850.0,5614 3 AVE  Brooklyn,837,42,307,INDETAIL ARCHITECTURAL AND ENGIN,40.644229888916016,-74.01876068115234
Brooklyn,3016483,11/9/2025,1/31/2025,30084499601AL04,AL,Issued,300844996,A1,Y,Y,PERMIT ISSUED - ENTIRE JOB/WORK,2421.0,1,3,65000.0,346 PROSPECT AVENUE  Brooklyn,868,24,307,GERALD J. CALIENDO ARCHITECTS PC,40.661739349365234,-73.98705291748047
Brooklyn,3016540,8/15/2026,9/19/2025,32118948701AL06,AL,Issued,321189487,A1,,Y,PERMIT ISSUED - ENTIRE JOB/WORK,0.0,1,3,695343.0,417A 17 STREET  Brooklyn,869,54,307,NY BUILDING ASSOCIATES INC,40.660030364990234,-73.98477172851562
Brooklyn,3016580,3/23/2026,8/4/2025,32158902701NB06,NB,Issued,321589027,NB,,,PERMIT ISSUED - ENTIRE JOB/WORK,8119.0,5,3,0.0,474 PROSPECT AVENUE  Brooklyn,870,34,307,INOA ARCHITECTURE,40.65892028808594,-73.98235321044922
BROOKLYN,3016785,4/1/2026,9/3/2025,B08022178-S3-SE,Support of Excavation,Permit Issued,B08022178-S3,New Building,,,Permit Entire,6468.0,3,3,0.0,267 18 STREET  BROOKLYN,873,66,307,INTERBORO PROPERTY MGMT,40.662601470947266,-73.9905014038086
BROOKLYN,3016859,3/13/2026,6/2/2025,B01083548-S6-ST,Structural,Permit Issued,B01083548-S6,Alteration CO,Yes,Yes,Permit Entire,2543.0,1,3,20000.0,413 18 STREET  BROOKLYN,875,61,307,HTC CONSTRUCTION MANAGEME,40.6596794128418,-73.98567962646484
BROOKLYN,3017421,6/11/2026,9/17/2025,B00612705-I1-GC,General Construction,Permit Issued,B00612705-I1,New Building,,,Permit Entire,6081.02001953125,4,4,213500.0,245 21 STREET  BROOKLYN,891,75,307,HY DESIGN & DEVELOPMENT L,40.66128158569336,-73.9928970336914
BROOKLYN,3017509,3/28/2026,3/28/2025,B01117309-S1-ST,Structural,Permit Issued,B01117309-S1,Alteration CO,,Yes,Permit Entire,5709.0,7,3,100000.0,707 5 AVENUE  BROOKLYN,897,1,307,FACADE IMPROVEMENT INC,40.66075134277344,-73.99369812011719
BROOKLYN,3018534,11/28/2025,4/24/2025,B00997529-S9-ST,Structural,Permit Issued,B00997529-S9,Alteration CO,Yes,Yes,Permit Entire,5821.8798828125,2,4,20000.0,414 BERGEN STREET  BROOKLYN,932,32,306,TOP QUALITY BUILDERS INC,40.68159866333008,-73.97795104980469
BROOKLYN,3019284,11/20/2025,11/20/2024,B01099848-S1-FN,Construction Fence,Permit Issued,B01099848-S1,New Building,,,Permit Entire,5691.39990234375,4,4,0.0,28 7 AVENUE  BROOKLYN,945,40,306,MOD CONSULTANTS LLC,40.677040100097656,-73.97403717041016
BROOKLYN,3019347,2/12/2026,7/28/2025,B01092765-I1-GC-CX,Mechanical Systems Structural General Construction Foundation,Permit Issued,B01092765-I1,ALT-CO - New Building with Existing Elements to Remain,Yes,Yes,Permit Entire,4223.0,1,3,906000.0,394 DOUGLASS STREET  BROOKLYN,946,35,306,YAFE MEOD CORP,40.67845153808594,-73.98016357421875
BROOKLYN,3019381,2/12/2026,3/14/2025,B00981894-S1-PL,Plumbing,Permit Issued,B00981894-S1,Alteration CO,Yes,Yes,Permit Entire,3938.5,3,4,1000.0,665 DEGRAW STREET  BROOKLYN,946,72,306,CREATIVE PLUMBING IN,40.67844009399414,-73.98094177246094
Brooklyn,3019391,1/4/2026,8/18/2025,30137592801AL03,AL,Issued,301375928,A1,Y,,PERMIT ISSUED - ENTIRE JOB/WORK,2208.0,2,3,10000.0,647A DEGRAW STREET  Brooklyn,946,82,306,SCOTT SCHNALL PE,40.67864990234375,-73.98149108886719
Brooklyn,3019448,12/1/2025,4/10/2025,32201786601AL07,AL,Issued,322017866,A1,Y,,PERMIT ISSUED - ENTIRE JOB/WORK,2680.0,1,5,1000001.0,33 LINCOLN PLACE  Brooklyn,947,70,306,PHDESIGN,40.6775016784668,-73.97846984863281
Brooklyn,3019579,4/1/2026,4/3/2025,32131225401AL07,AL,Issued,321312254,A1,,Y,PERMIT ISSUED - ENTIRE JOB/WORK,5340.0,1,3,2000000.0,689 SACKETT STREET  Brooklyn,949,68,306,TURETT COLLABORATIVE ARCHITECTS,40.67776870727539,-73.9811782836914
Brooklyn,3020114,1/10/2026,7/2/2025,32159647501AL02,AL,Issued,321596475,A1,,Y,PERMIT ISSUED - ENTIRE JOB/WORK,20504.0,7,6,3298420.0,207 5TH AVENUE  Brooklyn,956,9,306,MELAMED ARCHITECT  P.C,40.67613983154297,-73.98029327392578
BROOKLYN,3020427,2/12/2026,8/25/2025,B08010313-I1-GC,General Construction,Permit Issued,B08010313-I1,ALT-CO - New Building with Existing Elements to Remain,Yes,Yes,Permit Entire,3172.0,2,4,555600.0,39 GARFIELD PLACE  BROOKLYN,961,55,306,YAFE MEOD CORP,40.67530822753906,-73.9828109741211
BROOKLYN,3021283,11/2/2025,8/26/2025,B01096551-S3-ST,Structural,Permit Issued,B01096551-S3,Alteration CO,Yes,,Permit Entire,2374.0,1,3,36000.0,428 4 STREET  BROOKLYN,986,35,306,A1 RELIABLE CONST CORP,40.67000961303711,-73.97979736328125
Brooklyn,3021386,11/4/2025,6/18/2025,30118751501AL13,AL,Issued,301187515,A1,,Y,PERMIT ISSUED - ENTIRE JOB/WORK,5544.0,6,4,227000.0,367 5 AVENUE  Brooklyn,988,5,306,New York Design Architects,40.67116928100586,-73.98426818847656
BROOKLYN,3021514,4/9/2026,4/9/2025,B00640621-I1-GC,General Construction,Permit Issued,B00640621-I1,Alteration CO,Yes,,Permit Entire,3917.0,2,4,88000.0,449 6 STREET  BROOKLYN,989,59,306,GAUDIOSO CONTRACTING INC,40.66926956176758,-73.980712890625
Brooklyn,3022044,4/1/2026,5/13/2025,32205039201NB05,NB,Issued,322050392,NB,,,PERMIT ISSUED - ENTIRE JOB/WORK,24372.0,0,3,0.0,197 9 STREET  Brooklyn,1003,11,306,AECOM,40.67148971557617,-73.99015045166016
BROOKLYN,3022475,12/12/2025,5/5/2025,B00981724-S2-GC-CX,Structural General Construction,Permit Issued,B00981724-S2,Alteration CO,Yes,,Permit Entire,4773.0,3,3,125026.3984375,266 10 STREET  BROOKLYN,1015,31,306,JONICO CONSTRUCTION LLC,40.669960021972656,-73.99018096923828
BROOKLYN,3022518,3/27/2026,9/15/2025,B01238324-S7-FN,Construction Fence,Permit Issued,B01238324-S7,ALT-CO - New Building with Existing Elements to Remain,Yes,Yes,Permit Entire,10258.0,10,4,2000.0,181 11 STREET  BROOKLYN,1015,76,306,PARK USA DESIGN & REMODEL,40.67026138305664,-73.99150085449219
BROOKLYN,3023116,2/21/2026,2/21/2025,B00756713-S2-PL,Plumbing,Permit Issued,B00756713-S2,New Building,,,Permit Issued,5719.0,2,4,200000.0,193 13 STREET  BROOKLYN,1027,50,306,MEGA PLBG CORP,40.66844177246094,-73.99122619628906
BROOKLYN,3023176,1/1/2026,6/20/2025,B00828224-S1-PL,Plumbing,Permit Issued,B00828224-S1,New Building,,,Permit Issued,6226.0,4,4,0.0,241 13 STREET  BROOKLYN,1028,58,306,VAND MECHANICAL INC,40.6674690246582,-73.98921966552734
BROOKLYN,3023191,12/26/2025,1/2/2025,B01036514-S3-ST,Structural,Permit Issued,B01036514-S3,Alteration CO,,Yes,Permit Entire,6756.18994140625,10,4,1000.0,503 4 AVENUE  BROOKLYN,1028,76,306,BUILDERS GROUP USA INC,40.66796112060547,-73.99040985107422
BROOKLYN,3023293,10/25/2025,6/26/2025,B07997636-I1-GC,General Construction,Permit Issued,B07997636-I1,New Building,,,Permit Entire,7626.0,4,4,2800000.0,367 13 STREET  BROOKLYN,1030,55,306,LWS CONSTRUCTION INC,40.66511154174805,-73.9843521118164
Brooklyn,3023480,1/15/2026,9/3/2025,32204472901NB07,NB,Issued,322044729,NB,,,PERMIT ISSUED - ENTIRE JOB/WORK,4936.0,1,5,0.0,293 14TH STREET  Brooklyn,1035,58,306,DESIGN STUDIO ASSOCIATES,40.665611267089844,-73.98712921142578
BROOKLYN,3023611,11/19/2025,9/8/2025,B01124516-I1-GC,General Construction,Permit Issued,B01124516-I1,ALT-CO - New Building with Existing Elements to Remain,Yes,Yes,Permit Entire,5401.27978515625,3,4,941330.0,164 14 STREET  BROOKLYN,1040,27,306,LBM CONSTRUCTION OF NY IN,40.66767120361328,-73.99243927001953
BROOKLYN,3023718,11/14/2025,12/2/2024,B00637654-S3-PL,Plumbing,Permit Issued,B00637654-S3,New Building,,,Permit Entire,14076.3701171875,10,5,1000.0,308 14 STREET  BROOKLYN,1042,37,306,PRIME PIPING & HEATING IN,40.66505813598633,-73.98738098144531
Brooklyn,3023848,4/1/2026,4/4/2025,32208437401AL09,AL,Issued,322084374,A1,Y,Y,PERMIT ISSUED - ENTIRE JOB/WORK,5096.0,2,3,475274.0,100 15 STREET  Brooklyn,1046,18,307,ANDREW CARACCIOLO ARCHITECT,40.66733932495117,-73.9935531616211
BROOKLYN,3024216,12/16/2025,12/16/2024,B00656247-Z1-ST,Structural,Permit Issued,B00656247-Z1,New Building,,,Permit Entire,249999.0,147,5,1000.0,263 PROSPECT AVENUE  BROOKLYN,1053,79,307,ARC ELECTRICAL & MECH CON,40.66402816772461,-73.98941802978516
Brooklyn,3024593,11/28/2025,12/16/2024,32206910401AL04,AL,Issued,322069104,A1,Y,,PERMIT ISSUED - ENTIRE JOB/WORK,3556.0,2,4,800000.0,895 UNION ST  Brooklyn,1063,56,306,JAMES SCHAEFER ARCHTECT PC,40.67409896850586,-73.97384643554688
BROOKLYN,3026028,10/29/2025,10/29/2024,B01021169-S5-EW-SP,Sprinklers,Permit Issued,B01021169-S5,ALT-CO - New Building with Existing Elements to Remain,,Yes,Permit Entire,1132.0,2,3,50000.0,591 10 STREET  BROOKLYN,1092,49,306,DYNAMIC PLBNG & SPRKR COR,40.66569900512695,-73.9803237915039
BROOKLYN,3026242,2/26/2026,2/26/2025,B00719832-I1-GC,General Construction,Permit Issued,B00719832-I1,Alteration CO,Yes,,Permit Entire,2684.0,2,3,37700.0,611 11 STREET  BROOKLYN,1095,65,306,RED OAK RENOVATIONS CORP,40.664161682128906,-73.9788818359375
Brooklyn,3027721,5/22/2026,7/2/2025,32159855201AL08,AL,Issued,321598552,A1,Y,Y,PERMIT ISSUED - ENTIRE JOB/WORK,5145.0,2,4,739380.0,819 DEAN STREET  Brooklyn,1132,56,308,KANE ARCHITECTURE & URBAN DESIGN,40.679351806640625,-73.96275329589844
BROOKLYN,3027854,12/6/2025,1/6/2025,B00780167-S2-SE,Support of Excavation,Permit Issued,B00780167-S2,ALT-CO - New Building with Existing Elements to Remain,,Yes,Permit Entire,2080.0,2,3,10000.0,584 DEAN STREET  BROOKLYN,1137,14,308,MOKEN HOME IMPROVEMENT,40.680519104003906,-73.97075653076172
BROOKLYN,3027911,3/4/2026,9/2/2025,B00523683-I1-GC,General Construction,Permit Issued,B00523683-I1,Alteration CO,Yes,Yes,Permit Entire,4247.0,2,4,1100000.0,688 DEAN STREET  BROOKLYN,1138,17,308,EUDA CONSTRUCTION &,40.6798210144043,-73.96736907958984
Brooklyn,3028089,7/23/2026,7/17/2025,32194395601AL06,AL,Issued,321943956,A1,Y,,PERMIT ISSUED - ENTIRE JOB/WORK,4353.0,2,4,975000.0,93 ST. MARKS AVE  Brooklyn,1143,82,308,SION CONSULTING ENGINEERING PC,40.67982864379883,-73.97328186035156
BROOKLYN,3028181,12/12/2025,9/18/2025,B01213370-I1-GC-CX,Structural General Construction Foundation,Permit Issued,B01213370-I1,Alteration CO,Yes,No,Permit Entire,4440.0,2,4,602720.0,139 SAINT MARKS AVENUE  BROOKLYN,1144,99,308,J&J DESIGNS INC,40.67937088012695,-73.9714126586914
BROOKLYN,3028456,11/24/2025,6/16/2025,B01070058-S1-PL,Plumbing,Permit Issued,B01070058-S1,Alteration CO,Yes,,Permit Entire,6119.0,3,4,159999.734375,183 PROSPECT PLACE  BROOKLYN,1151,76,308,ALL PRO PLBG & HTG INC,40.67829132080078,-73.97048950195312
BROOKLYN,3028859,12/12/2025,9/17/2025,B01149066-I1-GC-CX,Structural General Construction Foundation,Permit Issued,B01149066-I1,Alteration CO,Yes,Yes,Permit Entire,4843.0,2,4,847780.0,273 PARK PLACE  BROOKLYN,1159,88,308,J&J DESIGNS INC,40.67692947387695,-73.9685287475586
BROOKLYN,3029432,12/6/2025,1/8/2025,B01006108-S3-ST,Structural,Permit Issued,B01006108-S3,New Building,,,Permit Entire,14903.400390625,10,6,0.0,753 WASHINGTON AVENUE  BROOKLYN,1174,9,308,TCHORS LLC,40.67420959472656,-73.96278381347656
BROOKLYN,3029573,12/11/2025,12/11/2024,B00991253-S1-ST,Structural,Permit Issued,B00991253-S1,New Building,,,Permit Entire,24327.0,19,7,0.0,817 CLASSON AVENUE  BROOKLYN,1178,7,308,B CONTRACTORS GROUP LLC,40.67264175415039,-73.96057891845703
Brooklyn,3030104,1/17/2026,1/3/2025,32153743101AL10,AL,Issued,321537431,A1,Y,Y,PERMIT ISSUED - ENTIRE JOB/WORK,10117.0,3,4,1371147.0,1362 PACIFIC STREET  Brooklyn,1208,30,308,GERALD J. CALIENDO ARCHITECTS,40.67716979980469,-73.94523620605469
BROOKLYN,3030114,1/29/2026,10/2/2025,B01021153-S2-PL,Plumbing,Permit Issued,B01021153-S2,ALT-CO - New Building with Existing Elements to Remain,Yes,Yes,Permit Entire,5266.0,8,4,1440000.0,94 BROOKLYN AVENUE  BROOKLYN,1208,46,308,JL PLUMBING  LLC,40.6768798828125,-73.944580078125
Brooklyn,3030219,11/14/2025,11/18/2024,32192490401AL07,AL,Issued,321924904,A1,Y,Y,PERMIT ISSUED - ENTIRE JOB/WORK,6158.0,7,5,1336187.0,1469 DEAN STREET  Brooklyn,1210,54,308,CITISCAPE CONSULTING LTD,40.67655944824219,-73.93963623046875
BROOKLYN,3030648,12/15/2025,6/20/2025,B00962789-I1-GC-CX,Structural General Construction Foundation Earth Work,Permit Issued,B00962789-I1,Alteration CO,Yes,No,Permit Entire,1485.0,3,3,1416460.0,1036 BERGEN STREET  BROOKLYN,1219,13,308,HARROW CONSTRUCTION & MA*,40.67593002319336,-73.95191955566406
BROOKLYN,3030994,12/31/2025,2/24/2025,B00818864-S4-ST,Structural,Permit Issued,B00818864-S4,ALT-CO - New Building with Existing Elements to Remain,,Yes,Permit Entire,8293.0,8,4,1035300.0,643 NOSTRAND AVENUE  BROOKLYN,1227,11,308,TESS CONTRACTING CORP,40.67502975463867,-73.94975280761719
Brooklyn,3031186,4/26/2026,6/3/2025,32112066601NB10,NB,Issued,321120666,NB,,,PERMIT ISSUED - ENTIRE JOB/WORK,5130.0,6,4,0.0,115 ROGERS AVE  Brooklyn,1233,1,308,ODAYE DESIGN P.E. P.C.,40.67367172241211,-73.95263671875
Brooklyn,3031275,5/12/2026,8/28/2025,32165085101AL03,AL,Issued,321650851,A1,,Y,PERMIT ISSUED - PARTIAL JOB,0.0,2,3,150000.0,851 PARK PLACE  Brooklyn,1234,70,308,MESH ARCHITECTURES,40.67361068725586,-73.94925689697266
BROOKLYN,3031858,3/11/2026,3/11/2025,B00919642-S6-ST,Structural,Permit Issued,B00919642-S6,ALT-CO - New Building with Existing Elements to Remain,Yes,Yes,Permit Entire,5340.43994140625,5,4,200000.0,157 ROGERS AVENUE  BROOKLYN,1247,5,308,EAST COAST MANAGEMENT*,40.67216873168945,-73.9527587890625
Brooklyn,3031869,6/26/2026,6/25/2025,34078837501AL11,AL,Reissued,340788375,A1,Y,Y,PERMIT ISSUED - ENTIRE JOB/WORK,6743.0,4,4,1100000.0,810 STERLING PLACE  Brooklyn,1247,23,308,BRICOLAGE DESIGNS,40.672340393066406,-73.95176696777344
BROOKLYN,3031936,1/21/2026,4/28/2025,B01194109-S4-GC,General Construction,Permit Issued,B01194109-S4,Alteration CO,Yes,,Permit Entire,3219.89990234375,2,4,38430.0,902 STERLING PLACE  BROOKLYN,1248,29,308,ESSENTIAL REMODELING INC,40.672218322753906,-73.9487075805664
BROOKLYN,3032263,4/27/2026,8/12/2025,B00655818-S1-SE,Support of Excavation,Permit Issued,B00655818-S1,New Building,,,Permit Entire,99922.0,100,5,2500.0,733 LINCOLN PLACE  BROOKLYN,1254,63,308,ON STAR MANAGEMENT LLC,40.67115020751953,-73.95231628417969
Brooklyn,3032264,5/21/2026,7/17/2025,32210610901DM02,DM,Issued,322106109,DM,,,PERMIT ISSUED - ENTIRE JOB/WORK,0.0,0,0,0.0,715 LINCOLN PLACE  Brooklyn,1254,63,308,H&O ENGINEERING  DPC,40.67115020751953,-73.95231628417969
BROOKLYN,3032565,11/19/2025,9/26/2025,B01172333-S1-EW-SP,Sprinklers,Permit Issued,B01172333-S1,Alteration CO,,Yes,Permit Entire,4122.2001953125,2,4,80000.0,363 EASTERN PARKWAY  BROOKLYN,1259,52,308,EXPERT FIRE SPRINKLER LLC,40.67081069946289,-73.95657348632812
BROOKLYN,3032594,12/23/2025,3/17/2025,B00970663-S6-ST,Structural,Permit Issued,B00970663-S6,Alteration CO,Yes,Yes,Permit Entire,4806.0,7,4,141152.21875,445 EASTERN PARKWAY  BROOKLYN,1260,29,308,NYC BUILDING SOLUTIONS CO,40.67049026489258,-73.95361328125
Brooklyn,3032634,11/12/2025,10/15/2025,32174099701AL11,AL,Issued,321740997,A1,Y,Y,PERMIT ISSUED - ENTIRE JOB/WORK,9146.0,6,6,1830000.0,525 EASTERN PARKWAY  Brooklyn,1261,37,308,TAL IRIS SHEMESH ARCHITECT,40.670310974121094,-73.95098876953125
Brooklyn,3034254,11/3/2025,11/4/2024,32159602801AL06,AL,Issued,321596028,A1,Y,Y,PERMIT ISSUED - ENTIRE JOB/WORK,8282.0,3,4,931200.0,511 MONTGOMERY STREET  Brooklyn,1298,70,309,RISE ARCHITECTURE,40.665489196777344,-73.94766998291016
Brooklyn,3034564,3/8/2026,3/19/2025,32062793301AL08,AL,Issued,320627933,A1,,Y,PERMIT ISSUED - ENTIRE JOB/WORK,7610.0,8,5,1227400.0,502 MONTGOMERY ST  Brooklyn,1310,9,309,M ARCHITECTURE  P.C.,40.66497039794922,-73.94801330566406
BROOKLYN,3035478,2/26/2026,5/14/2025,B00966986-S6-SE,Support of Excavation,Permit Issued,B00966986-S6,New Building,,,Permit Entire,5581.1201171875,2,5,0.0,502 LEFFERTS AVENUE  BROOKLYN,1332,19,309,G BUILDERS MANAGEMENT INC,40.662471771240234,-73.9445571899414
Brooklyn,3035678,3/14/2026,4/8/2025,32091205401AL01,AL,Issued,320912054,A1,Y,Y,PERMIT ISSUED - ENTIRE JOB/WORK,8764.0,10,4,801000.0,1696 PACIFIC STREET  Brooklyn,1342,16,308,PAUL J. HESSEL  P.E.,40.67647171020508,-73.93244934082031
Brooklyn,3035770,2/10/2026,5/20/2025,32159950601NB08,NB,Issued,321599506,NB,,,PERMIT ISSUED - ENTIRE JOB/WORK,7651.0,8,4,0.0,1668 DEAN STREET  Brooklyn,1348,13,308,ARC ARCHITECTURE + DESIGN STUDIO,40.67570114135742,-73.9326171875
BROOKLYN,3035888,6/22/2026,9/10/2025,B08025465-S2-FN,Construction Fence,Permit Issued,B08025465-S2,New Building,,,Permit Entire,8959.7197265625,8,4,0.0,1201 ST MARKS AVENUE  BROOKLYN,1355,71,308,EMPIRE PROP PARTNERS LLC*,40.67435836791992,-73.92957305908203
BROOKLYN,3035936,3/27/2026,8/5/2025,B01205619-S1-SE,Support of Excavation,Permit Issued,B01205619-S1,New Building,,,Permit Entire,16490.0,21,4,0.0,1259 ST MARKS AVENUE  BROOKLYN,1356,75,308,PARK USA DESIGN & REMODEL,40.67422866821289,-73.92725372314453
BROOKLYN,3036158,11/12/2025,7/22/2025,B01021879-S3-ST,Structural,Permit Issued,B01021879-S3,ALT-CO - New Building with Existing Elements to Remain,Yes,Yes,Permit Entire,8071.60009765625,10,4,1000.0,1260 PROSPECT PLACE  BROOKLYN,1365,30,308,JOHN EVAN CONTRACTING COR,40.67321014404297,-73.9348373413086
BROOKLYN,3036275,4/1/2026,8/26/2025,B00835177-S1-EW-SP,Sprinklers,Signed-off,B00835177-S1,Alteration CO,,Yes,Permit Entire,4784.0,4,3,79200.0,185 UTICA AVENUE  BROOKLYN,1367,2,308,MPS PLUMBING & HEATING IN,40.672550201416016,-73.93048095703125
BROOKLYN,3036395,1/23/2026,1/23/2025,B00839435-Z3-ST,Structural,Permit Issued,B00839435-Z3,ALT-CO - New Building with Existing Elements to Remain,Yes,Yes,Permit Entire,6573.0,9,4,20000.0,1180 PARK PLACE  BROOKLYN,1370,18,308,PEEPS SERVICES INC,40.672508239746094,-73.93846130371094
BROOKLYN,3036579,3/16/2026,4/1/2025,B00825269-I1-GC,General Construction,Permit Issued,B00825269-I1,ALT-CO - New Building with Existing Elements to Remain,Yes,Yes,Permit Entire,6077.75,8,4,1595095.0,1479 STERLING PLACE  BROOKLYN,1373,66,308,EAST COAST MANAGEMENT*,40.671661376953125,-73.92942810058594
Brooklyn,3036724,10/30/2025,6/25/2025,32139419301AL04,AL,Issued,321394193,A1,Y,Y,PERMIT ISSUED - ENTIRE JOB/WORK,5768.0,8,4,784150.0,1201 ST JOHNS PLACE  Brooklyn,1376,79,308,NOEL WONG  RA,40.67129898071289,-73.93843078613281
BROOKLYN,3036941,5/4/2026,7/14/2025,B00997381-S3-EW-SP,Sprinklers,Permit Issued,B00997381-S3,Alteration CO,No,Yes,Permit Entire,7659.3798828125,0,2,30000.0,1603 ST JOHNS PLACE  BROOKLYN,1381,69,308,DYNAMIC PLBNG & SPRKR COR,40.67047119140625,-73.92411041259766
Brooklyn,3037822,4/1/2026,10/1/2025,32163145401NB03,NB,Issued,321631454,NB,,,PERMIT ISSUED - PARTIAL JOB,1314.0,0,1,0.0,299 BUFFALO AVENUE  Brooklyn,1405,1,308,NYC DEPT OF PARKS & RECREATION,40.66693115234375,-73.92523956298828
Brooklyn,3038665,5/22/2026,5/19/2025,34080150001NB04,NB,Issued,340801500,NB,,,PERMIT ISSUED - ENTIRE JOB/WORK,46593.0,105,8,0.0,2384 ATLANTIC AVENUE  Brooklyn,1437,1,316,MICHAEL KANG ARCHITECT  P.C.,40.6757698059082,-73.90579986572266
Brooklyn,3038725,3/26/2026,9/19/2025,34080304501NB01,NB,Issued,340803045,NB,,,PERMIT ISSUED - ENTIRE JOB/WORK,8955.0,10,4,0.0,219 ROCKAWAY AVE  Brooklyn,1442,6,316,ENGINEERING PROFESSIONAL SVCS PC,40.675140380859375,-73.9107437133789
Brooklyn,3039356,12/27/2025,12/23/2024,32160075401NB02,NB,Issued,321600754,NB,,,PERMIT ISSUED - ENTIRE JOB/WORK,3937.0,3,4,0.0,1831 PARK PLACE  Brooklyn,1464,79,316,UNION STREET STUDIO  LLC,40.671810150146484,-73.91661071777344
BROOKLYN,3040605,1/14/2026,6/17/2025,B00973877-S2-PL,Plumbing,Permit Issued,B00973877-S2,ALT-CO - New Building with Existing Elements to Remain,,,Permit Entire,5283.0,4,4,1000.0,467 BAINBRIDGE STREET  BROOKLYN,1505,52,303,PLUMB-IT MECHANICAL INC,40.68267822265625,-73.91818237304688
BROOKLYN,3041311,7/14/2026,7/14/2025,B00655019-S7-SE,Support of Excavation,Permit Issued,B00655019-S7,Alteration CO,No,Yes,Permit Entire,5799.8701171875,6,4,130.0,402 MARION STREET  BROOKLYN,1521,15,316,B36 SERVICES INC,40.68128967285156,-73.91316986083984
Brooklyn,3041618,12/27/2025,12/23/2024,32160068301NB02,NB,Issued,321600683,NB,,,PERMIT ISSUED - ENTIRE JOB/WORK,3831.0,3,4,0.0,1937 FULTON STREET  Brooklyn,1531,65,303,UNION STREET STUDIO  LLC,40.67893981933594,-73.91854858398438
BROOKLYN,3042287,2/10/2026,2/10/2025,B00635730-S3-MS,Mechanical Systems,Signed-off,B00635730-S3,New Building,,,Permit Entire,103481.546875,119,9,2000.0,2258 FULTON STREET  BROOKLYN,1553,18,316,ON STAR MANAGEMENT LLC,40.677791595458984,-73.9063491821289
BROOKLYN,3042827,11/26/2025,11/26/2024,B00898115-S1-SE,Support of Excavation,Permit Issued,B00898115-S1,New Building,,,Permit Entire,72362.78125,50,9,0.0,861 PARK AVENUE  BROOKLYN,1579,10,303,BUILDERS SOURCE USA LLC,40.698978424072266,-73.9406509399414
BROOKLYN,3044070,12/1/2025,1/27/2025,B01033993-S3-EW-SP,Sprinklers,Signed-off,B01033993-S3,Alteration CO,,Yes,Permit Entire,4200.0,2,4,59000.0,145 STUYVESANT AVENUE  BROOKLYN,1621,7,303,PLBG P & H INC,40.69017028808594,-73.93324279785156
BROOKLYN,3044586,12/5/2025,2/19/2025,B01119314-S1-PL,Plumbing,Permit Issued,B01119314-S1,Alteration CO,,Yes,Permit Entire,4230.60009765625,2,4,34000.0,828 QUINCY STREET  BROOKLYN,1633,15,303,PREMIER FLOW PLBG AND HTG,40.68952178955078,-73.92639923095703
Brooklyn,3044992,10/31/2025,10/31/2024,32091267901AL03,AL,Issued,320912679,A1,Y,Y,PERMIT ISSUED - PARTIAL JOB,5454.0,6,4,1132720.0,708 MONROE STREET  Brooklyn,1642,24,303,A&T ENGINEERING  P.C.,40.68778991699219,-73.92838287353516
Brooklyn,3047164,12/6/2025,12/6/2024,32175808601AL05,AL,Issued,321758086,A1,Y,,PERMIT ISSUED - ENTIRE JOB/WORK,2004.0,1,3,374696.0,371 DECATUR STREET  Brooklyn,1676,48,303,KIMBERLY PECK AIA,40.682159423828125,-73.92913055419922
Brooklyn,3047821,12/27/2025,12/24/2024,32138664701NB07,NB,Issued,321386647,NB,,,PERMIT ISSUED - ENTIRE JOB/WORK,3228.0,3,3,0.0,358 MALCOLM X BLVD  Brooklyn,1686,48,303,GERALD J. CALIENDO  R.A.  A.I.A.,40.680641174316406,-73.92887115478516
Brooklyn,3048198,10/31/2025,1/29/2025,32159043501NB03,NB,Issued,321590435,NB,,,PERMIT ISSUED - ENTIRE JOB/WORK,13550.0,12,4,0.0,816 HERKIMER STREET  Brooklyn,1710,9,303,DAVID CUNNINGHAM ARCHITECTURE PL,40.67811965942383,-73.92630767822266
Brooklyn,3048362,5/1/2026,5/8/2025,32142609701AL02,AL,Issued,321426097,A1,,Y,PERMIT ISSUED - PARTIAL JOB,14159.0,6,6,2663307.0,96 ELLERY STREET  Brooklyn,1730,8,303,CANTEROS+ZORRILLA ARCHITECTS P.C,40.698211669921875,-73.94950866699219
BROOKLYN,3048729,8/15/2026,9/15/2025,B01205418-S3-SE,Support of Excavation,Permit Issued,B01205418-S3,ALT-CO - New Building with Existing Elements to Remain,Yes,Yes,Permit Entire,4699.0,2,4,1000.0,233 VERNON AVENUE  BROOKLYN,1757,62,303,CASA AZOUTR INC,40.695640563964844,-73.94236755371094
BROOKLYN,3048776,6/30/2026,8/21/2025,B01089688-S9-MS,Mechanical Systems,Permit Issued,B01089688-S9,ALT-CO - New Building with Existing Elements to Remain,Yes,Yes,Permit Entire,5866.39990234375,2,4,28000.0,600 MARCY AVENUE  BROOKLYN,1758,53,303,CAVALRY LLC,40.694068908691406,-73.94921875
BROOKLYN,3048793,1/1/2026,5/5/2025,B08035340-S1-EW-SP,Sprinklers,Signed-off,B08035340-S1,ALT-CO - New Building with Existing Elements to Remain,Yes,Yes,Permit Entire,4692.0,2,4,1000.0,479 WILLOUGHBY AVENUE  BROOKLYN,1758,71,303,B&B MECH PLBG & HTG LLC,40.69395065307617,-73.95052337646484
BROOKLYN,3048816,12/30/2025,7/1/2025,B01180414-I1-FD,Full Demolition,Permit Issued,B01180414-I1,Full Demolition,,,Permit Entire,3440.0,0,0,75000.0,82 VERNON AVENUE  BROOKLYN,1759,11,303,STAR COMPANIESS LLC,40.694480895996094,-73.9483871459961
BROOKLYN,3048945,3/27/2026,9/9/2025,B01174645-S4-SE,Support of Excavation,Permit Issued,B01174645-S4,ALT-CO - New Building with Existing Elements to Remain,Yes,Yes,Permit Entire,8351.2197265625,4,4,1000.0,937 BEDFORD AVENUE  BROOKLYN,1762,16,303,PARK USA DESIGN & REMODEL,40.691951751708984,-73.9552993774414
BROOKLYN,3049152,12/19/2025,12/19/2024,B01009942-I1-GC,General Construction,Permit Issued,B01009942-I1,ALT-CO - New Building with Existing Elements to Remain,Yes,Yes,Permit Entire,6163.77978515625,4,4,1059372.0,153 TOMPKINS AVENUE  BROOKLYN,1768,9,303,BERKOWITS REALTY LLC,40.6940803527832,-73.9457778930664
Brooklyn,3049353,5/6/2026,7/17/2025,32159268301NB07,NB,Issued,321592683,NB,,,PERMIT ISSUED - ENTIRE JOB/WORK,8828.0,8,4,0.0,173 TOMPKINS AVENUE  Brooklyn,1772,8,303,AMR OUDA,40.693328857421875,-73.94563293457031
BROOKLYN,3049445,5/6/2026,7/8/2025,B00876320-S8-SE,Support of Excavation,Permit Issued,B00876320-S8,Alteration CO,Yes,,Permit Entire,5320.6298828125,2,4,100000.0,46A PULASKI STREET  BROOKLYN,1774,33,303,PARK MANAGEMENT USA CORP,40.69207000732422,-73.94978332519531
BROOKLYN,3049596,5/6/2026,5/21/2025,B00924812-S4-ST,Structural,Permit Issued,B00924812-S4,ALT-CO - New Building with Existing Elements to Remain,No,Yes,Permit Entire,6284.33984375,7,4,10000.0,979 BEDFORD AVENUE  BROOKLYN,1778,6,303,Y&L INTERIOR LLC,40.69057846069336,-73.95503234863281
BROOKLYN,3050011,11/13/2025,9/10/2025,B01038125-S1-PL,Plumbing,Permit Issued,B01038125-S1,Alteration CO,Yes,Yes,Permit Entire,3552.0,2,4,50000.0,61 VAN BUREN STREET  BROOKLYN,1791,57,303,LG ELITE PLUMBING INC,40.69029998779297,-73.94315338134766
Brooklyn,3051079,6/1/2026,9/18/2025,32118855801NB01,NB,Issued,321188558,NB,,,PERMIT ISSUED - PARTIAL JOB,7159.0,7,4,0.0,181 MONROE ST  Brooklyn,1812,65,303,L & C  ASSOCIATES,40.68558120727539,-73.95160675048828
BROOKLYN,3051315,3/3/2026,7/17/2025,B08044690-I1-GC-CX,Structural General Construction Foundation Earth Work,Permit Issued,B08044690-I1,New Building,,,Permit Entire,5680.0,4,4,908800.0,182 MONROE STREET  BROOKLYN,1817,35,303,EXCELLENT METROPOLITAN,40.6850700378418,-73.95201110839844
Brooklyn,3051317,12/10/2025,1/2/2025,32200140901AL04,AL,Issued,322001409,A1,Y,Y,PERMIT ISSUED - ENTIRE JOB/WORK,3514.0,3,4,180000.0,194 MONROE STREET  Brooklyn,1817,41,303,GERDES ARCHITECTS,40.68513107299805,-73.95157623291016
BROOKLYN,3052856,12/1/2025,9/3/2025,B00948397-S2-EW-SP,Sprinklers,Signed-off,B00948397-S2,New Building,,,Permit Entire,9742.9697265625,8,4,0.0,259 HALSEY STREET  BROOKLYN,1840,75,303,PLBG P & H INC,40.682861328125,-73.9427490234375
Brooklyn,3052988,4/8/2026,4/8/2025,32159685801NB01,NB,Issued,321596858,NB,,,PERMIT ISSUED - ENTIRE JOB/WORK,33436.0,38,9,0.0,1211 FULTON ST  Brooklyn,1842,66,303,NY BUILDING ASSOCIATES INC,40.680809020996094,-73.95295715332031
BROOKLYN,3053302,12/26/2025,10/14/2025,B01199719-I1-GC-CX,Structural General Construction,Permit Issued,B01199719-I1,Alteration CO,,Yes,Permit Entire,4578.0,2,4,563550.0,134 MACON STREET  BROOKLYN,1851,12,303,PRIMROSE SERVICE INC,40.68132019042969,-73.94551849365234
BROOKLYN,3053322,1/12/2026,7/10/2025,B00818837-S1-ST,Structural,Signed-off,B00818837-S1,Alteration CO,,Yes,Permit Entire,3396.0,2,4,109976.5234375,174 MACON STREET  BROOKLYN,1851,32,303,VESTA CONSTRUCTION  INC,40.68149185180664,-73.944091796875
Brooklyn,3053484,10/30/2025,10/28/2024,32172788701AL06,AL,Issued,321727887,A1,,Y,PERMIT ISSUED - ENTIRE JOB/WORK,11340.0,11,4,850000.0,485 TOMPKINS AVENUE  Brooklyn,1855,4,303,DIEGO AGUILERA ARCHITECTS P.C.,40.680660247802734,-73.94313049316406
BROOKLYN,3053540,2/12/2026,9/29/2025,B01196091-I1-GC-CX,Structural General Construction,Permit Issued,B01196091-I1,Alteration CO,,Yes,Permit Entire,4302.0,2,4,537875.0,37 DECATUR STREET  BROOKLYN,1855,63,303,YAFE MEOD CORP,40.68070983886719,-73.94188690185547
BROOKLYN,3054191,11/25/2025,1/14/2025,B00845076-Z3-EW-SD,Standpipe,Permit Issued,B00845076-Z3,New Building,,,Permit Entire,63907.0,0,12,0.0,67 TAAFFE PLACE  BROOKLYN,1883,7,303,TRISTATE FIRE SPRINK INC,40.6968994140625,-73.96051025390625
BROOKLYN,3054236,1/1/2026,7/30/2025,B01127450-S6-EW-SP,Sprinklers,Permit Issued,B01127450-S6,ALT-CO - New Building with Existing Elements to Remain,Yes,Yes,Permit Entire,7228.0,2,3,122100.0,796 BEDFORD AVENUE  BROOKLYN,1886,72,303,B&B MECH PLBG & HTG LLC,40.69736862182617,-73.95702362060547
Brooklyn,3054306,8/28/2026,8/28/2025,32147476601AL06,AL,Issued,321474766,A1,Y,,PERMIT ISSUED - ENTIRE JOB/WORK,587.0,5,4,651036.0,139 CLINTON AVE.  Brooklyn,1888,11,302,HAFFEY ARCHITECTURE AND ENG,40.69382858276367,-73.96861267089844
BROOKLYN,3054402,6/29/2026,10/10/2024,B00645412-S5-MS,Mechanical Systems,Permit Issued,B00645412-S5,ALT-CO - New Building with Existing Elements to Remain,Yes,Yes,Permit Entire,8305.0,7,4,100000.0,166 WASHINGTON AVENUE  BROOKLYN,1889,7503,302,AVESTA BUILDERS INC,40.693668365478516,-73.96726989746094
BROOKLYN,3054441,3/20/2026,4/14/2025,B00620269-I1-GC,General Construction,Permit Issued,B00620269-I1,Alteration CO,Yes,No,Permit Entire,2225.0,2,3,318998.25,110 HALL STREET  BROOKLYN,1890,67,302,HHI TECH INC,40.69451904296875,-73.96642303466797
BROOKLYN,3054516,3/16/2026,8/8/2025,B00891082-I1-ST,Structural,Permit Issued,B00891082-I1,Alteration CO,Yes,,Permit Entire,4114.0,2,3,646509.0,126 RYERSON STREET  BROOKLYN,1891,73,302,RUCKERCORP INC,40.69404983520508,-73.96537780761719
Brooklyn,3054668,6/16/2026,6/13/2025,32159984601NB03,NB,Issued,321599846,NB,,,PERMIT ISSUED - ENTIRE JOB/WORK,6068.0,1,3,0.0,121 TAAFFE PLACE  Brooklyn,1897,10,303,JEFFREY SANDOR ORLING ARCHITECT,40.69499969482422,-73.96011352539062
BROOKLYN,3054898,1/8/2026,4/22/2025,B01166016-S1-PMM,Protection and Mechanical Methods,Permit Issued,B01166016-S1,Full Demolition,,,Permit Entire,6500.0,0,0,1000.0,161 EMERSON PLACE  BROOKLYN,1909,1,302,RUSSO DEVELOPMENT ENTERP,40.69268035888672,-73.9617919921875
BROOKLYN,3054939,1/31/2026,9/2/2025,B01069188-S5-SE,Support of Excavation,Permit Issued,B01069188-S5,ALT-CO - New Building with Existing Elements to Remain,Yes,Yes,Permit Entire,6023.4501953125,3,4,1000.0,642 MYRTLE AVENUE  BROOKLYN,1912,31,303,MHR LALIA CONSTRUCTION CO,40.69411087036133,-73.95832824707031
BROOKLYN,3055002,12/10/2025,12/10/2024,B00977949-S4-SE,Support of Excavation,Permit Issued,B00977949-S4,New Building,,,Permit Entire,24825.0,15,8,0.0,910 BEDFORD AVENUE  BROOKLYN,1914,39,303,MJH CONSTRUCTION CORP,40.693458557128906,-73.95623779296875
BROOKLYN,3055170,12/10/2025,12/10/2024,B00934560-S8-SE,Support of Excavation,Permit Issued,B00934560-S8,New Building,,,Permit Entire,32416.3203125,15,8,0.0,481 DEKALB AVENUE  BROOKLYN,1926,71,303,MJH CONSTRUCTION CORP,40.69084930419922,-73.95787811279297
Brooklyn,3055183,1/2/2026,6/24/2025,32158482501NB13,NB,Issued,321584825,NB,,,PERMIT ISSUED - ENTIRE JOB/WORK,15510.0,5,6,0.0,245 FRANKLIN AVENUE  Brooklyn,1927,6,303,NIKOLAI KATZ ARCHITECT,40.691078186035156,-73.95702362060547
BROOKLYN,3055445,1/20/2026,4/8/2025,B00825011-S1-ST,Structural,Permit Issued,B00825011-S1,ALT-CO - New Building with Existing Elements to Remain,Yes,Yes,Permit Entire,6301.759765625,2,4,25000.0,1026 BEDFORD AVENUE  BROOKLYN,1942,40,303,GREENCO REMODELING & DES,40.689849853515625,-73.95552825927734
BROOKLYN,3055723,11/23/2025,6/26/2025,B00980728-S1-PL,Plumbing,Permit Issued,B00980728-S1,Alteration CO,Yes,,Permit Entire,4205.0,2,3,102500.0,42 CLIFTON PLACE  BROOKLYN,1951,26,302,BT'S PLUMBING AND HEATING,40.687538146972656,-73.9631118774414
BROOKLYN,3055772,1/10/2026,5/30/2025,B32030791-S2-PL,Plumbing,Permit Issued,B00979431-S2,Alteration CO,,Yes,Permit Entire,3338.60009765625,1,3,70000.0,118 CLIFTON PLACE  BROOKLYN,1953,9,303,ZATOS PLBG AND HTG INC,40.688018798828125,-73.95967102050781
Brooklyn,3056149,3/23/2026,10/10/2025,32135949001AL06,AL,Issued,321359490,A1,Y,,PERMIT ISSUED - ENTIRE JOB/WORK,0.0,2,4,120000.0,20 CAMBRIDGE PLACE  Brooklyn,1964,45,302,TERENCE HAIRSTON ARCHITECT PLLC,40.6862907409668,-73.96367645263672
BROOKLYN,3056533,12/1/2025,2/21/2025,B00490362-S4-EW-SP,Sprinklers,Permit Issued,B00490362-S4,New Building,,,Permit Entire,6621.0,6,4,125000.0,72 QUINCY STREET  BROOKLYN,1973,22,303,PLBG P & H INC,40.685829162597656,-73.95838928222656
BROOKLYN,3057100,12/1/2025,3/20/2025,B01113305-S3-EW-SP,Sprinklers,Permit Issued,B01113305-S3,Alteration CO,,Yes,Permit Entire,4603.7998046875,1,4,29000.0,47 MADISON STREET  BROOKLYN,1987,59,303,PLBG P & H INC,40.684181213378906,-73.9571762084961
Brooklyn,3057214,5/15/2026,6/11/2025,32196825101AL05,AL,Issued,321968251,A1,Y,Y,PERMIT ISSUED - ENTIRE JOB/WORK,5998.0,4,4,1496000.0,118 MADISON ST  Brooklyn,1990,29,303,RAD DESIGN & ARCHITECTURE PLLC,40.68402862548828,-73.95452117919922
Brooklyn,3057467,5/21/2026,10/20/2025,32159040801NB05,NB,Issued,321590408,NB,,,PERMIT ISSUED - ENTIRE JOB/WORK,6820.0,3,4,0.0,1187 FULTON STREET  Brooklyn,2000,43,303,MAGNUSSON ARCHITECTURE AND PLANN,40.6810302734375,-73.9541015625
Brooklyn,3057522,3/31/2026,4/7/2025,32138747801NB11,NB,Issued,321387478,NB,,,PERMIT ISSUED - ENTIRE JOB/WORK,229943.0,264,29,0.0,545 VANDERBILT AVENUE  Brooklyn,2010,7505,302,MORRIS ADJMI ARCHITECTS,40.682098388671875,-73.96734619140625
Brooklyn,3058228,4/1/2026,4/7/2025,32159220001NB06,NB,Issued,321592200,NB,,,PERMIT ISSUED - ENTIRE JOB/WORK,204836.0,229,40,0.0,111 WILLOUGHBY STREET  Brooklyn,2058,47,302,GF55 PARTNERS,40.69234085083008,-73.98465728759766
Brooklyn,3058338,1/28/2026,6/18/2025,30182379301AL04,AL,Issued,301823793,A1,,Y,PERMIT ISSUED - ENTIRE JOB/WORK,2867.0,2,3,75000.0,186 ADELPHI STREET  Brooklyn,2073,48,302,PETER HIMMELSTEIN. ARCHITECT,40.69208908081055,-73.9719467163086
BROOKLYN,3059488,4/27/2026,6/3/2025,B01045346-S3-SE,Support of Excavation,Permit Issued,B01045346-S3,New Building,,,Permit Entire,4109.7001953125,2,4,0.0,69 GREENE AVENUE  BROOKLYN,2121,45,302,S & B CONSTRUCTION OF NY,40.68640899658203,-73.97003936767578
BROOKLYN,3059514,1/7/2026,2/18/2025,B89017010-S4-PL,Plumbing,Permit Issued,B00714141-S4,Alteration CO,,Yes,Permit Entire,2235.0,1,3,82000.0,132 BROADWAY  BROOKLYN,2131,17,301,V'S PRIME MECHANICAL  LLC,40.71010971069336,-73.96420288085938
Brooklyn,3059832,11/1/2025,11/4/2024,32159078301AL05,AL,Issued,321590783,A1,Y,Y,PERMIT ISSUED - ENTIRE JOB/WORK,16940.0,5,7,3300035.0,467 BEDFORD AVENUE  Brooklyn,2169,7506,301,LESTER KATZ  RA,40.70726013183594,-73.9640884399414
Brooklyn,3060114,1/12/2026,1/13/2025,32175942301AL04,AL,Issued,321759423,A1,Y,Y,PERMIT ISSUED - ENTIRE JOB/WORK,41680.0,0,5,1458800.0,575 BEDFORD AVE  Brooklyn,2193,1,301,RICHARD BIENENFELD ARCHITECT  PC,40.7039909362793,-73.9605484008789
BROOKLYN,3060686,6/16/2026,7/23/2025,B00875113-S5-SE,Support of Excavation,Permit Issued,B00875113-S5,ALT-CO - New Building with Existing Elements to Remain,Yes,Yes,Permit Entire,6653.64990234375,2,4,50000.0,221 PENN STREET  BROOKLYN,2213,61,301,CREATIVE BUILDERS& DEVEL*,40.704708099365234,-73.95491790771484
Brooklyn,3061430,6/16/2026,6/16/2025,32147107301AL02,AL,Issued,321471073,A1,Y,Y,PERMIT ISSUED - PARTIAL JOB,8173.0,3,4,469000.0,374 WALLABOUT STREET  Brooklyn,2266,13,301,DIEGO AGUILERA ARCHITECTS P.C.,40.70180892944336,-73.94793701171875
Brooklyn,3061432,4/30/2026,6/27/2025,32156203701NB01,NB,Issued,321562037,NB,,,PERMIT ISSUED - PARTIAL JOB,24152.0,17,6,0.0,74 THROOP AVENUE  Brooklyn,2266,30,301,ASHER HERSHKOWITZ ARCHITECT,40.7023811340332,-73.94685363769531
BROOKLYN,3061448,12/30/2025,6/6/2025,B01173489-I1-FD,Full Demolition,Permit Issued,B01173489-I1,Full Demolition,,,Permit Entire,2500.0,0,0,70000.0,55 BARTLETT STREET  BROOKLYN,2269,40,301,STAR COMPANIESS LLC,40.701541900634766,-73.94657135009766
Brooklyn,3061471,1/21/2026,2/27/2025,32159020201NB04,NB,Issued,321590202,NB,,,PERMIT ISSUED - ENTIRE JOB/WORK,7681.0,3,4,0.0,78 BARTLETT STREET  Brooklyn,2273,2,301,ECS,40.701778411865234,-73.94499206542969
BROOKLYN,3061522,11/7/2025,11/27/2024,B01005488-I1-GC,General Construction,Permit Issued,B01005488-I1,New Building,,,Permit Entire,119613.0,0,4,0.0,29 WYTHE AVENUE  BROOKLYN,2279,1,301,SPEARHEAD CONTRACTING LLC,40.72296142578125,-73.95623779296875
Brooklyn,3061527,7/8/2026,6/25/2025,32195797701AL08,AL,Issued,321957977,A1,,Y,PERMIT ISSUED - ENTIRE JOB/WORK,75289.0,0,7,3348818.0,105 N 13 ST  Brooklyn,2279,34,301,SALAMON ENGINEERING PLLC,40.72267150878906,-73.95614624023438
BROOKLYN,3061625,10/29/2025,10/29/2024,B00893028-I1-GC,General Construction,Permit Issued,B00893028-I1,ALT-CO - New Building with Existing Elements to Remain,,Yes,Permit Entire,42584.0,23,7,5000000.0,179 NORTH   10 STREET  BROOKLYN,2298,25,301,K S K CONSTRUCTION GROUP,40.719181060791016,-73.9549789428711
BROOKLYN,3061660,4/23/2026,9/17/2025,B00797659-I1-GC,General Construction,Permit Issued,B00797659-I1,Alteration CO,,Yes,Permit Entire,11290.0,0,1,1500000.0,93 NORTH    9 STREET  BROOKLYN,2303,36,301,TATRA RENOVATION INC,40.720481872558594,-73.95855712890625
BROOKLYN,3061708,3/27/2026,3/28/2025,B00987942-I1-GC,General Construction,Permit Issued,B00987942-I1,ALT-CO - New Building with Existing Elements to Remain,Yes,Yes,Permit Entire,8810.8896484375,9,4,1365705.0,483 DRIGGS AVENUE  BROOKLYN,2306,7,301,PARK USA DESIGN & REMODEL,40.71841049194336,-73.95458984375
Brooklyn,3061836,1/1/2026,1/24/2025,30207372501AL22,AL,Issued,302073725,A1,,Y,PERMIT ISSUED - ENTIRE JOB/WORK,34632.0,10,6,275000.0,199 NORTH    8 STREET  Brooklyn,2313,30,301,Simino Architect P.C.,40.717620849609375,-73.95543670654297
BROOKLYN,3061847,2/14/2026,2/14/2025,B00637089-S6-EW-SP,Sprinklers,Permit Issued,B00637089-S6,New Building,,,Permit Entire,7438.60009765625,9,7,0.0,6 HAVEMEYER STREET  BROOKLYN,2314,22,301,METFLOW FIRE CONTROL LLC,40.716461181640625,-73.95301055908203
BROOKLYN,3061966,12/1/2025,8/1/2025,B00597888-S4-PL,Plumbing,Permit Issued,B00597888-S4,New Building,,,Permit Entire,5118.2001953125,2,4,1000.0,206 NORTH    8 STREET  BROOKLYN,2321,7,301,ROCK E SMALL PLBG&HTG INC,40.71723937988281,-73.95565795898438
Brooklyn,3061972,3/14/2026,7/2/2025,32159533201NB01,NB,Issued,321595332,NB,,,PERMIT ISSUED - ENTIRE JOB/WORK,7192.0,4,4,0.0,222 NORTH 8TH STREET  Brooklyn,2321,15,301,OPERA STUDIO ARCHITECTURE,40.71686935424805,-73.95513916015625
Brooklyn,3061994,5/23/2026,7/23/2025,30152745301NB23,NB,Issued,301527453,NB,,,PERMIT ISSUED - ENTIRE JOB/WORK,5125.0,6,6,0.0,22 HAVEMEYER STREET  Brooklyn,2322,20,301,Sung-Ho Shin Architect  P.C.,40.71590042114258,-73.95366668701172
Brooklyn,3062038,12/30/2025,8/27/2025,31000627601NB14,NB,Issued,310006276,NB,,,PERMIT ISSUED - PARTIAL JOB,37711.0,32,7,0.0,174 WYTHE AVENUE  Brooklyn,2325,21,301,DEFONSECA ARCHITECTS,40.71929168701172,-73.96098327636719
Brooklyn,3062047,11/22/2025,12/5/2024,32159010401AL08,AL,Issued,321590104,A1,Y,,PERMIT ISSUED - ENTIRE JOB/WORK,6310.0,2,3,795001.0,155 WYTHE AVENUE  Brooklyn,2326,4,301,SPACECUTTER,40.71908187866211,-73.9605484008789
BROOKLYN,3062080,12/3/2025,12/3/2024,B00563137-S4-SE,Support of Excavation,Permit Issued,B00563137-S4,New Building,,,Permit Entire,25167.0,0,2,700000.0,184 BEDFORD AVENUE  BROOKLYN,2327,23,301,MC GOWAN BUILDERS INC,40.71773910522461,-73.95816040039062
BROOKLYN,3062112,11/30/2025,2/18/2025,B00647774-S5-EW-SP,Sprinklers,Permit Issued,B00647774-S5,Alteration CO,,Yes,Permit Entire,20192.599609375,28,4,1000.0,228 NORTH    7 STREET  BROOKLYN,2329,13,301,TARGET PIPING NY LLC,40.7165412902832,-73.95610046386719
BROOKLYN,3062142,12/20/2025,5/6/2025,B00708684-S2-ST,Structural,Permit Issued,B00708684-S2,New Building,,,Permit Entire,63925.98828125,31,7,0.0,310 NORTH    7 STREET  BROOKLYN,2331,20,301,BERKOWITS REALTY LLC,40.714569091796875,-73.95317840576172
BROOKLYN,3062146,5/22/2026,5/22/2025,B00693143-I1-GC,General Construction,Permit Issued,B00693143-I1,New Building,,,Permit Entire,8237.919921875,5,5,1000.0,275 NORTH    6 STREET  BROOKLYN,2331,48,301,F M ALLIANCE GROUP LLC,40.71474838256836,-73.95381164550781
BROOKLYN,3062211,4/17/2026,9/16/2025,B00540157-I1-GC,General Construction,Permit Issued,B00540157-I1,ALT-CO - New Building with Existing Elements to Remain,Yes,Yes,Permit Entire,4167.0,1,4,499560.0,172 NORTH    6 STREET  BROOKLYN,2336,13,301,BMB BUILDER INC,40.71686935424805,-73.9581069946289
Brooklyn,3062371,7/1/2026,9/18/2025,32091468601AL11,AL,Issued,320914686,A1,Y,,PERMIT ISSUED - ENTIRE JOB/WORK,0.0,20,2,2099100.0,156 NORTH 4TH STREET  Brooklyn,2352,7501,301,PAKNIA ENGINEERING & ARCHITECTUR,40.71559143066406,-73.95935821533203
Brooklyn,3063559,11/10/2025,10/7/2025,32091123301NB12,NB,Issued,320911233,NB,,,PERMIT ISSUED - ENTIRE JOB/WORK,130151.0,256,26,0.0,159 BROADWAY  Brooklyn,2457,34,301,STONEHILL & TAYLOR ARCHITECTS,40.71036911010742,-73.962890625
BROOKLYN,3063715,6/12/2026,6/12/2025,B01155417-S6-FN,Construction Fence,Permit Issued,B01155417-S6,New Building,,,Permit Entire,8854.009765625,4,6,0.0,60 BOX STREET  BROOKLYN,2483,19,301,H BUILDING MANAGEMENT INC,40.73719024658203,-73.95413208007812
BROOKLYN,3063764,5/4/2026,8/5/2025,B08033032-S6-EW-SP,Sprinklers,Signed-off,B08033032-S6,ALT-CO - New Building with Existing Elements to Remain,Yes,Yes,Permit Entire,10598.0498046875,6,6,100000.0,1110 MANHATTAN AVENUE  BROOKLYN,2488,7,301,DYNAMIC PLBNG & SPRKR COR,40.736419677734375,-73.95496368408203
Brooklyn,3063776,3/24/2026,3/18/2025,31023665101NB19,NB,Issued,310236651,NB,,,PERMIT ISSUED - ENTIRE JOB/WORK,7067.0,6,4,0.0,114 CLAY STREET  Brooklyn,2488,23,301,MICHAEL KANG ARCHITECT  PLLC.,40.73653030395508,-73.95355987548828
BROOKLYN,3063963,10/31/2025,10/31/2024,B01011349-S6-SE,Support of Excavation,Permit Issued,B01011349-S6,New Building,,,Permit Entire,1398.0400390625,4,4,0.0,174 EAGLE STREET  BROOKLYN,2505,20,301,GREENWOOD MONITORING LLC,40.73508071899414,-73.95359802246094
BROOKLYN,3063966,8/18/2026,8/18/2025,B01213457-S4-FN,Construction Fence,Permit Issued,B01213457-S4,ALT-CO - New Building with Existing Elements to Remain,Yes,Yes,Permit Entire,8568.099609375,3,4,1000.0,180 EAGLE STREET  BROOKLYN,2505,23,301,H BUILDING MANAGEMENT INC,40.735111236572266,-73.95333099365234
Brooklyn,3064104,12/31/2025,12/20/2024,32136688301AL09,AL,Issued,321366883,A1,,Y,PERMIT ISSUED - ENTIRE JOB/WORK,166270.0,0,5,2099100.0,520 KINGSLAND AVE.  Brooklyn,2517,27,301,LEE ENGINEERING  P.C.,40.734901428222656,-73.9433364868164
BROOKLYN,3064204,11/18/2025,10/10/2025,B01175087-S5-SE,Support of Excavation,Permit Issued,B01175087-S5,ALT-CO - New Building with Existing Elements to Remain,Yes,Yes,Permit Entire,1467.3900146484375,7,4,1000.0,195 HURON STREET  BROOKLYN,2523,48,301,GREENWOOD MONITORING LLC,40.73337936401367,-73.95332336425781
BROOKLYN,3064344,11/30/2025,12/6/2024,B00726524-I1-GC,General Construction,Permit Issued,B00726524-I1,ALT-CO - New Building with Existing Elements to Remain,Yes,Yes,Permit Entire,5000.0,1,4,949650.0,169 INDIA STREET  BROOKLYN,2533,49,301,BUSKO REALTY CORP,40.73268127441406,-73.95310974121094
Brooklyn,3064416,1/1/2026,1/7/2025,32177588801AL06,AL,Issued,321775888,A1,Y,Y,PERMIT ISSUED - ENTIRE JOB/WORK,4945.0,7,5,618125.0,92 INDIA STREET  Brooklyn,2540,18,301,SATWIN ARCHITECT  PC,40.731910705566406,-73.95668029785156
BROOKLYN,3065036,12/29/2025,9/9/2025,B00912183-S3-ST,Structural,Permit Issued,B00912183-S3,ALT-CO - New Building with Existing Elements to Remain,Yes,Yes,Permit Entire,6825.68994140625,7,4,2500.0,75 CALYER STREET  BROOKLYN,2571,34,301,ROGERS DEVELOPERS GRP LLC,40.727169036865234,-73.9581298828125
BROOKLYN,3065358,11/7/2025,11/26/2024,B00967874-S6-SE,Support of Excavation,Permit Issued,B00967874-S6,New Building,,,Permit Entire,7501.77978515625,3,5,0.0,686 LEONARD STREET  BROOKLYN,2598,6,301,E&M BUILDERS GROUP CORP,40.72808074951172,-73.95191192626953
BROOKLYN,3065367,5/22/2026,9/4/2025,B00928186-I1-GC,General Construction,Permit Issued,B00928186-I1,ALT-CO - New Building with Existing Elements to Remain,,Yes,Permit Entire,13346.8203125,5,4,2795852.75,269 ECKFORD STREET  BROOKLYN,2598,17,301,AVESTA BUILDERS INC,40.728328704833984,-73.95166015625
Brooklyn,3065460,12/31/2025,12/19/2024,32015786001AL08,AL,Issued,320157860,A1,Y,Y,PERMIT ISSUED - ENTIRE JOB/WORK,0.0,0,5,47000.0,359 KINGSLAND AVENUE  Brooklyn,2608,50,301,PRESTIGE CONSULTANTS,40.72941970825195,-73.94275665283203
Brooklyn,3065463,12/31/2025,3/26/2025,32166391801AL05,AL,Issued,321663918,A1,,Y,PERMIT ISSUED - ENTIRE JOB/WORK,101190.0,0,6,6039000.0,341 KINGSLAND AVE  Brooklyn,2608,84,301,PRESTIGE CONSULTANTS  INC.,40.728450775146484,-73.94257354736328
BROOKLYN,3065486,10/23/2025,12/16/2024,B00903957-S1-ST,Structural,Permit Issued,B00903957-S1,Alteration CO,No,Yes,Permit Entire,11311.0,0,1,463000.0,233 BANKER STREET  BROOKLYN,2616,1,301,CONSTRUCTION PARTNERSCO,40.725868225097656,-73.9556884765625
Brooklyn,3065929,12/31/2025,12/20/2024,30223124301NB08,NB,Issued,302231243,NB,,,PERMIT ISSUED - ENTIRE JOB/WORK,20000.0,0,1,0.0,287 NORTH HENRY STREET  Brooklyn,2629,6,301,SALAMON ENGINEERING GROUP,40.729190826416016,-73.94442749023438
BROOKLYN,3066297,3/31/2026,4/11/2025,B01048271-S8-GC-CX,Structural General Construction Foundation Earth Work,Permit Issued,B01048271-S8,ALT-CO - New Building with Existing Elements to Remain,Yes,Yes,Permit Entire,7335.0,4,4,1000.0,104 NEWEL STREET  BROOKLYN,2651,52,301,STEEL TONE CONSTRUCTION,40.725948333740234,-73.94773864746094
Brooklyn,3066334,3/5/2026,7/1/2025,32138709401NB03,NB,Issued,321387094,NB,,,PERMIT ISSUED - ENTIRE JOB/WORK,6512.0,6,4,0.0,74 DIAMOND STREET  Brooklyn,2652,34,301,PEBBBLE STUDIO DESIGN,40.72541046142578,-73.94644927978516
Brooklyn,3066609,1/11/2026,2/26/2025,32091249201AL06,AL,Issued,320912492,A1,Y,Y,PERMIT ISSUED - ENTIRE JOB/WORK,5087.0,5,4,915000.0,285 KINGSLAND AVENUE  Brooklyn,2657,29,301,NORMAN C. LOK  PE  MBA,40.72636032104492,-73.94207000732422
Brooklyn,3066720,2/21/2026,2/11/2025,32138327601NB03,NB,Issued,321383276,NB,,,PERMIT ISSUED - ENTIRE JOB/WORK,13076.0,8,6,0.0,561 MANHATTAN AVE  Brooklyn,2679,34,301,S M TAM ARCHITECT  PLLC,40.72222900390625,-73.95012664794922
Brooklyn,3066872,5/30/2026,9/16/2025,32119363101NB07,NB,Issued,321193631,NB,,,PERMIT ISSUED - PARTIAL JOB,6902.0,6,4,0.0,124 ECKFORD STREET  Brooklyn,2682,55,301,CHI F. LAU ARCHITECT  P.C,40.72386932373047,-73.94851684570312
BROOKLYN,3067081,3/8/2026,6/4/2025,B01092780-S6-ST,Structural,Permit Issued,B01092780-S6,ALT-CO - New Building with Existing Elements to Remain,Yes,Yes,Permit Entire,4987.5,7,4,150000.0,630 HUMBOLDT STREET  BROOKLYN,2686,55,301,IR CONTRACTING INC,40.723411560058594,-73.9448013305664
Brooklyn,3067935,11/11/2025,9/18/2025,32168329101NB04,NB,Issued,321683291,NB,,,PERMIT ISSUED - ENTIRE JOB/WORK,37535.0,16,6,0.0,28 HERBERT STREET  Brooklyn,2725,13,301,RKTB,40.71931076049805,-73.94397735595703
Brooklyn,3068149,12/10/2025,5/22/2025,32158809101NB02,NB,Issued,321588091,NB,,,PERMIT ISSUED - ENTIRE JOB/WORK,21433.0,25,7,0.0,680 LORIMER  Brooklyn,2737,5,301,MHM ENGINEERING PC,40.71730041503906,-73.9496078491211
BROOKLYN,3068217,11/4/2025,11/4/2024,B01062337-S6-SE,Support of Excavation,Permit Issued,B01062337-S6,New Building,,,Permit Entire,13927.2802734375,7,4,0.0,176 FROST STREET  BROOKLYN,2740,14,301,SAT CONSTRUCTION SERVICES,40.717918395996094,-73.94420623779297
Brooklyn,3068233,2/10/2026,6/16/2025,32149200501AL07,AL,Issued,321492005,A1,Y,Y,PERMIT ISSUED - ENTIRE JOB/WORK,1.0,4,4,1081386.0,185 WITHERS STREET  Brooklyn,2740,37,301,RAD DESIGN & ARCHITECTURE PLLC,40.7176399230957,-73.94425201416016
BROOKLYN,3068327,4/1/2026,5/19/2025,B00950304-I1-GC,General Construction,Permit Issued,B00950304-I1,New Building,,,Permit Entire,2596.090087890625,3,3,0.0,190 WITHERS STREET  BROOKLYN,2745,14,301,CUSTOMBUILT HOMES INC,40.71723937988281,-73.94402313232422
Brooklyn,3068332,1/29/2026,4/28/2025,32159214801NB02,NB,Issued,321592148,NB,,,PERMIT ISSUED - ENTIRE JOB/WORK,7436.0,7,4,0.0,204 WITHERS STREET  Brooklyn,2745,22,301,PRIME ZONE BUILDING CONSULTING,40.717281341552734,-73.94336700439453
Brooklyn,3068437,6/27/2026,7/16/2025,30122639501AL08,AL,Issued,301226395,A1,Y,,PERMIT ISSUED - PARTIAL JOB,29109.0,18,4,450000.0,136 JACKSON STREET  Brooklyn,2749,11,301,STANDARD ARCHITECTS,40.71638107299805,-73.94561767578125
Brooklyn,3068496,9/10/2026,9/10/2025,32158851801AL09,AL,Issued,321588518,A1,,Y,PERMIT ISSUED - ENTIRE JOB/WORK,6378.0,4,4,735993.0,36 SKILLMAN AVE  Brooklyn,2751,22,301,NEW YORK DESIGN ARCHITECTS  LLP,40.715179443359375,-73.95025634765625
Brooklyn,3068816,2/10/2026,5/5/2025,32118883401NB02,NB,Issued,321188834,NB,,,PERMIT ISSUED - ENTIRE JOB/WORK,12451.0,10,6,0.0,632 METROPOLITAN AVENUE  Brooklyn,2762,17,301,ISSAC & STERN ARCHITECTS  PC,40.713951110839844,-73.94792175292969
Brooklyn,3068889,2/3/2026,2/3/2025,32158855401NB04,NB,Issued,321588554,NB,,,PERMIT ISSUED - ENTIRE JOB/WORK,10785.0,10,6,0.0,758 METROPOLITAN AVE  Brooklyn,2765,12,301,STRUCTURAL ENGINEERING SYSTEM PL,40.714351654052734,-73.94371032714844
Brooklyn,3068916,1/1/2026,8/11/2025,32192369201AL06,AL,Issued,321923692,A1,Y,Y,PERMIT ISSUED - ENTIRE JOB/WORK,17198.0,0,3,1434975.0,2 BUSHWICK AVE  Brooklyn,2766,11,301,FEINGOLD AND GREGORY ARCHITECTS,40.714500427246094,-73.9422607421875
Brooklyn,3068924,11/1/2025,5/15/2025,32059255001NB03,NB,Issued,320592550,NB,,,PERMIT ISSUED - ENTIRE JOB/WORK,10707.0,6,6,0.0,402 UNION AVENUE  Brooklyn,2767,1,301,KAO HWA LEE ARCHITECTS,40.71253967285156,-73.95114135742188
Brooklyn,3068933,2/11/2026,6/29/2025,32158812601AL07,AL,Issued,321588126,A1,,Y,PERMIT ISSUED - ENTIRE JOB/WORK,3525.0,2,3,909490.0,14 DEVOE STREET  Brooklyn,2767,13,301,PRIME ZONE BUILDING CONSULTING,40.71295166015625,-73.95082092285156
BROOKLYN,3069331,12/24/2025,12/24/2024,B01098000-S3-ST,Structural,Permit Issued,B01098000-S3,ALT-CO - New Building with Existing Elements to Remain,Yes,Yes,Permit Entire,10009.2099609375,10,5,2500.0,533 GRAND STREET  BROOKLYN,2779,40,301,BRUKLYN BUILDERS INC,40.711299896240234,-73.95005798339844
BROOKLYN,3069759,1/27/2026,1/27/2025,B01005638-S2-ST,Structural,Permit Issued,B01005638-S2,ALT-CO - New Building with Existing Elements to Remain,,Yes,Permit Entire,5366.0,6,4,150000.0,143 KINGSLAND AVENUE  BROOKLYN,2829,20,301,MOD CONSULTANTS LLC,40.72138977050781,-73.9412612915039
Brooklyn,3069775,3/22/2026,10/5/2025,32158999101NB02,NB,Issued,321589991,NB,,,PERMIT ISSUED - ENTIRE JOB/WORK,6937.0,7,4,0.0,87 HERBERT ST  Brooklyn,2829,39,301,MICHAEL MUROFF ARCHITECT DPC,40.72058868408203,-73.94164276123047
BROOKLYN,3069795,11/18/2025,11/18/2024,B00902725-S3-EW-SP,Sprinklers,Permit Issued,B00902725-S3,New Building,,,Permit Entire,7229.22021484375,4,4,0.0,19 NORTH HENRY STREET  BROOKLYN,2831,13,301,PLBG P & H INC,40.719661712646484,-73.94287109375
BROOKLYN,3069917,12/11/2025,4/21/2025,B08050928-I1-GC,General Construction,Permit Issued,B08050928-I1,Alteration CO,Yes,Yes,Permit Entire,2522.0,0,2,212850.0,112 KINGSLAND AVENUE  BROOKLYN,2840,2,301,3 L. BROS. CORP,40.720420837402344,-73.94049072265625
BROOKLYN,3070064,3/10/2026,6/20/2025,B00687547-S6-ST,Structural,Permit Issued,B00687547-S6,New Building,,,Permit Entire,6267.14990234375,4,4,1000.0,249 WITHERS STREET  BROOKLYN,2866,56,301,NINO GENERAL CONTRACTING,40.71786880493164,-73.94172668457031
BROOKLYN,3070580,11/19/2025,3/20/2025,B00635717-I1-GC,General Construction,Permit Issued,B00635717-I1,Alteration CO,,Yes,Permit Entire,18275.0,0,1,365500.0,255 RANDOLPH STREET  BROOKLYN,2979,45,301,J&R METRO PROPERTIES LLC,40.71089172363281,-73.92243957519531
Brooklyn,3070624,3/23/2026,9/23/2025,32062507001NB15,NB,Issued,320625070,NB,,,PERMIT ISSUED - ENTIRE JOB/WORK,179819.0,154,10,0.0,25 STEWART AVE  Brooklyn,2994,75,301,SALAMON ENGINEERING  GRP LLC,40.70705032348633,-73.92569732666016
Brooklyn,3070690,5/11/2026,8/1/2025,32113174301NB03,NB,Issued,321131743,NB,,,PERMIT ISSUED - PARTIAL JOB,9936.0,0,4,0.0,58 GRATTAN STREET  Brooklyn,3008,15,301,PJM ARCHITECT  PC,40.70560073852539,-73.9306869506836
Brooklyn,3070952,5/23/2026,7/23/2025,32161528501NB06,NB,Issued,321615285,NB,,,PERMIT ISSUED - ENTIRE JOB/WORK,8242.0,8,4,0.0,100 SCHOLES STREET  Brooklyn,3042,9,301,SYLVESTER R. YAVANA  ARCHITECT,40.70832824707031,-73.94586944580078
BROOKLYN,3070976,3/27/2026,6/5/2025,B01199644-S5-FN,Construction Fence,Permit Issued,B01199644-S5,ALT-CO - New Building with Existing Elements to Remain,Yes,Yes,Permit Entire,15781.0,10,6,1000.0,193 GRAHAM AVENUE  BROOKLYN,3043,19,301,PARK USA DESIGN & REMODEL,40.708641052246094,-73.94371795654297
BROOKLYN,3071149,11/30/2025,12/13/2024,B00941918-S2-ST,Structural,Permit Issued,B00941918-S2,ALT-CO - New Building with Existing Elements to Remain,Yes,Yes,Permit Entire,7227.66015625,9,4,264000.0,171 MONTROSE AVENUE  BROOKLYN,3053,30,301,BUSKO REALTY CORP,40.70766067504883,-73.94233703613281
BROOKLYN,3071412,1/15/2026,1/15/2025,B00943479-S7-ST,Structural,Permit Issued,B00943479-S7,ALT-CO - New Building with Existing Elements to Remain,Yes,Yes,Permit Entire,8506.5302734375,8,4,200000.0,106 GRAHAM AVENUE  BROOKLYN,3089,5,301,EAST COAST MANAGEMENT*,40.704891204833984,-73.9424819946289
BROOKLYN,3071461,12/17/2025,8/1/2025,B01035995-S7-ST,Structural,Permit Issued,B01035995-S7,ALT-CO - New Building with Existing Elements to Remain,,Yes,Permit Entire,5610.39990234375,8,4,47000.0,107 MOORE STREET  BROOKLYN,3097,27,301,ADOR BUILDERS LLC,40.704071044921875,-73.9413833618164
BROOKLYN,3071462,12/17/2025,8/4/2025,B01035827-S7-ST,Structural,Permit Issued,B01035827-S7,ALT-CO - New Building with Existing Elements to Remain,,Yes,Permit Entire,7678.10009765625,8,4,42750.0,105 MOORE STREET  BROOKLYN,3097,28,301,ADOR BUILDERS LLC,40.7040901184082,-73.94148254394531
Brooklyn,3071774,1/31/2026,1/31/2025,32159546701AL01,AL,Issued,321595467,A1,,Y,PLAN EXAM - APPROVED,37388.0,0,5,4248549.0,81 BEAVER STREET  Brooklyn,3135,27,304,DXA STUDIO ARCHITECTURE PLLC,40.699378967285156,-73.93663787841797
Brooklyn,3071807,1/27/2026,2/7/2025,32151317101AL05,AL,Issued,321513171,A1,Y,Y,PERMIT ISSUED - PARTIAL JOB,62723.0,47,7,3850000.0,826 FLUSHING AVENUE  Brooklyn,3137,49,304,GERALD J. CALIENDO ARCHITECTS,40.70119094848633,-73.93885040283203
Brooklyn,3071890,1/21/2026,5/5/2025,32159102301AL02,AL,Issued,321591023,A1,,Y,PERMIT ISSUED - ENTIRE JOB/WORK,10106.0,10,4,2519950.0,590 BUSHWICK AVE  Brooklyn,3150,31,304,YOEL ROZENBERG,40.69855880737305,-73.93506622314453
Brooklyn,3072209,7/23/2026,8/1/2025,32192533301NB07,NB,Issued,321925333,NB,,,PERMIT ISSUED - PARTIAL JOB,7736.0,7,4,0.0,78 JEFFERSON ST  Brooklyn,3171,28,304,CROSS ARCHITECTURE,40.698829650878906,-73.93225860595703
Brooklyn,3073761,2/7/2026,2/7/2025,30256067201AL03,AL,Issued,302560672,A1,,Y,PERMIT ISSUED - ENTIRE JOB/WORK,0.0,0,4,100000.0,797 BUSHWICK AVENUE  Brooklyn,3242,1,304,MDSZERBATY & ASSOCIATES.ARCHITEC,40.695438385009766,-73.92735290527344
BROOKLYN,3073927,11/13/2025,11/13/2024,B00944935-S5-PL,Plumbing,Permit Issued,B00944935-S5,New Building,,,Permit Issued,5500.0,8,4,0.0,299 STOCKHOLM STREET  BROOKLYN,3248,53,304,S & L PLUMBING INC,40.70293045043945,-73.91976928710938
BROOKLYN,3074236,11/30/2025,8/19/2025,B08038604-S6-FN,Construction Fence,Permit Issued,B08038604-S6,New Building,,,Permit Entire,6829.14990234375,8,4,4000.0,316 STOCKHOLM STREET  BROOKLYN,3259,22,304,GLOBAL TEAM NY INC,40.70310974121094,-73.91887664794922
BROOKLYN,3074291,1/22/2026,1/22/2025,B00984394-S4-ST,Structural,Permit Issued,B00984394-S4,Alteration CO,,Yes,Permit Entire,5683.89990234375,3,4,1000.0,419 STANHOPE STREET  BROOKLYN,3261,32,304,CONSTRUCTION XPERT INC,40.70555877685547,-73.91593933105469
BROOKLYN,3074331,8/15/2026,8/27/2025,B00954346-I1-GC-CX,Mechanical Systems Structural General Construction Foundation Earth Work,Permit Issued,B00954346-I1,Alteration CO,Yes,Yes,Permit Entire,845.3300170898438,2,5,149680.0,876 BUSHWICK AVENUE  BROOKLYN,3263,35,304,CASA AZOUTR INC,40.693599700927734,-73.92608642578125
BROOKLYN,3074394,11/16/2025,2/19/2025,B00708599-S4-ST,Structural,Permit Issued,B00708599-S4,New Building,,,Permit Entire,24467.0,24,5,1000.0,250 CENTRAL AVENUE  BROOKLYN,3265,42,304,JCT DEVELOPMENT NY INC,40.696929931640625,-73.92355346679688
Brooklyn,3074608,6/12/2026,9/5/2025,32059592201AL09,AL,Issued,320595922,A1,Y,Y,PERMIT ISSUED - ENTIRE JOB/WORK,4349.0,3,4,907980.0,390 STANHOPE STREET  Brooklyn,3272,13,304,SA-DA ARCHITECTURE,40.70476150512695,-73.91605377197266
BROOKLYN,3074675,7/17/2026,8/13/2025,B01028897-I1-GC-CX,Mechanical Systems General Construction,Permit Issued,B01028897-I1,Alteration CO,Yes,,Permit Entire,2658.0,2,2,284000.0,593 VAN BUREN STREET  BROOKLYN,3273,57,304,BUILDER BROTHER GROUP INC,40.69255065917969,-73.92606353759766
Brooklyn,3074772,1/10/2026,12/9/2024,32183542101AL02,AL,Issued,321835421,A1,,Y,PERMIT ISSUED - ENTIRE JOB/WORK,9700.0,7,4,1598987.0,245 WILSON AVENUE  Brooklyn,3277,6,304,P. GEORGOPOULOS ARCHITECT PC,40.698341369628906,-73.92125701904297
Brooklyn,3075297,5/5/2026,7/9/2025,32119142901NB03,NB,Issued,321191429,NB,,,PERMIT ISSUED - ENTIRE JOB/WORK,16509.0,40,8,0.0,962 BUSHWICK AVE  Brooklyn,3294,25,304,THINK ARCHITECTURE & DESIGN PLLC,40.692100524902344,-73.92344665527344
BROOKLYN,3075340,12/31/2025,9/5/2025,B01162146-S7-PL,Plumbing,Permit Issued,B01162146-S7,ALT-CO - New Building with Existing Elements to Remain,Yes,Yes,Permit Entire,8115.0,8,4,15000.0,11 BLEECKER STREET  BROOKLYN,3295,29,304,CODE MECHANICAL INC,40.693119049072266,-73.9235610961914
Brooklyn,3076057,11/1/2025,8/4/2025,32091237601NB12,NB,Issued,320912376,NB,,,PERMIT ISSUED - ENTIRE JOB/WORK,123845.0,106,20,0.0,1333 BROADWAY  Brooklyn,3321,152,304,HILL / WEST ARCHITECTS,40.69062042236328,-73.92265319824219
Brooklyn,3076154,5/2/2026,7/8/2025,32165614101AL07,AL,Issued,321656141,A1,,Y,PERMIT ISSUED - ENTIRE JOB/WORK,8884.0,8,4,1809000.0,313 LINDEN STREET  Brooklyn,3326,46,304,PETER PIZZIMENTI  R.A.,40.69858932495117,-73.9146728515625
Brooklyn,3077006,5/11/2026,7/28/2025,32090809601NB02,NB,Issued,320908096,NB,,,PERMIT ISSUED - PARTIAL JOB,5465.0,4,4,0.0,495 EVERGREEN AVENUE  Brooklyn,3368,5,304,BANJI AWOSIKA ARCHITECT P.C.,40.691070556640625,-73.91636657714844
BROOKLYN,3077418,4/14/2026,9/4/2025,B00733955-S1-EW-SP,Sprinklers,Permit Issued,B00733955-S1,Alteration CO,Yes,Yes,Permit Entire,2355.0,2,3,105400.0,1540 PUTNAM AVENUE  BROOKLYN,3379,55,304,ORBIT SPRINKLER CORP,40.69779968261719,-73.90886688232422
BROOKLYN,3077486,11/26/2025,11/29/2024,B07998718-S2-ST,Structural,Permit Issued,B07998718-S2,Alteration CO,Yes,Yes,Permit Entire,3167.0,2,5,150000.0,1177 BUSHWICK AVENUE  BROOKLYN,3381,9,304,SUPREME GEN.CONTR INC,40.688899993896484,-73.91647338867188
Brooklyn,3077772,12/23/2025,2/6/2025,32138794001AL04,AL,Issued,321387940,A1,,Y,PERMIT ISSUED - ENTIRE JOB/WORK,6127.0,5,4,780000.0,402 CORNELIA STREET  Brooklyn,3386,40,304,GRUPO DESIGN,40.69715118408203,-73.90833282470703
Brooklyn,3077905,6/13/2026,6/13/2025,32159817901NB01,NB,Issued,321598179,NB,,,PERMIT ISSUED - ENTIRE JOB/WORK,5523.0,3,4,0.0,1143 HANCOCK STREET  Brooklyn,3389,45,304,STAT ARCHITECTURE PC,40.690589904785156,-73.91314697265625
BROOKLYN,3078070,2/10/2026,9/22/2025,B07998387-S1-FN,Construction Fence,Permit Issued,B07998387-S1,ALT-CO - New Building with Existing Elements to Remain,,Yes,Permit Entire,4823.580078125,6,4,1000.0,1367 HANCOCK STREET  BROOKLYN,3392,51,304,ASSURED BUILDERS INC,40.6950798034668,-73.90872955322266
Brooklyn,3078109,8/10/2026,8/5/2025,32159570601AL07,AL,Issued,321595706,A1,,Y,PERMIT ISSUED - ENTIRE JOB/WORK,5916.0,6,4,950975.0,1413 HANCOCK STREET  Brooklyn,3393,24,304,INFOCUS,40.69607162475586,-73.90776062011719
Brooklyn,3078491,6/12/2026,6/12/2025,32160047901NB01,NB,Issued,321600479,NB,,,PERMIT ISSUED - ENTIRE JOB/WORK,10292.0,8,4,0.0,1262 BUSHWICK AVENUE  Brooklyn,3401,37,304,STAT ARCHITECTURE PC,40.68696975708008,-73.9142837524414
BROOKLYN,3078704,11/20/2025,12/31/2024,B00901268-S3-ST,Structural,Permit Issued,B00901268-S3,Alteration CO,,Yes,Permit Entire,5794.0,6,4,10000.0,350 WEIRFIELD STREET  BROOKLYN,3407,11,304,EMPIRE BUILDERS GROUP NY,40.6951789855957,-73.9067611694336
Brooklyn,3079243,6/8/2026,8/1/2025,32131125501AL04,AL,Issued,321311255,A1,Y,Y,PERMIT ISSUED - ENTIRE JOB/WORK,0.0,6,4,570000.0,127 SCHAEFER STREET  Brooklyn,3422,55,304,PIROOZSOLTANIZADEH P.C,40.68817901611328,-73.90966033935547
Brooklyn,3079353,1/16/2026,1/16/2025,32197090701AL04,AL,Issued,321970907,A1,Y,Y,PERMIT ISSUED - ENTIRE JOB/WORK,4179.0,6,4,625000.0,217 SCHAEFER ST  Brooklyn,3424,70,304,BUILTD,40.690670013427734,-73.90721130371094
Brooklyn,3079360,3/16/2026,7/29/2025,32159903401AL07,AL,Issued,321599034,A1,Y,Y,PERMIT ISSUED - ENTIRE JOB/WORK,11294.0,10,4,1976450.0,831 KNICKERBOCKER AVENUE  Brooklyn,3425,9,304,NY BUILDING ASSOCIATES INC,40.69221878051758,-73.90628051757812
Brooklyn,3079439,11/6/2025,11/7/2024,32207012901NB04,NB,Issued,322070129,NB,,,PERMIT ISSUED - ENTIRE JOB/WORK,8096.0,8,4,0.0,112 SCHAEFER STREET  Brooklyn,3428,13,304,MADRIAGA ENGINEERING P.C,40.687530517578125,-73.90957641601562
Brooklyn,3079453,11/4/2025,7/21/2025,32158877801AL07,AL,Issued,321588778,A1,,Y,PERMIT ISSUED - ENTIRE JOB/WORK,5140.0,5,4,575874.0,140 SCHAEFER STREET  Brooklyn,3428,30,304,DJLU ARCHITECTS P.C.,40.68817138671875,-73.90895080566406
Brooklyn,3079850,12/16/2025,12/14/2024,32165825601NB05,NB,Issued,321658256,NB,,,PERMIT ISSUED - ENTIRE JOB/WORK,4099.0,5,4,0.0,285A COOPER STREET  Brooklyn,3437,65,304,P. GEORGOPOULOS ARCHITECT PC,40.69186019897461,-73.90370178222656
Brooklyn,3079967,6/12/2026,6/12/2025,32159238001NB01,NB,Issued,321592380,NB,,,PERMIT ISSUED - ENTIRE JOB/WORK,3614.0,2,3,0.0,676 CENTRAL AVENUE  Brooklyn,3440,35,304,STAT ARCHITECTURE PC,40.68758010864258,-73.90715789794922
BROOKLYN,3080413,2/23/2026,8/12/2025,B00536331-I1-GC-CX,Structural General Construction,Permit Issued,B00536331-I1,Alteration CO,,Yes,Permit Entire,4744.0,5,4,751786.0,34 FURMAN AVENUE  BROOKLYN,3466,24,304,V.A BUILDERS CORP,40.68207931518555,-73.90673828125
BROOKLYN,3081160,12/25/2025,8/12/2025,B01125280-S4-ST,Structural,Permit Issued,B01125280-S4,Alteration CO,,Yes,Permit Entire,5846.14013671875,10,3,130.0,739 RALPH AVENUE  BROOKLYN,3531,16,316,MJH CONSTRUCTION CORP,40.664730072021484,-73.92183685302734
BROOKLYN,3081672,12/31/2025,9/24/2025,B00938008-S5-PL,Plumbing,Permit Issued,B00938008-S5,ALT-CO - New Building with Existing Elements to Remain,Yes,Yes,Permit Entire,4285.0,4,4,1000.0,2041 STRAUSS STREET  BROOKLYN,3555,14,316,SMART PLBG & HTG CORP,40.66408920288086,-73.91484069824219
Brooklyn,3081923,8/26/2026,8/5/2025,32145584901AL07,AL,Issued,321455849,A1,Y,Y,PERMIT ISSUED - ENTIRE JOB/WORK,4309.0,6,4,786400.0,2096 STRAUSS ST.  Brooklyn,3569,40,316,CARUSONE & CHERRES ARCHITECTS,40.662628173828125,-73.91504669189453
Brooklyn,3082046,1/15/2026,1/15/2025,32159897201NB01,NB,Issued,321598972,NB,,,PERMIT ISSUED - ENTIRE JOB/WORK,5198.0,4,3,0.0,791 SARATOGA AVENUE  Brooklyn,3583,27,316,PM ARCHITECTURE PC,40.66128921508789,-73.91507720947266
Brooklyn,3082114,2/10/2026,5/2/2025,32208440901NB05,NB,Issued,322084409,NB,,,PERMIT ISSUED - ENTIRE JOB/WORK,9255.0,10,4,0.0,166 LIVONIA AVE  Brooklyn,3586,40,316,CITISCAPE CONSULTING LTD,40.66183853149414,-73.9121322631836
Brooklyn,3082383,2/20/2026,2/20/2025,32159898101NB01,NB,Issued,321598981,NB,,,PERMIT ISSUED - ENTIRE JOB/WORK,4304.0,4,3,0.0,792 ROCKAWAY AVENUE  Brooklyn,3602,44,316,PM ARCHITECTURE PC,40.66035842895508,-73.9086685180664
BROOKLYN,3083319,12/28/2025,7/17/2025,B01173500-S1-PMM,Protection and Mechanical Methods,Permit Issued,B01173500-S1,Full Demolition,,,Permit Entire,3000.0,0,0,160.0,2673 ATLANTIC AVENUE  BROOKLYN,3671,42,305,N TECH DESIGN OF AMERICA,40.676151275634766,-73.89568328857422
Brooklyn,3083346,9/21/2026,10/16/2025,32210083701DM02,DM,Issued,322100837,DM,,,PERMIT ISSUED - ENTIRE JOB/WORK,0.0,0,0,0.0,2703 ATLANTIC AVE  Brooklyn,3672,48,305,STROH ENGINEERING SERVICES PC,40.676239013671875,-73.89462280273438
Brooklyn,3083347,9/21/2026,10/16/2025,32210082801DM02,DM,Issued,322100828,DM,,,PERMIT ISSUED - ENTIRE JOB/WORK,0.0,0,0,0.0,2697 ATLANTIC AVE  Brooklyn,3672,49,305,STROH ENGINEERING SERVICES PC,40.676231384277344,-73.89469146728516
Brooklyn,3083349,9/21/2026,10/16/2025,32210958901DM02,DM,Issued,322109589,DM,,,PERMIT ISSUED - ENTIRE JOB/WORK,0.0,0,0,0.0,2693 ATLANTIC AVE  Brooklyn,3672,51,305,STROH ENGINEERING SERVICES PC,40.67620086669922,-73.89483642578125
Brooklyn,3083774,6/17/2026,6/30/2025,32131497501NB07,NB,Issued,321314975,NB,,,PERMIT ISSUED - ENTIRE JOB/WORK,4806.0,0,2,0.0,169 WILLIAMS AVENUE  Brooklyn,3717,6,305,W.D. ROSS  R.A.  P.C,40.6721305847168,-73.89949035644531
Brooklyn,3084264,1/8/2026,1/8/2025,32159893601NB01,NB,Issued,321598936,NB,,,PERMIT ISSUED - ENTIRE JOB/WORK,4342.0,4,3,0.0,303 HINSDALE STREET  Brooklyn,3767,5,305,PM ARCHITECTURE PC,40.66773986816406,-73.89933013916016
Brooklyn,3084861,9/3/2026,9/3/2025,32160152001NB02,NB,Issued,321601520,NB,,,PERMIT ISSUED - ENTIRE JOB/WORK,235538.0,82,11,0.0,372 LIVONIA AVENUEE  Brooklyn,3812,19,316,MAGNUSSON ARCHITECTURE AND PLANN,40.66312026977539,-73.90377044677734
BROOKLYN,3086554,4/25/2026,4/28/2025,B00711570-I1-GC,General Construction,Permit Issued,B00711570-I1,New Building,,,Permit Entire,2716.570068359375,2,3,88159.203125,494 JAMAICA AVENUE  BROOKLYN,3909,11,305,J.K.CONSTRUCTION NEW YORK,40.68375015258789,-73.88510131835938
Brooklyn,3087507,3/6/2026,8/1/2025,32159322701NB02,NB,Issued,321593227,NB,,,PERMIT ISSUED - ENTIRE JOB/WORK,5931.0,8,4,0.0,114 ARLINGTON AVE  Brooklyn,3934,22,305,KCE CONSULTING ENGINEERING PLLC,40.67974090576172,-73.89061737060547
BROOKLYN,3090726,1/8/2026,10/15/2025,B01280239-S1-PMM,Protection and Mechanical Methods,Permit Issued,B01280239-S1,Full Demolition,,,Permit Entire,120000.0,0,0,10000.0,665 NEW LOTS AVENUE  BROOKLYN,4090,1,305,RUSSO DEVELOPMENT ENTERP,40.665191650390625,-73.88604736328125
Brooklyn,3090845,1/21/2026,5/9/2025,30203053001AL02,AL,Issued,302030530,A1,Y,Y,PERMIT ISSUED - ENTIRE JOB/WORK,1990.0,2,2,40000.0,60 CHESTNUT STREET  Brooklyn,4103,51,305,PHILIP TOSCANO  ARCHITECTS,40.686580657958984,-73.876708984375
BROOKLYN,3091352,11/12/2025,11/12/2024,B00975969-S6-SE,Support of Excavation,Permit Issued,B00975969-S6,ALT-CO - New Building with Existing Elements to Remain,Yes,Yes,Permit Entire,2950.760009765625,2,2,15000.0,63 GRANT AVENUE  BROOKLYN,4112,24,305,KAIETEUR CONSTRUCTION INC,40.689579010009766,-73.86840057373047
Brooklyn,3093168,4/24/2026,7/1/2025,30206843801AL17,AL,Issued,302068438,A1,Y,,PERMIT ISSUED - ENTIRE JOB/WORK,3400.0,2,2,50000.0,285 LOGAN STREET  Brooklyn,4154,27,305,W.D Ross R.A.  P.C.,40.67934036254883,-73.87703704833984
BROOKLYN,3093316,11/26/2025,7/30/2025,B00901997-I1-GC,General Construction,Permit Issued,B00901997-I1,Alteration CO,,Yes,Permit Entire,2523.0,2,3,119993.8828125,81 WELDON STREET  BROOKLYN,4163,41,305,BLUE CITY CONSTRUCTION,40.68029022216797,-73.87213134765625
BROOKLYN,3093352,12/31/2025,1/9/2024,B00687992-S1-GC-CX,Structural General Construction Foundation Earth Work,On Hold – Construction Superintendent Withdrew,B00687992-S1,New Building,,,Permit Entire,6407.0,6,3,640700.0,360 CRESCENT STREET  BROOKLYN,4164,32,305,INNOVATIVE ELEVATOR INC,40.68000030517578,-73.87142944335938
BROOKLYN,3094594,2/4/2026,2/4/2025,B00942812-S1-GC-CX,Structural General Construction Foundation,Permit Issued,B00942812-S1,New Building,,,Permit Entire,24619.0,39,8,0.0,2611 PITKIN AVENUE  BROOKLYN,4209,39,305,PENTA RESTORATION CORP,40.675048828125,-73.87581634521484
BROOKLYN,3098764,2/2/2026,2/27/2025,B01057843-I1-GC,General Construction,Permit Issued,B01057843-I1,Alteration CO,Yes,,Permit Entire,79947.0,0,1,1261300.0,2784 LINDEN BOULEVARD  BROOKLYN,4492,4,305,LINE VENTURE GROUP LLC,40.668819427490234,-73.86170959472656
Brooklyn,3100241,12/25/2025,7/24/2025,34074062001NB04,NB,Issued,340740620,NB,,,PERMIT ISSUED - ENTIRE JOB/WORK,9003.0,13,4,0.0,76 E 53RD STREET  Brooklyn,4622,8,317,LEANDRO NILS DICKSON ARCHITECT,40.658321380615234,-73.928466796875
BROOKLYN,3101403,12/30/2025,9/19/2025,B01170922-I1-FD,Full Demolition,Permit Issued,B01170922-I1,Full Demolition,,,Permit Entire,1940.0,0,0,65000.0,292 EAST   51 STREET  BROOKLYN,4656,16,317,STAR COMPANIESS LLC,40.65475082397461,-73.92997741699219
Brooklyn,3101627,2/4/2026,2/4/2025,34075181301NB03,NB,Issued,340751813,NB,,,PERMIT ISSUED - ENTIRE JOB/WORK,100520.0,103,8,0.0,406 REMSEN AVENUE  Brooklyn,4663,4,317,NIKOLAI KATZ ARCHITECT,40.65547180175781,-73.9234390258789
Brooklyn,3106547,1/11/2026,10/10/2025,32159521601NB06,NB,Issued,321595216,NB,,,PERMIT ISSUED - ENTIRE JOB/WORK,15839.0,15,7,0.0,537 BROOKLYN AVE  Brooklyn,4793,2,309,KINDO HOLDINGS,40.661380767822266,-73.94518280029297
Brooklyn,3106874,12/17/2025,2/25/2025,32145211001NB05,NB,Issued,321452110,NB,,,PERMIT ISSUED - ENTIRE JOB/WORK,10513.0,10,4,0.0,674 MAPLE STREET  Brooklyn,4800,26,309,EYAL LEVITT ARCHITECT P.C.,40.661380767822266,-73.93831634521484
BROOKLYN,3107206,3/8/2026,9/29/2025,B08003504-S3-SE,Support of Excavation,Permit Issued,B08003504-S3,New Building,,,Permit Entire,43395.0,49,7,0.0,625 NEW YORK AVENUE  BROOKLYN,4810,3,309,IR CONTRACTING INC,40.6591682434082,-73.94718170166016
BROOKLYN,3107241,3/27/2026,3/31/2025,B00816182-I1-GC,General Construction,Permit Issued,B00816182-I1,Alteration CO,,Yes,Permit Issued,2849.0,2,3,137250.0,690 RUTLAND ROAD  BROOKLYN,4813,29,309,ROGO BUILDERS INC,40.659969329833984,-73.93788146972656
BROOKLYN,3107291,11/24/2025,9/16/2025,B00803340-S2-PL,Plumbing,Permit Issued,B00803340-S2,ALT-CO - New Building with Existing Elements to Remain,Yes,Yes,Permit Entire,8565.830078125,10,5,193725.0,371 HAWTHORNE STREET  BROOKLYN,4814,57,309,NY PLUMBING PROS INC,40.65827941894531,-73.94815826416016
BROOKLYN,3107294,12/16/2025,6/4/2025,B01147188-S3-ST,Structural,Permit Issued,B01147188-S3,ALT-CO - New Building with Existing Elements to Remain,Yes,Yes,Permit Entire,8514.0,10,4,150000.0,363 HAWTHORNE STREET  BROOKLYN,4814,60,309,CLASSIC BUILDERS CORP,40.658260345458984,-73.94837951660156
BROOKLYN,3107617,2/12/2026,7/30/2025,B00724341-I1-GC-CX,General Construction Foundation Earth Work,Permit Issued,B00724341-I1,Alteration CO,Yes,Yes,Permit Entire,3360.0,2,3,221200.0,160 EAST   46 STREET  BROOKLYN,4825,40,309,YAFE MEOD CORP,40.65827178955078,-73.9352798461914
Brooklyn,3108481,12/14/2025,12/20/2024,30021640601AL07,AL,Issued,300216406,A1,Y,,PERMIT ISSUED - ENTIRE JOB/WORK,36604.0,1,4,100000.0,661 LINDEN BOULEVARD  Brooklyn,4867,25,317,MIELE ASSOCIATES,40.653900146484375,-73.93389129638672
Brooklyn,3108506,4/22/2026,6/9/2025,32090833601NB06,NB,Issued,320908336,NB,,,PERMIT ISSUED - ENTIRE JOB/WORK,8512.0,16,4,0.0,280 LINDEN BOULEVARD  Brooklyn,4868,27,317,NIKOLAI KATZ ARCHITECT,40.65235900878906,-73.94866943359375
Brooklyn,3108646,5/16/2026,5/16/2025,32158962401NB02,NB,Issued,321589624,NB,,,PERMIT ISSUED - ENTIRE JOB/WORK,7034.0,10,4,0.0,897 NEW YORK AVE  Brooklyn,4870,47,317,S&S ARCHITECTURAL DESIGN LLC,40.651641845703125,-73.94642639160156
BROOKLYN,3109332,10/22/2025,7/17/2025,B01120689-S8-SF,Supported Scaffold,Permit Issued,B01120689-S8,ALT-CO - New Building with Existing Elements to Remain,Yes,Yes,Permit Entire,7779.0,10,4,1000.0,932 NEW YORK AVENUE  BROOKLYN,4886,12,317,PURCISIVE INC,40.65053939819336,-73.94696044921875
Brooklyn,3111296,7/31/2026,7/31/2025,32169954101AL09,AL,Issued,321699541,A1,Y,Y,PERMIT ISSUED - ENTIRE JOB/WORK,6870.0,9,4,1277000.0,1777 NOSTRAND AVENUE  Brooklyn,4947,76,317,EDWARD HICKS ARCHITECT,40.64244079589844,-73.94835662841797
Brooklyn,3113307,3/31/2026,3/31/2025,32158847501AL09,AL,Issued,321588475,A1,Y,,PERMIT ISSUED - ENTIRE JOB/WORK,7712.0,2,3,305120.0,3903 FARRAGUT ROAD  Brooklyn,4986,52,317,GARFINKEL ARCHITECTS,40.63706970214844,-73.93919372558594
Brooklyn,3113805,9/3/2026,9/3/2025,32174844501AL05,AL,Issued,321748445,A1,Y,Y,PERMIT ISSUED - ENTIRE JOB/WORK,12528.0,0,3,100000.0,557 EAST 31ST STREET  Brooklyn,4995,20,317,RODNEY LEON ARCHITECT PLLC,40.63731002807617,-73.94669342041016
Brooklyn,3113875,4/30/2026,5/8/2025,32159590201NB04,NB,Issued,321595902,NB,,,PERMIT ISSUED - ENTIRE JOB/WORK,6374.0,9,4,0.0,3511 FARRAGUT ROAD  Brooklyn,4999,5,317,S. WIEDER ARCHITECT P.C.,40.6368408203125,-73.94274139404297
Brooklyn,3114008,8/8/2026,8/8/2025,32158899201NB06,NB,Issued,321588992,NB,,,PERMIT ISSUED - ENTIRE JOB/WORK,10013.0,10,4,0.0,620 EAST 32ND STREET  Brooklyn,5006,50,317,CHRISTOPHER TEETER  RA,40.63582992553711,-73.94632720947266
BROOKLYN,3114055,2/6/2026,8/27/2025,B01251416-I1-FD,Full Demolition,Permit Issued,B01251416-I1,Full Demolition,,,Permit Entire,2235.0,0,0,40000.0,1550 NEW YORK AVENUE  BROOKLYN,5007,66,317,ACE MAINTENANCE USA LLC,40.63494873046875,-73.9452896118164
Brooklyn,3114218,8/8/2026,9/9/2025,32159828601NB07,NB,Issued,321598286,NB,,,PERMIT ISSUED - ENTIRE JOB/WORK,16611.0,17,6,0.0,1529 BROOKLYN AVE  Brooklyn,5011,31,317,S. WIEDER ARCHITECT P.C.,40.63589859008789,-73.94184875488281
BROOKLYN,3115524,5/20/2026,7/8/2025,B01140536-S3-ST,Structural,Signed-off,B01140536-S3,New Building,,,Permit Entire,9257.0,13,6,0.0,105 HAWTHORNE STREET  BROOKLYN,5042,67,309,S & U MANAGEMENT INC,40.65766143798828,-73.95687103271484
BROOKLYN,3116379,1/18/2026,8/7/2025,B00808911-S2-MS,Mechanical Systems,Permit Issued,B00808911-S2,Alteration CO,Yes,,Permit Entire,3436.610107421875,2,2,27000.0,1111 CHURCH AVENUE  BROOKLYN,5072,36,314,DELTAMER  INC,40.6473503112793,-73.96894073486328
BROOKLYN,3117095,4/10/2026,9/18/2025,B00821435-I1-GC-CX,Mechanical Systems Structural General Construction Foundation Earth Work,Permit Issued,B00821435-I1,Alteration CO,Yes,Yes,Permit Entire,14260.0,2,3,692163.0,1824 CHURCH AVENUE  BROOKLYN,5099,10,314,C & L MANAGEMENT USA CORP,40.649478912353516,-73.9622802734375
Brooklyn,3117172,8/30/2026,9/18/2025,32180147601AL06,AL,Issued,321801476,A1,Y,Y,PERMIT ISSUED - ENTIRE JOB/WORK,4976.0,5,3,380000.0,950 FLATBUSH AVE  Brooklyn,5102,47,314,CITISCAPE CONSULTING LTD,40.64828109741211,-73.95855712890625
BROOKLYN,3119168,2/10/2026,4/25/2025,B00958220-I1-GC,General Construction,Permit Issued,B00958220-I1,New Building,,,Permit Entire,15116.4501953125,10,4,0.0,2716 CORTELYOU ROAD  BROOKLYN,5171,71,317,MOD CONSULTANTS LLC,40.64413070678711,-73.951171875
BROOKLYN,3120055,3/22/2026,4/30/2025,B01154548-S3-ST,Structural,Permit Issued,B01154548-S3,ALT-CO - New Building with Existing Elements to Remain,,Yes,Permit Entire,5701.0,8,4,171030.0,2911 AVENUE D  BROOKLYN,5195,44,317,REVAMP NYC CORP,40.64113998413086,-73.94908142089844
Brooklyn,3120272,1/21/2026,6/20/2025,32192354901NB06,NB,Issued,321923549,NB,,,PERMIT ISSUED - ENTIRE JOB/WORK,37518.0,40,8,0.0,621 EAST 21 ST  Brooklyn,5207,50,314,STUDIO GALLOS,40.63888931274414,-73.95757293701172
Brooklyn,3120561,11/27/2025,2/15/2025,32192064001NB04,NB,Issued,321920640,NB,,,PERMIT ISSUED - ENTIRE JOB/WORK,11333.0,13,6,0.0,593 EAST 17 STREET  Brooklyn,5217,53,314,RSLN ARCHITECTURE PLLC,40.63616943359375,-73.96124267578125
BROOKLYN,3121969,1/31/2026,7/30/2025,B01010464-S1-ST,Structural,Permit Issued,B01010464-S1,New Building,,,Permit Entire,17028.0,12,7,0.0,92 PROSPECT PARK SOUTHWEST  BROOKLYN,5259,17,307,G-NADO INC,40.6579704284668,-73.97467041015625
Brooklyn,3122008,4/1/2026,4/9/2025,32208547101AL07,AL,Issued,322085471,A1,Y,Y,PERMIT ISSUED - ENTIRE JOB/WORK,6809.0,2,4,1394001.0,89 SEELEY  STREET  Brooklyn,5261,20,307,WORKSHOP DESIGN & ARCHITECTURE,40.65365982055664,-73.97926330566406
BROOKLYN,3123254,12/30/2025,12/30/2024,B00990970-S9-PL,Plumbing,Permit Issued,B00990970-S9,Alteration CO,Yes,,Permit Entire,6755.0,4,3,25000.0,1372 40 STREET  BROOKLYN,5297,35,312,DYNAMIC PLBG & SPRKLR COR,40.63880920410156,-73.98526000976562
BROOKLYN,3124075,12/29/2025,7/22/2025,B00501131-S3-MS,Mechanical Systems,Permit Issued,B00501131-S3,New Building,,,Permit Entire,150900.0,131,9,1000.0,23 OCEAN PARKWAY  BROOKLYN,5322,4,307,JUN'S CONSTRUCTION INC,40.650001525878906,-73.9731674194336
Brooklyn,3124669,12/31/2025,1/7/2025,32141122701NB03,NB,Issued,321411227,NB,,,PERMIT ISSUED - ENTIRE JOB/WORK,5519.0,2,3,0.0,352 E 5 STREET  Brooklyn,5337,71,312,HE GIN LEE ARCHITECT PLANNER PLL,40.64366912841797,-73.97586059570312
Brooklyn,3125502,11/3/2025,1/7/2025,30237019101NB18,NB,Reissued,302370191,NB,,,PLAN EXAM - APPROVED,26321.0,28,8,0.0,265 OCEAN PARKWAY  Brooklyn,5358,91,312,RISE ARCHITECTURE,40.64303970336914,-73.97344970703125
BROOKLYN,3126112,11/21/2025,11/21/2024,B00981922-Z1-SE,Support of Excavation,Permit Issued,B00981922-Z1,ALT-CO - New Building with Existing Elements to Remain,Yes,Yes,Permit Entire,5545.669921875,1,3,1000.0,536 EAST    5 STREET  BROOKLYN,5373,31,312,BOLD BUILDERS NY INC,40.639251708984375,-73.97502136230469
Brooklyn,3126551,1/7/2026,9/25/2025,32129574501NB05,NB,Issued,321295745,NB,,,PERMIT ISSUED - ENTIRE JOB/WORK,7616.0,3,3,0.0,1623 40 STREET  Brooklyn,5383,19,312,THOMAS KENNETH P.E.,40.635711669921875,-73.9793930053711
BROOKLYN,3127675,2/10/2026,2/10/2025,B00719835-S3-ST,Structural,Permit Issued,B00719835-S3,ALT-CO - New Building with Existing Elements to Remain,Yes,Yes,Permit Entire,9283.5400390625,5,4,200000.0,4117 18 AVENUE  BROOKLYN,5416,28,314,KALE CONSTRUCTION INC,40.63161849975586,-73.97466278076172
BROOKLYN,3127797,12/31/2025,7/16/2025,B00866842-S6-MS,Mechanical Systems,Permit Issued,B00866842-S6,New Building,,,Permit Entire,5164.0,1,3,0.0,142 WEBSTER AVENUE  BROOKLYN,5420,17,314,YC DEVELOPERS INC,40.63072967529297,-73.97467041015625
Brooklyn,3127874,5/21/2026,9/9/2025,32210315701DM01,DM,Issued,322103157,DM,,,PERMIT ISSUED - ENTIRE JOB/WORK,0.0,0,0,0.0,50 LAWRENCE AVENUE  Brooklyn,5422,10,314,H&O ENGINEERING  DPC,40.62910079956055,-73.97630310058594
BROOKLYN,3128086,3/8/2026,3/28/2025,B00900310-S6-EW-SP,Sprinklers,Permit Issued,B00900310-S6,ALT-CO - New Building with Existing Elements to Remain,Yes,Yes,Permit Entire,6562.7998046875,2,3,100800.0,144 PARKVILLE AVENUE  BROOKLYN,5427,24,314,RIGHTWAY PLBG AND HTG INC,40.62982177734375,-73.97313690185547
BROOKLYN,3128571,5/12/2026,6/24/2025,B01104455-I1-GC,General Construction,Permit Issued,B01104455-I1,New Building,,,Permit Entire,12480.0,5,6,0.0,4613 15 AVENUE  BROOKLYN,5436,4,312,J&R CONSTRUCTION SERVICES,40.63357925415039,-73.98603820800781
BROOKLYN,3128705,11/30/2025,4/30/2025,B00982554-S4-EW-SP,Sprinklers,Permit Issued,B00982554-S4,ALT-CO - New Building with Existing Elements to Remain,Yes,No,Permit Entire,4716.419921875,2,2,193300.0,1715 47 STREET  BROOKLYN,5438,70,312,TARGET PIPING NY LLC,40.63058090209961,-73.98127746582031
BROOKLYN,3128883,11/14/2025,4/22/2025,B00777921-S6-EW-SP,Sprinklers,Permit Issued,B00777921-S6,New Building,,,Permit Entire,6600.0,2,3,96000.0,1768 47 STREET  BROOKLYN,5444,25,312,PRIME PIPING & HEATING IN,40.62948989868164,-73.98039245605469
BROOKLYN,3129054,12/16/2025,8/7/2025,B00925744-S2-ST,Structural,Permit Issued,B00925744-S2,ALT-CO - New Building with Existing Elements to Remain,Yes,Yes,Permit Entire,6365.0,3,3,90870.0,1766 48 STREET  BROOKLYN,5449,36,312,CLASSIC BUILDERS CORP,40.62886047363281,-73.98087310791016
BROOKLYN,3129198,1/8/2026,1/24/2025,B00982571-S6-SE,Support of Excavation,Permit Issued,B00982571-S6,ALT-CO - New Building with Existing Elements to Remain,Yes,Yes,Permit Entire,9562.650390625,2,3,50000.0,1643 50 STREET  BROOKLYN,5454,72,312,UPPERLEVEL CONSTRUCTION,40.630001068115234,-73.98484802246094
Brooklyn,3129507,3/20/2026,7/21/2025,32038403501AL07,AL,Issued,320384035,A1,Y,Y,PERMIT ISSUED - ENTIRE JOB/WORK,9539.0,2,4,484512.0,1914 50TH ST  Brooklyn,5462,12,312,N/A,40.62588882446289,-73.97895812988281
BROOKLYN,3129846,12/28/2025,8/27/2025,B01230404-I1-FD,Full Demolition,Permit Issued,B01230404-I1,Full Demolition,,,Permit Entire,2072.0,0,0,70000.0,986 DAHILL ROAD  BROOKLYN,5470,18,312,HEXAGON INDUSTRIES INC,40.62369918823242,-73.97720336914062
BROOKLYN,3129901,11/29/2025,11/29/2024,B00504231-S3-PL,Plumbing,Permit Issued,B00504231-S3,New Building,,,Permit Entire,11432.0,1,3,56700.0,1626 52 STREET  BROOKLYN,5472,18,312,B&B  MECH PLBG & HTG LLC,40.62876892089844,-73.98674774169922
Brooklyn,3129992,12/30/2025,5/22/2025,32195531801AL02,AL,Issued,321955318,A1,,Y,PERMIT ISSUED - ENTIRE JOB/WORK,4718.0,3,3,375000.0,1869 53 STREET  Brooklyn,5474,53,312,TECNICO ENGINEERING,40.62517166137695,-73.98137664794922
BROOKLYN,3130522,11/5/2025,12/4/2024,B32916525-S2-PL,Plumbing,Permit Issued,B00854835-S2,Alteration CO,Yes,Yes,Permit Entire,6659.0,1,3,1000.0,5407 17 AVENUE  BROOKLYN,5486,7,312,WATER WORKS PIPING INC,40.62643051147461,-73.98594665527344
BROOKLYN,3130548,12/7/2025,7/15/2025,B00819260-I1-GC,General Construction,Permit Issued,B00819260-I1,Alteration CO,Yes,Yes,Permit Entire,4360.0,1,3,412475.25,1761 55 STREET  BROOKLYN,5486,49,312,BLUE DREAM BUILDERS INC,40.62541961669922,-73.98480987548828
BROOKLYN,3131321,6/26/2026,7/17/2025,B00980957-S4-SE,Support of Excavation,Permit Issued,B00980957-S4,New Building,,,Permit Entire,5408.0,3,3,0.0,2145 58 STREET  BROOKLYN,5501,55,312,STRUCTURELINE INC,40.618629455566406,-73.97811126708984
BROOKLYN,3131431,11/12/2025,8/12/2025,B00966693-S1-PL,Plumbing,Permit Issued,B00966693-S1,Alteration CO,,Yes,Permit Entire,3997.0,2,3,48000.0,1716 58 STREET  BROOKLYN,5504,12,312,AL PLUMBING & CONT. INC,40.62403869628906,-73.98798370361328
Brooklyn,3131572,12/8/2025,12/2/2024,32149081901AL10,AL,Issued,321490819,A1,Y,Y,PERMIT ISSUED - ENTIRE JOB/WORK,3346.0,1,3,226200.0,2036 58 STREET  Brooklyn,5507,20,312,NY BUILDING ASSOCIATES INC,40.619808197021484,-73.9809799194336
Brooklyn,3131827,12/6/2025,1/15/2025,32108287701NB14,NB,Issued,321082877,NB,,,PERMIT ISSUED - ENTIRE JOB/WORK,10437.0,1,3,0.0,1830 59 STREET  Brooklyn,5512,17,312,THOMAS KENNETH P.E.,40.621971130371094,-73.98606872558594
BROOKLYN,3131866,5/12/2026,6/18/2025,B01075465-S5-ST,Structural,Permit Issued,B01075465-S5,ALT-CO - New Building with Existing Elements to Remain,Yes,Yes,Permit Entire,4771.0,3,3,143130.0,1815 60 STREET  BROOKLYN,5512,71,312,J&R CONSTRUCTION SERVICES,40.62194061279297,-73.98661041259766
BROOKLYN,3131867,5/12/2026,6/18/2025,B01075378-S4-ST,Structural,Permit Issued,B01075378-S4,ALT-CO - New Building with Existing Elements to Remain,Yes,Yes,Permit Entire,5094.0,3,3,152820.0,1813 60 STREET  BROOKLYN,5512,72,312,J&R CONSTRUCTION SERVICES,40.621978759765625,-73.9866714477539
BROOKLYN,3132184,11/27/2025,11/27/2024,B00955313-S5-ST,Structural,Permit Issued,B00955313-S5,ALT-CO - New Building with Existing Elements to Remain,Yes,,Permit Entire,3225.0,1,3,600000.0,1847 61 STREET  BROOKLYN,5519,60,312,KAIETEUR CONSTRUCTION INC,40.620880126953125,-73.98645782470703
Brooklyn,3132384,5/28/2026,6/13/2025,32051531301AL07,AL,Issued,320515313,A1,Y,Y,PERMIT ISSUED - ENTIRE JOB/WORK,0.0,0,5,2.0361096E7,6101 16TH AVENUE  Brooklyn,5524,1,311,SOLOMON ROSENZWEIG P.E,40.62382125854492,-73.99247741699219
BROOKLYN,3132839,11/16/2025,1/7/2025,B00983886-S5-ST,Structural,Permit Issued,B00983886-S5,Alteration CO,Yes,Yes,Permit Entire,4380.58984375,1,2,164000.0,1821 63 STREET  BROOKLYN,5533,64,311,GS INTERIORS LLC,40.62010955810547,-73.98821258544922
Brooklyn,3134425,12/11/2025,12/19/2024,32159014001AL06,AL,Issued,321590140,A1,Y,,PERMIT ISSUED - ENTIRE JOB/WORK,2750.0,2,2,422049.0,1949 67 ST  Brooklyn,5562,58,311,NYX ENGINEERING  PLLC,40.61608123779297,-73.98780822753906
Brooklyn,3135311,8/30/2026,10/17/2025,32125352101NB05,NB,Issued,321253521,NB,,,PERMIT ISSUED - ENTIRE JOB/WORK,3804.0,1,1,0.0,3912 12 AVENUE  Brooklyn,5585,41,312,BANJI AWOSIKA ARCHITECT P.C.,40.641639709472656,-73.9890365600586
BROOKLYN,3135678,3/24/2026,4/29/2025,B00480564-I1-GC-CX,Mechanical Systems General Construction,Permit Issued,B00480564-I1,Alteration CO,Yes,,Permit Entire,5119.0,1,3,710440.0,1250 41 STREET  BROOKLYN,5593,23,312,CASA AZOUTR INC,40.63990020751953,-73.98856353759766
BROOKLYN,3136121,11/12/2025,7/22/2025,B00508606-S4-PL,Plumbing,Permit Issued,B00508606-S4,Alteration CO,Yes,Yes,Permit Entire,4408.0,2,3,1000.0,1165 44 STREET  BROOKLYN,5603,64,312,AL PLUMBING & CONT. INC,40.63991928100586,-73.99221801757812
BROOKLYN,3136168,1/7/2026,1/7/2025,B00941222-S9-EW-SP,Sprinklers,Permit Issued,B00941222-S9,Alteration CO,Yes,Yes,Permit Entire,6230.0,2,3,69300.0,1217 44 STREET  BROOKLYN,5604,62,312,WIZ FIRE SPRINKLERS LLC,40.63901901245117,-73.99073028564453
Brooklyn,3136487,8/4/2026,8/18/2025,34079696301AL06,AL,Issued,340796963,A1,Y,Y,PERMIT ISSUED - ENTIRE JOB/WORK,6930.0,2,3,755000.0,4416 14 AVE  Brooklyn,5611,43,312,ASHER HERSHKOWITZ ARCHITECT PLLC,40.63631820678711,-73.98758697509766
BROOKLYN,3136777,7/17/2026,9/26/2025,B01232516-I1-FD,Full Demolition,Permit Issued,B01232516-I1,Full Demolition,,,Permit Entire,3618.0,0,0,30000.0,4508 15 AVENUE  BROOKLYN,5618,41,312,BG CONSTRUCTION NY INC,40.63454055786133,-73.9858627319336
BROOKLYN,3137438,1/1/2026,2/4/2025,B01036948-S6-EW-SP,Sprinklers,Permit Issued,B01036948-S6,Alteration CO,,Yes,Permit Entire,5990.0,2,4,36300.0,1215 49 STREET  BROOKLYN,5634,7503,312,B&B MECH PLBG & HTG LLC,40.636268615722656,-73.99371337890625
Brooklyn,3137582,2/1/2026,8/20/2025,32138793101AL06,AL,Issued,321387931,A1,Y,Y,PERMIT ISSUED - PARTIAL JOB,7851.0,2,4,1345000.0,959 50 ST  Brooklyn,5638,53,312,NYX ENGINEERING  PLLC,40.63903045654297,-73.99980163574219
Brooklyn,3138240,12/19/2025,2/4/2025,32138635301AL06,AL,Issued,321386353,A1,Y,Y,PERMIT ISSUED - ENTIRE JOB/WORK,5346.0,4,4,1130297.0,943 52 STREET  Brooklyn,5652,60,312,AVID DESIGNS  INC,40.63813018798828,-74.0013427734375
Brooklyn,3138690,11/8/2025,1/7/2025,32148751001AL03,AL,Issued,321487510,A1,,Y,PERMIT ISSUED - ENTIRE JOB/WORK,5000.0,3,4,605000.0,1223 53 ST  Brooklyn,5662,34,312,ASHER HERSHKOWITZ ARCHITECT PLLC,40.633888244628906,-73.9958267211914
Brooklyn,3138725,6/30/2026,9/16/2025,32175149401NB09,NB,Issued,321751494,NB,,,PERMIT ISSUED - ENTIRE JOB/WORK,15408.0,4,4,0.0,1324 52 STREET  Brooklyn,5663,15,312,ENGINEERING PROFESSIONAL SVCS PC,40.63275909423828,-73.99337005615234
Brooklyn,3138905,12/9/2025,3/28/2025,34073936601NB04,NB,Issued,340739366,NB,,,PERMIT ISSUED - ENTIRE JOB/WORK,4455.0,1,3,0.0,1114 53 STREET  Brooklyn,5668,11,312,MAYER SILBER ARCHITECT P.C.,40.635009765625,-73.99859619140625
BROOKLYN,3138968,5/1/2026,7/18/2025,B00813782-S6-EW-SP,Sprinklers,Permit Issued,B00813782-S6,ALT-CO - New Building with Existing Elements to Remain,Yes,Yes,Permit Entire,4682.0,2,3,85000.0,1218 53 STREET  BROOKLYN,5669,13,312,AMERICAN STANDARD PLUMBIN,40.63365173339844,-73.99635314941406
BROOKLYN,3139474,2/22/2026,5/30/2025,B00730176-Z4-FN,Construction Fence,Permit Issued,B00730176-Z4,New Building,,,Permit Entire,42705.328125,13,4,0.0,1449 55 STREET  BROOKLYN,5678,53,312,HI-TOWER CONTRACTORS INC,40.62971115112305,-73.9919204711914
BROOKLYN,3139547,11/12/2025,5/13/2025,B01107666-S7-SE,Support of Excavation,Permit Issued,B01107666-S7,ALT-CO - New Building with Existing Elements to Remain,Yes,Yes,Permit Entire,1454.0,8,5,50000.0,902 55 STREET  BROOKLYN,5680,6,312,JOHN EVAN CONTRACTING COR,40.6367301940918,-74.00446319580078
Brooklyn,3139666,12/12/2025,3/3/2025,32154445001AL06,AL,Issued,321544450,A1,Y,Y,PERMIT ISSUED - ENTIRE JOB/WORK,4176.0,2,3,1030796.0,1114 55 STREET  Brooklyn,5682,11,312,THOMAS KENNETH P.E.,40.633888244628906,-73.99976348876953
Brooklyn,3139853,5/18/2026,5/27/2025,32098027501AL14,AL,Issued,320980275,A1,Y,Y,PERMIT ISSUED - ENTIRE JOB/WORK,9430.0,0,6,1634335.0,824 56 STREET  Brooklyn,5686,16,312,YANG ENGINEERING LLC,40.63719177246094,-74.0067367553711
BROOKLYN,3139915,8/2/2026,10/17/2025,B00481153-S2-EW-SP,Sprinklers,Permit Issued,B00481153-S2,ALT-CO - New Building with Existing Elements to Remain,Yes,Yes,Permit Entire,6826.0,5,4,57000.0,936 56 STREET  BROOKLYN,5687,22,312,S & L PLUMBING INC,40.63568115234375,-74.00424194335938
BROOKLYN,3140532,11/15/2025,3/28/2025,B01052852-S1-SE,Support of Excavation,Permit Issued,B01052852-S1,ALT-CO - New Building with Existing Elements to Remain,Yes,Yes,Permit Entire,6878.77001953125,5,4,30000.0,882 58 STREET  BROOKLYN,5700,40,312,JABBIE INDUSTRIES INCORP*,40.635250091552734,-74.00655364990234
Brooklyn,3140557,8/28/2026,10/9/2025,32068954501AL14,AL,Issued,320689545,A1,Y,Y,PERMIT ISSUED - ENTIRE JOB/WORK,0.0,0,6,298000.0,821 59 STREET  Brooklyn,5700,70,312,S M TAM ARCHITECT  PLLC,40.63589096069336,-74.0081787109375
BROOKLYN,3141015,2/5/2026,7/29/2025,B00891451-I1-GC,General Construction,Permit Issued,B00891451-I1,ALT-CO - New Building with Existing Elements to Remain,,Yes,Permit Entire,9217.099609375,0,3,1210050.0,1143 60 STREET  BROOKLYN,5710,53,312,CR BUILDERS NY INC,40.6309700012207,-74.00157165527344
Brooklyn,3141157,12/16/2025,11/21/2024,32159218401NB03,NB,Issued,321592184,NB,,,PERMIT ISSUED - ENTIRE JOB/WORK,13738.0,9,6,0.0,820 60TH STREET  Brooklyn,5714,14,312,LAM & LAM ENGINEERING D.P.C.,40.634971618652344,-74.00921630859375
BROOKLYN,3141254,10/30/2025,6/25/2025,B01038431-S3-ST,Structural,Permit Issued,B01038431-S3,ALT-CO - New Building with Existing Elements to Remain,Yes,Yes,Permit Entire,7597.330078125,0,4,1000.0,1137 61 STREET  BROOKLYN,5717,64,312,LIONSTONE DEVELOPERS LLC,40.63050842285156,-74.0024185180664
BROOKLYN,3141270,2/10/2026,6/4/2025,B01078734-I1-GC,General Construction,Permit Issued,B01078734-I1,Alteration CO,,Yes,Permit Entire,3660.0,0,2,548800.0,1230 60 STREET  BROOKLYN,5718,11,312,MOD CONSULTANTS LLC,40.629539489746094,-74.00019836425781
Brooklyn,3141483,12/2/2025,4/9/2025,32183364601NB06,NB,Issued,321833646,NB,,,PERMIT ISSUED - ENTIRE JOB/WORK,7630.0,6,3,0.0,1058 62ND STREET  Brooklyn,5730,30,310,TECNICO ENGINEERING,40.63063049316406,-74.00505065917969
Brooklyn,3141640,1/3/2026,1/3/2025,32145370701NB03,NB,Issued,321453707,NB,,,PERMIT ISSUED - ENTIRE JOB/WORK,94321.0,0,5,0.0,6202 14 AVE  Brooklyn,5733,36,310,ZAMBRANO ARCHITECTS,40.62636947631836,-73.99803161621094
BROOKLYN,3144085,6/11/2026,9/17/2025,B01058273-S1-GC-CX,General Construction Foundation Earth Work,Permit Issued,B01058273-S1,ALT-CO - New Building with Existing Elements to Remain,Yes,Yes,Permit Issued,8545.0,1,4,4000.0,6302 5 AVENUE  BROOKLYN,5809,35,307,HY DESIGN & DEVELOPMENT L,40.637840270996094,-74.01827239990234
BROOKLYN,3144185,6/25/2026,6/25/2025,B00991102-S3-ST,Structural,Permit Issued,B00991102-S3,New Building,,,Permit Entire,19399.0,0,8,0.0,6414 8 AVENUE  BROOKLYN,5821,43,310,XINYE CONSTRUCTION INC,40.63298034667969,-74.01254272460938
BROOKLYN,3148563,1/24/2026,6/16/2025,B00975398-S4-ST,Structural,Permit Issued,B00975398-S4,New Building,,,Permit Entire,12956.1298828125,1,3,0.0,7539 SHORE ROAD  BROOKLYN,5936,9,310,GLORY R CONSTRUCTION INC,40.6327018737793,-74.0369873046875
BROOKLYN,3149133,5/8/2026,5/8/2025,B08003102-I1-GC-CX,Mechanical Systems Structural General Construction Foundation,Permit Issued,B08003102-I1,Alteration CO,Yes,,Permit Entire,3347.739990234375,1,3,503600.0,7616 RIDGE BOULEVARD  BROOKLYN,5948,45,310,SAPOL CONSTRUCTION LLC,40.631080627441406,-74.0312728881836
Brooklyn,3150428,5/1/2026,7/1/2025,30176859401AL24,AL,Issued,301768594,A1,Y,,PERMIT ISSUED - ENTIRE JOB/WORK,8198.0,3,3,60000.0,590 78 STREET  Brooklyn,5971,50,310,ALFRED C. BARTOLOMEO  A.I.A.,40.62567901611328,-74.02147674560547
BROOKLYN,3150720,4/23/2026,4/23/2025,B01138462-S2-FN,Construction Fence,Permit Issued,B01138462-S2,ALT-CO - New Building with Existing Elements to Remain,Yes,,Permit Entire,3934.0,1,2,1000.0,80 79 STREET  BROOKLYN,5976,26,310,SAPOL CONSTRUCTION LLC,40.63003921508789,-74.03584289550781
Brooklyn,3150870,10/30/2025,2/3/2025,32176284701AL07,AL,Issued,321762847,A1,Y,Y,PERMIT ISSUED - ENTIRE JOB/WORK,13939.0,10,6,2840000.0,7910 4TH AVENUE  Brooklyn,5979,44,310,HPL ENGINEERING P.C.,40.62771987915039,-74.02670288085938
BROOKLYN,3151390,6/12/2026,6/12/2025,B01091908-S1-PL,Plumbing,Permit Issued,B01091908-S1,Alteration CO,Yes,No,Permit Entire,2286.659912109375,2,2,25000.0,8012 6 AVENUE  BROOKLYN,5990,44,310,A&H EXPRESS PLBG&HTG CORP,40.62419891357422,-74.02220153808594
BROOKLYN,3153541,7/1/2026,10/9/2025,B01266266-S2-FN,Construction Fence,Permit Issued,B01266266-S2,Full Demolition,,,Permit Entire,4177.0,0,0,5000.0,454 86 STREET  BROOKLYN,6045,27,310,NORTHEAST SPECIALIST GROU,40.621761322021484,-74.0272216796875
BROOKLYN,3153542,7/1/2026,10/9/2025,B01266279-S2-FN,Construction Fence,Permit Issued,B01266279-S2,Full Demolition,,,Permit Entire,5092.0,0,0,5000.0,456 86 STREET  BROOKLYN,6045,28,310,NORTHEAST SPECIALIST GROU,40.62171936035156,-74.02716827392578
BROOKLYN,3153543,7/1/2026,10/9/2025,B01266475-S2-FN,Construction Fence,Permit Issued,B01266475-S2,Full Demolition,,,Permit Entire,8000.0,0,0,5000.0,458 86 STREET  BROOKLYN,6045,29,310,NORTHEAST SPECIALIST GROU,40.62168884277344,-74.0271224975586
BROOKLYN,3153544,7/1/2026,10/9/2025,B01266518-S2-FN,Construction Fence,Permit Issued,B01266518-S2,Full Demolition,,,Permit Entire,16000.0,0,0,5000.0,460 86 STREET  BROOKLYN,6045,30,310,NORTHEAST SPECIALIST GROU,40.621639251708984,-74.02703094482422
BROOKLYN,3153545,7/1/2026,10/8/2025,B01266780-S2-FN,Construction Fence,Permit Issued,B01266780-S2,Full Demolition,,,Permit Entire,3732.0,0,0,5000.0,464 86 STREET  BROOKLYN,6045,32,310,NORTHEAST SPECIALIST GROU,40.62158966064453,-74.02693939208984
Brooklyn,3153761,12/24/2025,1/2/2025,32161536501AL16,AL,Issued,321615365,A1,,Y,PERMIT ISSUED - ENTIRE JOB/WORK,52989.0,0,5,225000.0,437 88 STREET  Brooklyn,6050,45,310,EDWARD MILLS & ASSOC.,40.62078857421875,-74.02765655517578
Brooklyn,3153881,4/1/2026,4/4/2025,32205314801NB06,NB,Issued,322053148,NB,,,PERMIT ISSUED - ENTIRE JOB/WORK,77934.0,0,5,0.0,650 86TH STREET  Brooklyn,6056,12,310,NYC SCHOOL CONSTRUCTION AUTHORIT,40.61848068237305,-74.0218276977539
BROOKLYN,3155270,3/31/2026,6/30/2025,B01013921-I1-GC-CX,Structural General Construction Foundation,Permit Issued,B01013921-I1,Alteration CO,Yes,Yes,Permit Entire,3818.199951171875,2,3,472090.0,325 94 STREET  BROOKLYN,6107,62,310,STEEL TONE CONSTRUCTION,40.61777877807617,-74.03238677978516
BROOKLYN,3155326,4/8/2026,10/7/2025,B01225458-I1-FD,Full Demolition,Permit Issued,B01225458-I1,Full Demolition,,,Permit Entire,1430.0,0,0,50000.0,9201 5 AVENUE  BROOKLYN,6109,23,310,SKEN SERVICES CORP,40.61758041381836,-74.02916717529297
BROOKLYN,3156653,12/31/2025,7/10/2025,B01017206-I1-GC-CX,Structural General Construction,Permit Issued,B01017206-I1,ALT-CO - New Building with Existing Elements to Remain,Yes,Yes,Permit Entire,1500.0,2,4,1823300.0,1683 70 STREET  BROOKLYN,6159,53,311,L&L CONSTRUCTION DEVELOP,40.61811065673828,-73.99569702148438
BROOKLYN,3157096,8/3/2026,8/12/2025,B01061352-I1-GC-CX,Structural General Construction Foundation,Permit Issued,B01061352-I1,Alteration CO,Yes,Yes,Permit Entire,3348.0,2,3,580000.0,1335 71 STREET  BROOKLYN,6167,63,310,TLS CONSTRUCTION GROUP I*,40.622161865234375,-74.00389099121094
BROOKLYN,3158873,12/31/2025,9/10/2025,B01108269-I1-ST,Structural,Permit Issued,B01108269-I1,New Building,,,Permit Entire,2998.0,1,3,0.0,1349 74 STREET  BROOKLYN,6200,57,310,L&L CONSTRUCTION DEVELOP,40.62028884887695,-74.00531768798828
Brooklyn,3163928,1/10/2026,1/15/2025,32090907701NB12,NB,Issued,320909077,NB,,,PERMIT ISSUED - ENTIRE JOB/WORK,23888.0,1,4,0.0,2105 82 STREET  Brooklyn,6299,70,311,ZAMBRANO ARCHITECTURAL DESIGN LL,40.60560989379883,-73.9933090209961
BROOKLYN,3166695,5/1/2026,10/3/2025,B00620549-S1-PL,Plumbing,Permit Issued,B00620549-S1,New Building,,,Permit Entire,6253.0,5,4,93795.0,33 BAY   20 STREET  BROOKLYN,6371,35,311,AMERICAN STANDARD P&H COR,40.60554122924805,-74.00171661376953
BROOKLYN,3167172,5/1/2026,9/26/2025,B07999166-S2-PL,Plumbing,Permit Issued,B07999166-S2,Alteration CO,Yes,Yes,Permit Entire,1432.0,2,3,88000.0,7 BAY   32 STREET  BROOKLYN,6383,38,311,QMB PLUMBING & HEATING IN,40.60065841674805,-73.99237060546875
Brooklyn,3167632,5/17/2026,6/5/2025,32115879601AL03,AL,Issued,321158796,A1,Y,Y,PERMIT ISSUED - ENTIRE JOB/WORK,8222.0,0,3,1187000.0,8750 17 AVENUE  Brooklyn,6399,69,311,CITISCAPE CONSULTING LTD,40.60578155517578,-74.00821685791016
BROOKLYN,3167807,3/17/2026,3/17/2025,B00801555-Z2-ST,Structural,Permit Issued,B00801555-Z2,New Building,,,Permit Entire,5660.0,2,3,0.0,1910 BENSON AVENUE  BROOKLYN,6406,27,311,NEFCO ENTERPRISES INC,40.60340118408203,-74.0023422241211
Brooklyn,3169093,5/27/2026,5/28/2025,32179679401AL06,AL,Issued,321796794,A1,Y,Y,PERMIT ISSUED - ENTIRE JOB/WORK,3599.0,2,2,90000.0,8858 15TH AVENUE  Brooklyn,6459,47,311,CITY BUILDING NY ARCHITECT P.C.,40.606319427490234,-74.01519775390625
BROOKLYN,3170336,1/1/2026,7/17/2025,B00829802-S5-PL,Plumbing,Permit Issued,B00829802-S5,Alteration CO,Yes,Yes,Permit Entire,2409.0,1,3,1000.0,939 EAST    5 STREET  BROOKLYN,6503,75,314,B&B  MECH PLBG & HTG LLC,40.628658294677734,-73.97242736816406
BROOKLYN,3170420,4/28/2026,7/25/2025,B08016460-S1-EW-SP,Sprinklers,Permit Issued,B08016460-S1,New Building,,,Permit Entire,9478.099609375,1,2,0.0,312 ELMWOOD AVENUE  BROOKLYN,6506,5,312,F.S. WORKS INC,40.62699890136719,-73.97383880615234
BROOKLYN,3170569,4/29/2026,9/19/2025,B00862271-S1-FN,Construction Fence,Permit Issued,B00862271-S1,ALT-CO - New Building with Existing Elements to Remain,Yes,Yes,Permit Entire,3086.0,1,3,200.0,865 EAST    9 STREET  BROOKLYN,6512,58,312,BUILDERS JOSEPH AND SONS,40.627750396728516,-73.96742248535156
BROOKLYN,3170886,11/6/2025,9/10/2025,B00705575-I1-GC,General Construction,Permit Issued,B00705575-I1,ALT-CO - New Building with Existing Elements to Remain,Yes,Yes,Permit Entire,6163.0,1,3,924450.0,978 EAST    8 STREET  BROOKLYN,6520,31,312,WP CONTRACTING INC,40.625389099121094,-73.9685287475586
BROOKLYN,3171163,1/10/2026,1/10/2025,B00983530-S6-SE,Support of Excavation,Permit Issued,B00983530-S6,ALT-CO - New Building with Existing Elements to Remain,Yes,,Permit Entire,2251.550048828125,1,3,50000.0,1088 EAST    8 STREET  BROOKLYN,6528,37,312,BARUCH BUILDERS CORP,40.6226806640625,-73.968017578125
BROOKLYN,3171226,3/10/2026,9/19/2025,B00946568-I1-GC,General Construction,Permit Issued,B00946568-I1,ALT-CO - New Building with Existing Elements to Remain,Yes,Yes,Permit Entire,9286.0,1,3,1392900.0,920 AVENUE J  BROOKLYN,6530,8,312,JC CONSULTING & MANAGEME*,40.6243896484375,-73.9663314819336
BROOKLYN,3171301,2/26/2026,5/12/2025,B00532024-I1-MS,Mechanical Systems,Permit Issued,B00532024-I1,New Building,,,Permit Entire,7895.0,1,3,150000.0,1005 AVENUE K  BROOKLYN,6531,48,312,G BUILDERS MANAGEMENT INC,40.62255096435547,-73.96540069580078
BROOKLYN,3171862,2/10/2026,8/4/2025,B01175968-S3-SE,Support of Excavation,Permit Issued,B01175968-S3,Alteration CO,Yes,,Permit Entire,4757.43994140625,1,2,5000.0,1311 EAST    7 STREET  BROOKLYN,6543,81,312,MOD CONSULTANTS LLC,40.61888885498047,-73.96774291992188
BROOKLYN,3171919,1/17/2026,2/25/2025,B00685958-S2-SE,Support of Excavation,Permit Issued,B00685958-S2,ALT-CO - New Building with Existing Elements to Remain,Yes,Yes,Permit Entire,7507.0,1,3,65000.0,1227 EAST    8 STREET  BROOKLYN,6544,82,312,BARUCH BUILDERS CORP,40.61915969848633,-73.96672821044922
BROOKLYN,3172035,12/23/2025,9/25/2025,B00814931-S3-ST,Structural,Permit Issued,B00814931-S3,Alteration CO,Yes,Yes,Permit Entire,3825.0,1,3,1000.0,1221 EAST   10 STREET  BROOKLYN,6546,78,312,SAKAB DESIGN  INC,40.61927032470703,-73.96485900878906
BROOKLYN,3172802,2/26/2026,8/28/2025,B01144855-I1-ST,Structural,Permit Issued,B01144855-I1,Alteration CO,,Yes,Permit Entire,3246.0,1,3,175090.4375,1439 EAST    3 STREET  BROOKLYN,6566,67,312,G BUILDERS MANAGEMENT INC,40.61540985107422,-73.97180938720703
BROOKLYN,3172984,12/4/2025,12/4/2024,B26078852-S5-PL,Plumbing,Permit Issued,B00870573-S5,Alteration CO,Yes,Yes,Permit Issued,7624.06982421875,1,3,141000.0,1338 EAST    8 STREET  BROOKLYN,6570,22,312,NESS MECHANICAL P & H INC,40.616371154785156,-73.96682739257812
Brooklyn,3173005,3/22/2026,2/20/2025,32156905801AL04,AL,Issued,321569058,A1,Y,Y,PERMIT ISSUED - ENTIRE JOB/WORK,6727.0,1,2,786000.0,1461 EAST 7 STREET  Brooklyn,6570,59,312,DOME ARCHITECTURE  DES & ENGINEE,40.615230560302734,-73.967041015625
BROOKLYN,3173091,11/7/2025,3/3/2025,B00612287-S2-SE,Support of Excavation,Permit Issued,B00612287-S2,Alteration CO,Yes,,Permit Entire,6405.06982421875,0,3,24000.0,1326 EAST   10 STREET  BROOKLYN,6572,17,312,DECOSTA CONSTRUCTION INC,40.61676025390625,-73.96495819091797
BROOKLYN,3173603,2/25/2026,2/25/2025,B00869984-S2-PL,Plumbing,Permit Issued,B00869984-S2,ALT-CO - New Building with Existing Elements to Remain,Yes,,Permit Entire,5490.0,1,3,1000.0,323 AVENUE O  BROOKLYN,6584,56,312,NESS MECHANICAL P & H INC,40.611759185791016,-73.97207641601562
BROOKLYN,3173717,6/26/2026,6/26/2025,B00913672-S4-ST,Structural,On Hold – Construction Superintendent Withdrew,B00913672-S4,ALT-CO - New Building with Existing Elements to Remain,Yes,Yes,Permit Entire,4633.2099609375,1,3,60000.0,1526 EAST    5 STREET  BROOKLYN,6586,25,312,B36 SERVICES INC,40.61344909667969,-73.97013092041016
BROOKLYN,3173902,12/6/2025,6/23/2025,B01124741-I1-GC,General Construction,Permit Issued,B01124741-I1,Alteration CO,Yes,Yes,Permit Entire,3615.0,1,3,802530.0,1561 EAST    7 STREET  BROOKLYN,6589,68,312,MOKEN HOME IMPROVEMENT,40.61281967163086,-73.96659088134766
BROOKLYN,3173926,2/18/2026,2/18/2025,B01097761-S1-SE,Support of Excavation,Permit Issued,B01097761-S1,ALT-CO - New Building with Existing Elements to Remain,Yes,Yes,Permit Entire,5727.25,1,3,42000.0,1414 EAST    9 STREET  BROOKLYN,6590,12,312,RHY CONSTRUCTION LLC,40.61452102661133,-73.96549224853516
BROOKLYN,3175041,1/1/2026,8/14/2025,B00854811-S2-PL,Plumbing,Permit Issued,B00854811-S2,Alteration CO,Yes,,Permit Entire,9555.0,2,3,1000.0,1556 EAST    8 STREET  BROOKLYN,6614,31,312,KATAN P & H INC,40.6108283996582,-73.96576690673828
Brooklyn,3175129,7/28/2026,7/28/2025,32203576601AL01,AL,Issued,322035766,A1,Y,Y,PERMIT ISSUED - ENTIRE JOB/WORK,6347.0,1,3,100.0,1527 EAST 8TH STREET  Brooklyn,6615,86,312,GARFINKEL ARCHITECTS,40.61153030395508,-73.96528625488281
Brooklyn,3175257,5/18/2026,9/18/2025,32190438301NB01,NB,Issued,321904383,NB,,,PERMIT ISSUED - PARTIAL JOB,15972.0,16,5,0.0,1665 STILLWELL AVENUE  Brooklyn,6618,48,311,CITY BUILDING NY ARCHITECT P.C.,40.60557174682617,-73.98658752441406
BROOKLYN,3176104,2/24/2026,2/24/2025,B00983360-S5-SE,Support of Excavation,Permit Issued,B00983360-S5,ALT-CO - New Building with Existing Elements to Remain,Yes,Yes,Permit Entire,2126.8701171875,1,3,75000.0,509 QUENTIN ROAD  BROOKLYN,6637,53,315,RHY CONSTRUCTION LLC,40.60737991333008,-73.9683837890625
BROOKLYN,3176143,2/10/2026,7/8/2025,B01190033-I1-FD,Full Demolition,Permit Issued,B01190033-I1,Full Demolition,,,Permit Entire,5000.0,0,0,50000.0,1677 OCEAN PARKWAY  BROOKLYN,6638,46,315,MOD CONSULTANTS LLC,40.607601165771484,-73.96668243408203
BROOKLYN,3176144,2/10/2026,7/8/2025,B01190020-I1-FD,Full Demolition,Permit Issued,B01190020-I1,Full Demolition,,,Permit Entire,6000.0,0,0,50000.0,1673 OCEAN PARKWAY  BROOKLYN,6638,48,315,MOD CONSULTANTS LLC,40.60771179199219,-73.9666976928711
BROOKLYN,3177236,12/26/2025,10/14/2025,B01112953-S5-SE,Support of Excavation,Permit Issued,B01112953-S5,ALT-CO - New Building with Existing Elements to Remain,Yes,Yes,Permit Entire,8993.0,1,3,129600.0,1856 EAST    3 STREET  BROOKLYN,6659,40,315,PALACE HOUSING CORP,40.60506820678711,-73.97046661376953
BROOKLYN,3177303,12/18/2025,7/7/2025,B00994047-I1-GC,General Construction,Permit Issued,B00994047-I1,Alteration CO,Yes,Yes,Permit Entire,5389.0,1,3,1323750.0,1834 EAST    4 STREET  BROOKLYN,6660,30,315,ADASS INC,40.60560989379883,-73.9695816040039
BROOKLYN,3177414,5/26/2026,8/13/2025,B01044488-I1-GC-CX,Structural General Construction,Permit Issued,B01044488-I1,Alteration CO,,Yes,Permit Entire,5393.0,1,3,168500.0,1704 OCEAN PARKWAY  BROOKLYN,6662,10,315,BROOKLYN CONTRACTOR INC,40.606998443603516,-73.96784210205078
Brooklyn,3177479,10/27/2025,12/10/2024,32135830201AL12,AL,Issued,321358302,A1,Y,Y,PERMIT ISSUED - ENTIRE JOB/WORK,13528.0,2,3,1762250.0,1727 OCEAN PARKWAY  Brooklyn,6663,82,315,CORNERSTONE DESIGNS,40.60663986206055,-73.96650695800781
BROOKLYN,3177549,2/22/2026,5/21/2025,B00645335-S8-EW-SD,Standpipe,Permit Issued,B00645335-S8,New Building,,,Permit Entire,137132.296875,24,19,1.0,815 KINGS HIGHWAY  BROOKLYN,6665,14,315,MEGA PLBG CORP,40.606998443603516,-73.96407318115234
BROOKLYN,3178740,3/12/2026,9/18/2025,B01186201-I1-GC,General Construction,Permit Issued,B01186201-I1,Alteration CO,Yes,Yes,Permit Entire,2974.10009765625,1,2,714680.0,1856 EAST    8 STREET  BROOKLYN,6683,32,315,HABONEH CONSTRUCTION INC,40.603660583496094,-73.96440887451172
Brooklyn,3179486,12/27/2025,12/27/2024,32017756201AL10,AL,Issued,320177562,A1,Y,,PERMIT ISSUED - ENTIRE JOB/WORK,0.0,2,3,125560.0,1331 CONEY ISLAND AVENUE  Brooklyn,6704,55,314,GELU DURUS MUSICA,40.62525939941406,-73.96491241455078
BROOKLYN,3182653,5/9/2026,5/9/2025,B01038023-I1-GC,General Construction,Permit Issued,B01038023-I1,Alteration CO,Yes,Yes,Permit Entire,6544.0,1,2,888100.0,1628 EAST   24 STREET  BROOKLYN,6786,18,315,PEEPS SERVICES INC,40.61056137084961,-73.94991302490234
BROOKLYN,3182707,3/5/2026,7/10/2025,B01176833-I1-GC-CX,Structural General Construction Foundation,Permit Issued,B01176833-I1,ALT-CO - New Building with Existing Elements to Remain,Yes,,Permit Entire,6638.0,1,2,1272300.0,1667 EAST   24 STREET  BROOKLYN,6787,50,315,Z & J CONSTRUCTION CORP,40.609710693359375,-73.9491195678711
Brooklyn,3182750,2/26/2026,2/26/2025,32151163601AL07,AL,Issued,321511636,A1,Y,Y,PERMIT ISSUED - ENTIRE JOB/WORK,7017.0,1,3,650000.0,1622 EAST 29TH STREET  Brooklyn,6791,8,315,HESHAM ELSHAMY PE,40.61124038696289,-73.94525146484375
BROOKLYN,3183231,11/29/2025,11/29/2024,B01008423-S7-SE,Support of Excavation,Permit Issued,B01008423-S7,New Building,,,Permit Entire,30852.0,37,8,0.0,2183 OCEAN AVENUE  BROOKLYN,6803,87,315,AIG DEVELOPERS INC,40.608428955078125,-73.95274353027344
Brooklyn,3183308,3/1/2026,3/6/2025,32150488601AL03,AL,Issued,321504886,A1,Y,Y,PERMIT ISSUED - ENTIRE JOB/WORK,0.0,1,3,506734.0,1773 EAST 22 STREET  Brooklyn,6805,78,315,PHILIP M. HARRIS ARCHITECT,40.60818862915039,-73.9507827758789
BROOKLYN,3184180,5/9/2026,5/9/2025,B00595991-S6-EW-SP,Sprinklers,Permit Issued,B00595991-S6,Alteration CO,Yes,Yes,Permit Entire,3995.97998046875,1,3,50000.0,1864 EAST   22 STREET  BROOKLYN,6827,17,315,NESS MECHANICAL P & H INC,40.60581970214844,-73.95092010498047
BROOKLYN,3184202,12/26/2025,2/6/2025,B00623025-I1-GC,General Construction,Permit Issued,B00623025-I1,ALT-CO - New Building with Existing Elements to Remain,Yes,Yes,Permit Entire,3990.72998046875,1,3,1632680.0,1961 EAST   21 STREET  BROOKLYN,6827,59,315,PALACE HOUSING CORP,40.60491943359375,-73.95111083984375
Brooklyn,3186390,5/18/2026,8/8/2025,32191086601AL08,AL,Issued,321910866,A1,Y,Y,PERMIT ISSUED - ENTIRE JOB/WORK,7668.0,3,4,250000.0,8760 26 AVE  Brooklyn,6881,83,311,BASIC GROUPS CORP,40.59349822998047,-73.98861694335938
Brooklyn,3186798,8/31/2026,10/15/2025,32059444201NB07,NB,Issued,320594442,NB,,,PERMIT ISSUED - ENTIRE JOB/WORK,8710.0,3,4,0.0,2631 HARWAY AVE  Brooklyn,6898,7,313,C & C DESIGNSPACE  INC ,40.59101867675781,-73.98914337158203
BROOKLYN,3186884,7/16/2026,9/23/2025,B01012866-I1-GC,General Construction,Permit Issued,B01012866-I1,New Building,,,Permit Entire,4149.0,3,4,0.0,2703 HARWAY AVENUE  BROOKLYN,6900,9,313,FUNG TAI CONSTRUCTION INC,40.590171813964844,-73.98777770996094
BROOKLYN,3187297,12/31/2025,7/14/2025,B00814172-S4-FO-EA,Foundation Earth Work,Permit Issued,B00814172-S4,New Building,,,Permit Entire,13129.0,14,4,0.0,2795 CROPSEY AVENUE  BROOKLYN,6915,44,313,NEW EMPIRE BUILDER CORP,40.586891174316406,-73.9882583618164
Brooklyn,3187491,8/3/2026,8/14/2025,32159720501NB03,NB,Issued,321597205,NB,,,PERMIT ISSUED - ENTIRE JOB/WORK,8421.0,7,4,0.0,2555 WEST 16 STREET  Brooklyn,6919,127,313,L & C  ASSOCIATES,40.58536911010742,-73.98478698730469
Brooklyn,3187993,11/8/2025,5/14/2025,32118614001AL09,AL,Issued,321186140,A1,Y,Y,PERMIT ISSUED - ENTIRE JOB/WORK,0.0,1,5,724800.0,3734 BAYVIEW AVENUE  Brooklyn,6956,22,313,DOME ARCHITECTURE & DESIGN GROUP,40.58063888549805,-74.00524139404297
Brooklyn,3188894,3/27/2026,4/4/2025,32118341001AL12,AL,Issued,321183410,A1,Y,,PERMIT ISSUED - ENTIRE JOB/WORK,0.0,320,15,4435532.0,2824 WEST 23RD STREET  Brooklyn,7015,15,313,NELLIGAN WHITE ARCHITECTS PLLC,40.57719039916992,-73.99089050292969
Brooklyn,3188942,10/30/2025,2/3/2025,32062229701AL03,AL,Issued,320622297,A1,Y,Y,PERMIT ISSUED - ENTIRE JOB/WORK,0.0,0,2,2989793.0,2864 WEST 21ST STREET  Brooklyn,7017,35,313,RIKE TECH ASSOCIATES LLC,40.57688903808594,-73.98838806152344
Brooklyn,3189543,3/27/2026,4/4/2025,32118732701AL12,AL,Issued,321187327,A1,Y,,PERMIT ISSUED - ENTIRE JOB/WORK,0.0,255,17,9638420.0,2931 WEST 23RD STREET  Brooklyn,7057,12,313,NELLIGAN WHITE ARCHITECTS PLLC,40.57501983642578,-73.98934936523438
BROOKLYN,3190444,12/3/2025,10/10/2025,B08043680-S2-SE,Support of Excavation,Permit Issued,B08043680-S2,New Building,,,Permit Entire,15868.0,0,5,0.0,321 AVENUE T  BROOKLYN,7087,46,311,ABECO CONSTRUCTION LLC,40.59946060180664,-73.97315979003906
Brooklyn,3190899,4/26/2026,7/17/2025,32136523201AL09,AL,Issued,321365232,A1,Y,Y,PERMIT ISSUED - ENTIRE JOB/WORK,0.0,1,2,456726.0,2072 W 10 STREET  Brooklyn,7095,38,311,1+1 DESIGN STUDIO LLC,40.59648895263672,-73.98165130615234
BROOKLYN,3191507,2/6/2026,2/6/2025,B00887793-I1-GC,General Construction,Permit Issued,B00887793-I1,New Building,,,Permit Entire,8834.0,1,3,0.0,2020 EAST 2 STREET  BROOKLYN,7104,180,315,BUILDERS JOSEPH AND SONS,40.60029983520508,-73.97046661376953
BROOKLYN,3191541,5/27/2026,5/27/2025,B00750033-S1-PL,Plumbing,Permit Issued,B00750033-S1,Alteration CO,Yes,Yes,Permit Entire,5372.85009765625,1,3,35000.0,2066 WEST STREET  BROOKLYN,7104,251,315,NESS MECHANICAL P & H INC,40.5977783203125,-73.97189331054688
Brooklyn,3191578,2/9/2026,4/4/2025,32126747301AL08,AL,Issued,321267473,A1,Y,,PERMIT ISSUED - ENTIRE JOB/WORK,0.0,1,2,271204.0,378 AVE T  Brooklyn,7104,377,315,JOSEPH MUCCIOLO ARCHITECT P.C.,40.59925079345703,-73.97120666503906
BROOKLYN,3191587,11/25/2025,11/25/2024,B01084269-S7-FN,Construction Fence,Permit Issued,B01084269-S7,ALT-CO - New Building with Existing Elements to Remain,Yes,Yes,Permit Entire,4780.60009765625,1,3,1000.0,2044 EAST    1 STREET  BROOKLYN,7104,388,315,JAT CONSTRUCTION GROUP IN,40.598628997802734,-73.97109985351562
BROOKLYN,3191615,3/3/2026,6/16/2025,B00677091-S2-ST,Structural,Permit Issued,B00677091-S2,Alteration CO,Yes,Yes,Permit Entire,5661.06982421875,1,3,5000.0,2049 WEST STREET  BROOKLYN,7104,431,315,SARWAY CONSTRUCTION LLC,40.59822082519531,-73.97138977050781
Brooklyn,3191686,5/27/2026,6/24/2025,30093033001AL03,AL,Issued,300930330,A1,,Y,PERMIT ISSUED - ENTIRE JOB/WORK,3435.0,1,2,60000.0,2089 EAST    2 STREET  Brooklyn,7105,42,315,WARREN MEISTER  ARCHITECT,40.5985107421875,-73.96954345703125
BROOKLYN,3191863,4/29/2026,9/22/2025,B00722980-I1-GC,General Construction,Permit Issued,B00722980-I1,ALT-CO - New Building with Existing Elements to Remain,Yes,Yes,Permit Entire,7960.0,1,3,1990000.0,2146 EAST    5 STREET  BROOKLYN,7107,27,315,BUILDERS JOSEPH AND SONS,40.59809112548828,-73.96720886230469
Brooklyn,3191981,5/6/2026,5/5/2025,32175843301AL08,AL,Issued,321758433,A1,Y,Y,PERMIT ISSUED - ENTIRE JOB/WORK,4808.0,1,3,535000.0,2055 EAST 5TH STREET  Brooklyn,7108,100,315,WARREN MEISTER ARCHITECTS,40.60041046142578,-73.96707153320312
BROOKLYN,3191984,10/29/2025,1/8/2025,B00807731-S3-ST,Structural,Permit Issued,B00807731-S3,ALT-CO - New Building with Existing Elements to Remain,Yes,Yes,Permit Entire,7132.6201171875,1,3,95000.0,2037 EAST    5 STREET  BROOKLYN,7108,107,315,M.N.C. GENERAL CONTR CORP,40.600830078125,-73.96714782714844
BROOKLYN,3192003,10/30/2025,10/30/2024,B00615201-S3-EW-SP,Sprinklers,Signed-off,B00615201-S3,New Building,,,Permit Entire,9035.0,1,3,0.0,1946 OCEAN PARKWAY  BROOKLYN,7108,155,315,SAFETY FIRE SPRINKLER COR,40.601318359375,-73.96678924560547
BROOKLYN,3192005,6/29/2026,8/27/2025,B00732956-I1-GC,General Construction,Permit Issued,B00732956-I1,ALT-CO - New Building with Existing Elements to Remain,Yes,Yes,Permit Entire,8436.0,1,3,1376875.0,1956 OCEAN PARKWAY  BROOKLYN,7108,159,315,AMBROSINO CONST CORP,40.60105895996094,-73.96674346923828
Brooklyn,3192047,4/1/2026,3/21/2025,32034571001NB18,NB,Issued,320345710,NB,,,PERMIT ISSUED - ENTIRE JOB/WORK,43821.0,0,3,0.0,2085 OCEAN PARKWAY  Brooklyn,7109,50,315,BUILDING STUDIO ARCHITECTS,40.598148345947266,-73.96488952636719
Brooklyn,3192052,3/1/2026,3/4/2025,32173309501AL07,AL,Issued,321733095,A1,Y,Y,PERMIT ISSUED - ENTIRE JOB/WORK,5053.0,1,3,830250.0,2061 OCEAN PARKWAY  Brooklyn,7109,64,315,MSM ENGINEERING SERVICES,40.59865951538086,-73.96502685546875
Brooklyn,3192056,10/29/2025,5/13/2025,32145104001NB16,NB,Issued,321451040,NB,,,PERMIT ISSUED - ENTIRE JOB/WORK,10039.0,1,3,0.0,2045 OCEAN PARKWAY  Brooklyn,7109,72,315,J.L.RAMIREZ ARCHITECT  P.C.,40.5990104675293,-73.96504974365234
BROOKLYN,3192490,12/26/2025,3/18/2025,B01121041-S5-ST,Structural,Permit Issued,B01121041-S5,New Building,,,Permit Entire,3200.0,2,4,0.0,2166 WEST    6 STREET  BROOKLYN,7120,34,315,PALACE HOUSING CORP,40.59489822387695,-73.9775619506836
BROOKLYN,3192796,3/21/2026,3/21/2025,B08041727-I1-GC-CX,Structural General Construction Foundation,Permit Issued,B08041727-I1,Alteration CO,Yes,Yes,Permit Entire,5293.0,1,2,937550.0,2196 EAST    2 STREET  BROOKLYN,7128,29,315,RHY CONSTRUCTION LLC,40.59580993652344,-73.96961975097656
BROOKLYN,3192844,10/29/2025,12/31/2024,B01066767-S2-SE,Support of Excavation,Permit Issued,B01066767-S2,ALT-CO - New Building with Existing Elements to Remain,Yes,Yes,Permit Entire,2008.31005859375,1,3,120498.6015625,2205 EAST    2 STREET  BROOKLYN,7129,52,315,M.N.C. GENERAL CONTR CORP,40.59566879272461,-73.9690170288086
BROOKLYN,3192903,3/3/2026,6/16/2025,B00928773-S4-SE,Support of Excavation,Permit Issued,B00928773-S4,New Building,,,Permit Entire,9953.9296875,1,2,0.0,2207 EAST    3 STREET  BROOKLYN,7130,60,315,SARWAY CONSTRUCTION LLC,40.596290588378906,-73.96819305419922
BROOKLYN,3192904,3/3/2026,6/30/2025,B00900578-S5-SE,Support of Excavation,Permit Issued,B00900578-S5,ALT-CO - New Building with Existing Elements to Remain,Yes,Yes,Permit Entire,6786.0,1,3,60000.0,2203 EAST    3 STREET  BROOKLYN,7130,61,315,SARWAY CONSTRUCTION LLC,40.596431732177734,-73.96820831298828
BROOKLYN,3193021,4/3/2026,4/3/2025,B00887953-S2-PL,Plumbing,Permit Issued,B00887953-S2,ALT-CO - New Building with Existing Elements to Remain,Yes,Yes,Permit Entire,4578.0,1,3,14500.0,2191 EAST    5 STREET  BROOKLYN,7132,66,315,TRI CITY MECHANICAL GROUP,40.59688186645508,-73.96637725830078
Brooklyn,3193062,8/31/2026,8/19/2025,32059325601AL07,AL,Issued,320593256,A1,Y,,PERMIT ISSUED - ENTIRE JOB/WORK,5492.0,1,3,821203.0,2171 OCEAN PARKWAY  Brooklyn,7133,45,315,NA DESIGN,40.596229553222656,-73.96454620361328
BROOKLYN,3193689,12/31/2025,5/7/2025,B01074652-S2-PL,Plumbing,Permit Issued,B01074652-S2,Alteration CO,Yes,,Permit Entire,2888.909912109375,1,3,1000.0,2222 EAST    1 STREET  BROOKLYN,7152,16,315,PAL-MAR PLBG & HTG INC,40.59455871582031,-73.97032928466797
Brooklyn,3193772,9/2/2026,9/10/2025,32184880901AL06,AL,Issued,321848809,A1,Y,Y,PERMIT ISSUED - ENTIRE JOB/WORK,6414.0,1,3,480700.0,373 AVENUE W  Brooklyn,7153,46,315,RONALD B CAGAN P.E.,40.59307098388672,-73.96922302246094
Brooklyn,3193844,5/6/2026,5/5/2025,32025615601AL08,AL,Issued,320256156,A1,Y,Y,PERMIT ISSUED - ENTIRE JOB/WORK,0.0,1,3,1692862.0,2255 EAST 2 STREET  Brooklyn,7154,72,315,J.L.RAMIREZ ARCHITECT  PC,40.59428024291992,-73.96875
Brooklyn,3193910,6/20/2026,6/10/2025,32138569301AL05,AL,Issued,321385693,A1,Y,Y,PERMIT ISSUED - ENTIRE JOB/WORK,8591.0,1,3,694395.0,2311 EAST 4TH STREET  Brooklyn,7156,58,315,GARFINKEL ARCHITECTS,40.59379959106445,-73.96676635742188
BROOKLYN,3193935,6/3/2026,7/25/2025,B01188245-S6-SE,Support of Excavation,Permit Issued,B01188245-S6,ALT-CO - New Building with Existing Elements to Remain,Yes,No,Permit Entire,7370.27001953125,1,3,100.0,2230 OCEAN PARKWAY  BROOKLYN,7157,13,315,RHY CONSTRUCTION LLC,40.59490966796875,-73.9655532836914
BROOKLYN,3194091,12/4/2025,8/21/2025,B00685075-S6-SE,Support of Excavation,Permit Issued,B00685075-S6,Alteration CO,Yes,Yes,Permit Entire,2568.840087890625,1,3,50000.0,818 AVENUE V  BROOKLYN,7159,108,315,BBM CONSTRUCTION CORP,40.595821380615234,-73.96195983886719
Brooklyn,3194165,6/4/2026,6/4/2025,32062649901AL02,AL,Issued,320626499,A1,Y,Y,PERMIT ISSUED - PARTIAL JOB,0.0,2,2,222500.0,2353 STILLWELL AVENUE  Brooklyn,7160,64,313,MAR ENGINEERING P.C.,40.58993911743164,-73.98362731933594
BROOKLYN,3194374,2/12/2026,7/24/2025,B00829839-I1-GC,General Construction,Permit Issued,B00829839-I1,Alteration CO,Yes,,Permit Entire,4625.89990234375,3,3,731019.875,274 AVENUE W  BROOKLYN,7173,9,315,YAFE MEOD CORP,40.592159271240234,-73.97300720214844
BROOKLYN,3194566,4/29/2026,9/22/2025,B00514448-I1-GC,General Construction,Permit Issued,B00514448-I1,ALT-CO - New Building with Existing Elements to Remain,Yes,Yes,Permit Entire,5569.0,1,3,1400000.0,2344 EAST    1 STREET  BROOKLYN,7176,24,315,BUILDERS JOSEPH AND SONS,40.59164810180664,-73.96977996826172
BROOKLYN,3195328,10/31/2025,8/4/2025,B00742572-S1-PL,Plumbing,Permit Issued,B00742572-S1,Alteration CO,Yes,Yes,Permit Entire,4050.0,1,2,30000.0,18 PARKWAY COURT  BROOKLYN,7199,52,315,GREGG NY PLUMBING  INC,40.58934020996094,-73.96647644042969
BROOKLYN,3195572,11/30/2025,6/4/2025,B00806131-S2-PL,Plumbing,Permit Issued,B00806131-S2,Alteration CO,Yes,Yes,Permit Entire,4938.0,1,3,9500.0,740 DESMOND COURT  BROOKLYN,7204,72,315,LS PLUMBING CORP,40.590579986572266,-73.96135711669922
BROOKLYN,3195813,12/11/2025,8/21/2025,B01186289-I1-GC,General Construction,Permit Issued,B01186289-I1,ALT-CO - New Building with Existing Elements to Remain,,Yes,Permit Entire,1273.0,1,3,650550.0,10 MANHATTAN COURT  BROOKLYN,7218,4,313,FINE ITALIAN ARTISAN CONS,40.58776092529297,-73.9674072265625
BROOKLYN,3197085,5/5/2026,10/7/2025,B01189179-S4-PL,Plumbing,Permit Issued,B01189179-S4,Alteration CO,Yes,,Permit Entire,3107.8798828125,1,2,94377.0,2019 AVENUE T  BROOKLYN,7299,45,315,SUPER MAX CONSULTING INC,40.601959228515625,-73.95111846923828
BROOKLYN,3197370,1/9/2026,8/4/2025,B01159303-S4-SE,Support of Excavation,Permit Issued,B01159303-S4,New Building,,,Permit Entire,4114.72998046875,1,2,0.0,4035 BEDFORD AVENUE  BROOKLYN,7304,71,315,DAJ EMR LLC,40.603580474853516,-73.9469985961914
Brooklyn,3197996,11/20/2025,10/14/2025,32184745401AL03,AL,Issued,321847454,A1,Y,Y,PERMIT ISSUED - ENTIRE JOB/WORK,2990.0,1,3,587000.0,2057 HOMECREST AVE  Brooklyn,7317,59,315,HESHAM ELSHAMY PE,40.59941101074219,-73.95906066894531
Brooklyn,3198213,7/3/2026,7/17/2025,32179129001NB11,NB,Issued,321791290,NB,,,PERMIT ISSUED - ENTIRE JOB/WORK,19153.0,6,4,0.0,2033 E 17 STREET  Brooklyn,7322,67,315,CITISCAPE CONSULTING LTD,40.60041046142578,-73.9544906616211
BROOKLYN,3198270,12/17/2025,12/19/2024,B08022562-S7-EW-SD,Standpipe,Permit Issued,B08022562-S7,New Building,,,Permit Entire,32743.0,30,9,1000.0,2518 OCEAN AVENUE  BROOKLYN,7324,31,315,FIREQUEST CORP,40.60015869140625,-73.95197296142578
BROOKLYN,3200647,11/22/2025,4/1/2025,B00568893-S1-PL,Plumbing,Permit Issued,B00568893-S1,ALT-CO - New Building with Existing Elements to Remain,Yes,Yes,Permit Entire,4672.2001953125,2,2,28000.0,2247 HOMECREST AVENUE  BROOKLYN,7373,68,315,JOHN FITZGERALD PLBG &HTG,40.59524154663086,-73.95826721191406
Brooklyn,3200698,7/3/2026,7/22/2025,32126583001AL05,AL,Issued,321265830,A1,Y,Y,PERMIT ISSUED - PARTIAL JOB,1874.0,1,2,274752.0,2253 EAST 13 STREET  Brooklyn,7374,65,315,DENNIS D. DELL'ANGELO R.A.,40.59516906738281,-73.95731353759766
BROOKLYN,3200709,1/6/2026,3/21/2025,B00556210-I1-ST,Structural,Permit Issued,B00556210-I1,Alteration CO,Yes,Yes,Permit Entire,4027.0,1,2,347299.0,2221 EAST   13 STREET  BROOKLYN,7374,77,315,IVR CONSTRUCTION INC,40.59598922729492,-73.95747375488281
Brooklyn,3202244,4/25/2026,4/28/2025,32007825001AL06,AL,Issued,320078250,A1,Y,Y,PERMIT ISSUED - ENTIRE JOB/WORK,2514.0,2,3,223000.0,2372 E 23 STR  Brooklyn,7405,226,315,ZPROEKT,40.59342956542969,-73.94761657714844
Brooklyn,3203132,3/11/2026,3/11/2025,30258389901AL09,AL,Issued,302583899,A1,Y,,PERMIT ISSUED - ENTIRE JOB/WORK,77262.0,0,3,3760770.0,1801 AVENUE  Y   Brooklyn,7420,26,315,STV INCORPORATED,40.59109878540039,-73.95155334472656
Brooklyn,3204578,5/7/2026,7/25/2025,32182093601AL07,AL,Issued,321820936,A1,Y,Y,PERMIT ISSUED - ENTIRE JOB/WORK,1873.0,1,2,100000.0,2549 EAST 23 STREET  Brooklyn,7441,556,315,WINTON GROUP ARCHITECTURE,40.58974838256836,-73.94634246826172
BROOKLYN,3205364,5/14/2026,10/8/2025,B01273417-I1-FD,Full Demolition,Permit Issued,B01273417-I1,Full Demolition,,,Permit Entire,1276.0,0,0,25000.0,2621 EAST   27 STREET  BROOKLYN,7472,74,315,URBAN INDUSTRIAL GROUP,40.58872985839844,-73.94229888916016
BROOKLYN,3205967,12/26/2025,5/1/2025,B08008132-S7-EW-SP,Sprinklers,Permit Issued,B08008132-S7,New Building,,,Permit Entire,16376.0,19,7,0.0,3216 GLENWOOD ROAD  BROOKLYN,7560,45,317,ARCO PLBG AND HTG INC,40.6338996887207,-73.94522857666016
BROOKLYN,3207496,2/26/2026,4/4/2025,B00846794-I1-GC,General Construction,Permit Issued,B00846794-I1,ALT-CO - New Building with Existing Elements to Remain,Yes,,Permit Entire,4246.68994140625,1,2,439730.75,1206 EAST   21 STREET  BROOKLYN,7602,78,314,G BUILDERS MANAGEMENT INC,40.62398147583008,-73.95530700683594
Brooklyn,3207618,2/6/2026,4/9/2025,32138604001AL04,AL,Issued,321386040,A1,Y,,PERMIT ISSUED - ENTIRE JOB/WORK,3260.0,0,2,624451.0,3203 BEDFORD AVENUE  Brooklyn,7607,13,314,GARFINKEL ARCHITECTS,40.62443161010742,-73.9509506225586
BROOKLYN,3208185,11/30/2025,8/19/2025,B01208281-I1-GC,General Construction,Permit Issued,B01208281-I1,Alteration CO,,Yes,Permit Entire,1970.0,1,3,227000.0,1227 EAST   34 STREET  BROOKLYN,7616,119,318,PLATINUM RENOVATIONS 1 LL,40.625728607177734,-73.9425277709961
BROOKLYN,3209106,2/19/2026,2/19/2025,B00860896-I1-GC,General Construction,Permit Issued,B00860896-I1,Alteration CO,Yes,Yes,Permit Entire,4743.41015625,2,3,700175.0,1311 EAST   37 STREET  BROOKLYN,7637,26,318,ZAMAN CONSTRUCTION CORP,40.623958587646484,-73.93929290771484
Brooklyn,3210089,4/3/2026,4/7/2025,32138322101AL03,AL,Issued,321383221,A1,Y,,PERMIT ISSUED - PARTIAL JOB,3999.0,1,3,414360.0,1370 EAST 24TH STREET  Brooklyn,7659,75,314,GARFINKEL ARCHITECTS,40.6173210144043,-73.95120239257812
BROOKLYN,3210100,1/17/2026,4/22/2025,B01061100-S5-SE,Support of Excavation,Permit Issued,B01061100-S5,ALT-CO - New Building with Existing Elements to Remain,Yes,Yes,Permit Entire,4551.0,1,3,10000.0,1351 EAST   24 STREET  BROOKLYN,7660,23,314,BARUCH BUILDERS CORP,40.61771011352539,-73.95069885253906
BROOKLYN,3210827,2/12/2026,7/3/2025,B00720051-S1-SE,Support of Excavation,Permit Issued,B00720051-S1,ALT-CO - New Building with Existing Elements to Remain,Yes,Yes,Permit Entire,3989.0,1,3,5000.0,1492 EAST   24 STREET  BROOKLYN,7677,2,314,YAFE MEOD CORP,40.614158630371094,-73.95059967041016
Brooklyn,3210860,3/1/2026,3/4/2025,32159028401AL03,AL,Issued,321590284,A1,Y,Y,PERMIT ISSUED - ENTIRE JOB/WORK,4201.0,1,3,700000.0,2328 OLEAN STREET  Brooklyn,7677,78,314,BRICOLAGE DESIGNS,40.61471176147461,-73.95088958740234
Brooklyn,3212477,8/7/2026,8/12/2025,32058072301AL12,AL,Issued,320580723,A1,Y,,PERMIT ISSUED - PARTIAL JOB,0.0,1,2,133702.0,1666 EAST 37 STREET  Brooklyn,7709,66,318,MGM CREATIONS,40.61539077758789,-73.93672943115234
Brooklyn,3212589,12/9/2025,12/23/2024,32159806201AL03,AL,Issued,321598062,A1,Y,,PERMIT ISSUED - ENTIRE JOB/WORK,4138.0,1,2,382610.0,1774 MADISON PLACE  Brooklyn,7711,61,318,GARFINKEL ARCHITECTS,40.60987091064453,-73.9406967163086
Brooklyn,3215017,6/8/2026,8/27/2025,32200567301AL07,AL,Issued,322005673,A1,Y,,PERMIT ISSUED - ENTIRE JOB/WORK,3132.0,2,3,490570.0,4003 AVENUE J  Brooklyn,7766,9,318,CITISCAPE CONSULTING LTD,40.627830505371094,-73.93736267089844
BROOKLYN,3217739,7/7/2026,7/7/2025,B00883085-S1-PL,Plumbing,Permit Issued,B00883085-S1,Alteration CO,,Yes,Permit Entire,2068.080078125,2,2,6000.0,1462 EAST   51 STREET  BROOKLYN,7830,61,318,A. M. PLUMBING COMPANY,40.624839782714844,-73.9267807006836
Brooklyn,3219217,10/6/2026,10/17/2025,32193888201AL01,AL,Issued,321938882,A1,Y,Y,PERMIT ISSUED - PARTIAL JOB,5133.0,1,3,671000.0,3911 AVENUE P  Brooklyn,7858,7,318,MAZ DESIGN LLC,40.618038177490234,-73.93639373779297
BROOKLYN,3220631,2/10/2026,5/6/2025,B01096253-S5-SE,Support of Excavation,Permit Issued,B01096253-S5,Alteration CO,Yes,,Permit Entire,3691.800048828125,1,2,1000.0,1728 KIMBALL STREET  BROOKLYN,7886,52,318,MOD CONSULTANTS LLC,40.615779876708984,-73.93347930908203
BROOKLYN,3220792,3/31/2026,10/9/2025,B00889056-S1-MS,Mechanical Systems,Permit Issued,B00889056-S1,New Building,,,Permit Entire,2293.0,0,1,0.0,2143 FLATBUSH AVENUE  BROOKLYN,7890,43,318,GEMSTAR CONSTRUCTION CORP,40.617618560791016,-73.9309310913086
BROOKLYN,3222215,1/26/2026,2/21/2025,B00954101-S4-GC-CX,Structural General Construction Foundation,Permit Issued,B00954101-S4,New Building,,,Permit Entire,37312.0,0,1,0.0,1500 RALPH AVENUE  BROOKLYN,7932,320,318,MESEROLE STREET ASSOC LLC,40.64012908935547,-73.92021179199219
Brooklyn,3222456,12/12/2025,4/3/2025,32173591201AL09,AL,Issued,321735912,A1,,Y,PERMIT ISSUED - ENTIRE JOB/WORK,16817.0,0,2,1000000.0,1565 RALPH AVENUE  Brooklyn,7957,17,318,ADG ARCHITECTURE & DESIGN PC,40.63862991333008,-73.91890716552734
Brooklyn,3229071,8/26/2026,10/3/2025,32003673201AL07,AL,Issued,320036732,A1,Y,Y,PERMIT ISSUED - ENTIRE JOB/WORK,0.0,0,2,190000.0,1309 ROCKAWAY PARKWAY  Brooklyn,8147,117,318,JEM CONSULTING ENGINEER  PC,40.64767074584961,-73.9045181274414
BROOKLYN,3229734,1/2/2026,9/26/2025,B01254891-S2-FN,Construction Fence,Permit Issued,B01254891-S2,Alteration CO,Yes,,Permit Entire,1809.199951171875,2,2,5000.0,718 EAST   99 STREET  BROOKLYN,8186,45,318,JH CREW INC,40.64567947387695,-73.90052032470703
Brooklyn,3234518,3/7/2026,3/7/2025,32091865501AL07,AL,Issued,320918655,A1,Y,Y,PERMIT ISSUED - PARTIAL JOB,0.0,1,2,184760.0,1991 ROCKAWAY PARKWAY  Brooklyn,8300,17,318,TABRIZ GROUP DESIGN,40.63447952270508,-73.88990020751953
Brooklyn,3238480,5/31/2026,6/3/2025,32118987901AL09,AL,Issued,321189879,A1,,Y,PERMIT ISSUED - ENTIRE JOB/WORK,0.0,1,4,460000.0,2172 EAST 63 STREET  Brooklyn,8463,37,318,MOZER ARCHITECT DESIGN PC,40.61445999145508,-73.91184997558594
BROOKLYN,3242908,11/17/2025,9/26/2025,B00558417-I1-GC,General Construction,Permit Issued,B00558417-I1,Alteration CO,Yes,Yes,Permit Entire,8475.0,1,3,300000.0,2383 56 DRIVE  BROOKLYN,8604,3,318,DYNAMIC DEVELOPMENT AND C,40.60472869873047,-73.90899658203125
Brooklyn,3243098,8/9/2026,7/29/2025,32195525601AL07,AL,Issued,321955256,A1,Y,,PERMIT ISSUED - ENTIRE JOB/WORK,3734.0,1,3,297669.0,2628 NATIONAL DR  Brooklyn,8614,76,318,CITISCAPE CONSULTING LTD,40.60602951049805,-73.90189361572266
Brooklyn,3243147,12/9/2025,12/10/2024,34077491401AL04,AL,Issued,340774914,A1,,Y,PERMIT ISSUED - ENTIRE JOB/WORK,6774.0,1,3,1090627.0,155 WHITMAN DRIVE  Brooklyn,8616,20,318,MGM CREATIONS,40.609619140625,-73.9023666381836
BROOKLYN,3243167,11/14/2025,11/14/2024,B01016783-S3-PL,Plumbing,Permit Issued,B01016783-S3,Alteration CO,,Yes,Permit Entire,6129.10009765625,1,2,30000.0,19 WHITMAN DRIVE  BROOKLYN,8616,83,318,J. CAIAZZO PLBG & HTG COR,40.61265182495117,-73.90573120117188
Brooklyn,3243338,5/12/2026,5/3/2025,32175992201AL10,AL,Issued,321759922,A1,,Y,PERMIT ISSUED - ENTIRE JOB/WORK,3897.0,1,2,388000.0,37 BARLOW DRIVE NORTH  Brooklyn,8625,27,318,ENGINEERING PROFESSIONAL SERVICE,40.61091995239258,-73.9052734375
Brooklyn,3243372,2/25/2026,8/6/2025,30141791901AL04,AL,Issued,301417919,A1,,Y,PERMIT ISSUED - ENTIRE JOB/WORK,0.0,1,2,80000.0,32 WHITMAN DRIVE  Brooklyn,8627,11,318,MLS COMPLETE ENGINEERING,40.61212921142578,-73.90547943115234
Brooklyn,3243379,7/1/2026,8/21/2025,32118371301AL02,AL,Issued,321183713,A1,Y,Y,PERMIT ISSUED - ENTIRE JOB/WORK,0.0,1,3,470000.0,74 WHITMAN DRIVE  Brooklyn,8627,25,318,ENGINERRING PROFESSIONAL SERVICE,40.61159896850586,-73.904296875
Brooklyn,3243382,11/12/2025,6/12/2025,32198724901NB11,NB,Issued,321987249,NB,,,PERMIT ISSUED - ENTIRE JOB/WORK,2889.0,1,3,0.0,92 WHITMAN DRIVE  Brooklyn,8627,31,318,GRIGORI ZINKEVITCH ARCHITECT,40.611270904541016,-73.9039077758789
BROOKLYN,3243432,12/12/2025,7/10/2025,B08004785-S1-PL,Plumbing,Permit Issued,B08004785-S1,ALT-CO - New Building with Existing Elements to Remain,,Yes,Permit Entire,3964.0,1,4,49500.0,2253 EAST   66 STREET  BROOKLYN,8631,83,318,5 BORO'S PLUMBING INC,40.614898681640625,-73.90757751464844
Brooklyn,3245395,12/1/2025,4/24/2025,32164141601AL04,AL,Issued,321641416,A1,Y,,PERMIT ISSUED - ENTIRE JOB/WORK,1869.0,1,1,171516.0,140 BRIGHTON 11TH STREET  Brooklyn,8707,431,313,EUGENE KHANANOV ARCHITECT,40.57958984375,-73.95834350585938
Brooklyn,3245797,5/1/2026,8/7/2025,34076452301AL05,AL,Issued,340764523,A1,,Y,PERMIT ISSUED - ENTIRE JOB/WORK,4168.0,1,3,916960.0,70 AMHERST STREET  Brooklyn,8726,34,315,SHENKER ARCHITECTS,40.580078125,-73.95279693603516
Brooklyn,3245804,3/11/2026,5/16/2025,32177210401NB09,NB,Issued,321772104,NB,,,PERMIT ISSUED - ENTIRE JOB/WORK,23847.0,16,6,0.0,89 WEST END AVE  Brooklyn,8726,50,315,ENGINEERING PROFESSIONAL SVC PC,40.579551696777344,-73.95317077636719
BROOKLYN,3245983,2/18/2026,6/10/2024,B00781122-S1-SE,Support of Excavation,Permit Issued,B00781122-S1,New Building,,,Permit Entire,36036.51953125,20,8,1000.0,101 ORIENTAL BOULEVARD  BROOKLYN,8732,10,315,GV IMPERIAL CONSTGROUP IN,40.577171325683594,-73.95269775390625
BROOKLYN,3246124,11/12/2025,5/9/2025,B01129475-S1-ST,Structural,Permit Issued,B01129475-S1,ALT-CO - New Building with Existing Elements to Remain,Yes,Yes,Permit Entire,6527.0,2,2,1.0,171 DOVER STREET  BROOKLYN,8736,38,315,DIMEX GROUP INC,40.57801818847656,-73.94902038574219
BROOKLYN,3246217,12/31/2025,9/30/2025,B00661054-S4-PL,Plumbing,Permit Issued,B00661054-S4,New Building,,,Permit Entire,7231.0,1,3,185000.0,290 BEAUMONT STREET  BROOKLYN,8739,73,315,PAL-MAR PLBG & HTG INC,40.57487106323242,-73.95085906982422
BROOKLYN,3246246,1/3/2026,9/25/2025,B01060152-S3-SE,Support of Excavation,Permit Issued,B01060152-S3,New Building,,,Permit Entire,11440.0,1,3,0.0,291 BEAUMONT STREET  BROOKLYN,8740,61,315,PRIME DEVELOPMENT  INC,40.574928283691406,-73.95030975341797
BROOKLYN,3246280,1/1/2026,3/19/2025,B07994345-S5-PL,Plumbing,Permit Issued,B07994345-S5,Alteration CO,Yes,Yes,Permit Entire,5616.0,1,3,5000.0,257 COLERIDGE STREET  BROOKLYN,8741,60,315,ACCESS PLUMBING CORP,40.57577896118164,-73.94953918457031
Brooklyn,3246293,4/1/2026,3/31/2025,32090978101AL07,AL,Issued,320909781,A1,Y,Y,PERMIT ISSUED - ENTIRE JOB/WORK,4200.0,1,3,550000.0,262 EXETER ST  Brooklyn,8742,6,315,ARCON STUDIO,40.575809478759766,-73.94819641113281
BROOKLYN,3246301,12/1/2025,10/8/2025,B08032272-S2-PL,Plumbing,Permit Issued,B08032272-S2,New Building,,,Permit Entire,4314.0,1,2,20000.0,271 DOVER STREET  BROOKLYN,8742,36,315,CITY PLUMBING INC,40.5755500793457,-73.94854736328125
BROOKLYN,3246365,1/3/2026,3/31/2025,B00548726-I1-GC,General Construction,Permit Issued,B00548726-I1,Alteration CO,Yes,Yes,Permit Issued,6254.0,2,2,480984.0,4107 OCEAN AVENUE  BROOKLYN,8744,39,315,PRIME DEVELOPMENT  INC,40.580360412597656,-73.94750213623047
Brooklyn,3246389,3/1/2026,3/4/2025,32112648301AL11,AL,Issued,321126483,A1,Y,Y,PERMIT ISSUED - ENTIRE JOB/WORK,10094.0,1,3,977000.0,920 SHORE BOULEVARD  Brooklyn,8746,107,315,MIELE ASSOCIATES  LLPMERICA PC,40.58100891113281,-73.94537353515625
Brooklyn,3246413,1/3/2026,3/31/2025,32178803501NB11,NB,Issued,321788035,NB,,,PERMIT ISSUED - ENTIRE JOB/WORK,3413.0,1,2,0.0,152 FALMOUTH ST  Brooklyn,8748,187,315,ZPROEKT,40.57870864868164,-73.94677734375
Brooklyn,3246618,5/8/2026,9/8/2025,32200255001AL02,AL,Issued,322002550,A1,Y,Y,PERMIT ISSUED - ENTIRE JOB/WORK,2108.0,1,2,94860.0,1418 SHORE BOULEVARD  Brooklyn,8755,17,315,SIS DESIGN STUDIO,40.58055877685547,-73.94052124023438
Brooklyn,3247766,1/3/2026,1/3/2025,34076008201NB05,NB,Issued,340760082,NB,,,PERMIT ISSUED - ENTIRE JOB/WORK,1531.0,18,4,0.0,3081 EMMONS AVE  Brooklyn,8800,66,315,CITISCAPE CONSULTING LTD,40.58427047729492,-73.93624114990234
BROOKLYN,3247777,1/29/2026,1/29/2025,B00901956-S5-PL,Plumbing,Permit Issued,B00901956-S5,ALT-CO - New Building with Existing Elements to Remain,,Yes,Permit Entire,1518.4599609375,1,1,30000.0,2811 BROWN STREET  BROOKLYN,8800,86,315,MEGA PLBG CORP,40.58491897583008,-73.93681335449219
Brooklyn,3248025,8/3/2026,10/15/2025,34075774601NB02,NB,Issued,340757746,NB,,,PERMIT ISSUED - ENTIRE JOB/WORK,87749.0,66,5,0.0,2902 EMMONS AVENUE  Brooklyn,8815,21,315,ZPROEKT,40.583370208740234,-73.93975830078125
BROOKLYN,3248684,6/11/2026,9/18/2025,B01218253-I1-GC-CX,Mechanical Systems Structural General Construction Foundation Earth Work,Permit Issued,B01218253-I1,Alteration CO,Yes,No,Permit Entire,3181.1298828125,2,2,542040.0,3050 GERRITSEN AVENUE  BROOKLYN,8845,1916,315,NEW J.D. GEN. CONSTR. INC,40.587100982666016,-73.91905975341797
BROOKLYN,3249145,8/8/2026,9/23/2025,B01212207-I1-ST,Structural,Permit Issued,B01212207-I1,Alteration CO,Yes,Yes,Permit Entire,3783.0,1,2,311748.0,3 BARTLETT PLACE  BROOKLYN,8883,852,315,PEEPS SERVICES INC,40.588600158691406,-73.9276123046875
BROOKLYN,3253330,1/14/2026,7/3/2025,B01199012-S2-PL,Plumbing,Permit Issued,B01199012-S2,Alteration CO,,Yes,Permit Entire,8214.2197265625,0,4,1000.0,1315 43 STREET  BROOKLYN,5599,70,312,PIPING & PLUMBING SOLUTIO,40.63827896118164,-73.98799133300781
BROOKLYN,3253565,10/24/2025,5/22/2025,B00905581-S1-FN,Construction Fence,Permit Issued,B00905581-S1,ALT-CO - New Building with Existing Elements to Remain,Yes,Yes,Permit Entire,4697.0,1,3,8000.0,316 AVENUE O  BROOKLYN,6609,1,312,L&T CONSULTANTS LLC,40.61125946044922,-73.97218322753906
BROOKLYN,3253962,6/17/2026,9/15/2025,B01224942-I1-GC,General Construction,Permit Issued,B01224942-I1,ALT-CO - New Building with Existing Elements to Remain,Yes,Yes,Permit Entire,12406.7998046875,1,3,4425000.0,2044 EAST    2 STREET  BROOKLYN,7104,458,315,K.W.MCINTOSH CONSTRUCTION,40.599361419677734,-73.97022247314453
BROOKLYN,3255167,12/1/2025,5/29/2025,B00640761-S6-FO,Foundation,Permit Issued,B00640761-S6,New Building,,,Permit Entire,315756.1875,301,22,1000.0,141 3 STREET  BROOKLYN,462,12,306,MONADNOCK GEN'L CONT INC,40.67673873901367,-73.99053955078125
Brooklyn,3255301,8/9/2026,7/29/2025,32200305001AL03,AL,Issued,322003050,A1,Y,Y,PERMIT ISSUED - ENTIRE JOB/WORK,6447.0,0,3,990300.0,3001 BRAGG STREET  Brooklyn,8815,550,315,NSC ARCHITECTURE  PC,40.583030700683594,-73.93226623535156
Brooklyn,3256553,12/8/2025,7/31/2025,32132786301NB08,NB,Issued,321327863,NB,,,PERMIT ISSUED - ENTIRE JOB/WORK,5500.0,8,4,0.0,842 LIBERTY AVE  Brooklyn,3992,14,305,LEDER-LUIS ARCHITECTURAL DESIGN ,40.67686080932617,-73.87840270996094
Brooklyn,3259375,11/12/2025,11/8/2024,32118015501NB04,NB,Reissued,321180155,NB,,,PERMIT ISSUED - ENTIRE JOB/WORK,300294.0,210,11,0.0,270 NOSTRAND AVENUE  Brooklyn,1778,55,303,YEVGENIY MEKHTIYEV ARCHITECT,40.69089889526367,-73.95223236083984
Brooklyn,3319543,1/1/2026,5/23/2025,32118975301NB11,NB,Issued,321189753,NB,,,PERMIT ISSUED - ENTIRE JOB/WORK,21059.0,22,5,0.0,870 METROPOLITAN AVE  Brooklyn,2916,29,301,KUTNICKI BERNSTEIN ARCHITECTS,40.71440887451172,-73.93988800048828
BROOKLYN,3321491,11/8/2025,11/8/2024,B00848052-I1-GC,General Construction,Permit Issued,B00848052-I1,Alteration CO,Yes,Yes,Permit Entire,1122.0,2,3,117004.8984375,9522 GLENWOOD ROAD  BROOKLYN,8183,43,318,L&L CONSTRUCTION DEVELOP,40.64414978027344,-73.90316772460938
Brooklyn,3321839,3/27/2026,4/4/2025,32118962801NB09,NB,Issued,321189628,NB,,,PERMIT ISSUED - PARTIAL JOB,58404.0,0,3,0.0,2920 WEST 23RD STREET  Brooklyn,7056,14,313,NELLIGAN WHITE ARCHITECTS PLLC,40.574798583984375,-73.99038696289062
BROOKLYN,3322841,6/25/2026,6/25/2025,B01146888-S7-SE,Support of Excavation,Permit Issued,B01146888-S7,New Building,,,Permit Entire,15588.2099609375,8,5,0.0,185 SKILLMAN AVENUE  BROOKLYN,2750,29,301,AVESTA BUILDERS INC,40.71625900268555,-73.94351959228516
Brooklyn,3323272,2/12/2026,7/21/2025,32196781301NB04,NB,Issued,321967813,NB,,,PERMIT ISSUED - PARTIAL JOB,4719.0,4,4,0.0,117 LUQUER STREET  Brooklyn,373,38,306,THINK DESIGN ARCHITECTURE,40.678001403808594,-74.00074005126953
Brooklyn,3323702,1/1/2026,5/5/2025,32202724901NB08,NB,Issued,322027249,NB,,,PERMIT ISSUED - ENTIRE JOB/WORK,1766.0,0,1,0.0,100 DWIGHT STREET  Brooklyn,557,1,306,KOHN PEDERSEN FOX ASSOCIATES PC,40.67639923095703,-74.00994873046875
Brooklyn,3323703,3/20/2026,8/8/2025,32206613401NB09,NB,Issued,322066134,NB,,,PERMIT ISSUED - ENTIRE JOB/WORK,1766.0,0,1,0.0,147 RICHARDS STREET  Brooklyn,557,1,306,KOHN PEDERSEN FOX ASSOCIATES PC,40.67639923095703,-74.00994873046875
Brooklyn,3323704,1/1/2026,5/5/2025,32202722101NB11,NB,Issued,322027221,NB,,,PERMIT ISSUED - ENTIRE JOB/WORK,14829.0,0,1,0.0,135 RICHARDS STREET  Brooklyn,557,1,306,KOHN PEDERSEN FOX ASSOCIATES PC,40.67639923095703,-74.00994873046875
Brooklyn,3323958,12/16/2025,1/24/2025,32145935501NB12,NB,Issued,321459355,NB,,,PERMIT ISSUED - ENTIRE JOB/WORK,14605.0,11,4,0.0,814 5 AVENUE  Brooklyn,685,35,307,MURAT MUTLU ARCHITECT,40.654659271240234,-74.00077819824219
Brooklyn,3323961,3/20/2026,10/7/2025,32124725401AL08,AL,Issued,321247254,A1,Y,,PERMIT ISSUED - ENTIRE JOB/WORK,0.0,2,3,386696.0,365 36 STREET  Brooklyn,692,49,307,BRICOLAGE DESIGNS,40.654788970947266,-74.00470733642578
BROOKLYN,3324973,3/28/2026,7/7/2025,B00606268-I1-GC,General Construction,Permit Issued,B00606268-I1,ALT-CO - New Building with Existing Elements to Remain,,,Permit Entire,160580.0,159,14,2307000.0,360 PULASKI STREET  BROOKLYN,1598,1,303,JEMCO ELECTRICAL CONT INC,40.693538665771484,-73.93569946289062
BROOKLYN,3325244,3/8/2026,3/14/2025,B00764297-S6-SE,Support of Excavation,Permit Issued,B00764297-S6,New Building,,,Permit Entire,6788.06005859375,4,4,1000.0,766 DEAN STREET  BROOKLYN,1139,12,308,CPX PROJECT MANAGEMENT LL,40.67926025390625,-73.9646987915039
BROOKLYN,3325279,12/6/2025,12/6/2024,B08039140-S2-EW-SP,Sprinklers,Permit Issued,B08039140-S2,ALT-CO - New Building with Existing Elements to Remain,Yes,Yes,Permit Entire,8224.8095703125,8,4,1000.0,1073 WILLOUGHBY AVENUE  BROOKLYN,3196,43,304,DOUG'S PLBG & HTG SERV CO,40.700439453125,-73.9269027709961
BROOKLYN,3325574,12/18/2025,12/18/2024,B01031327-S8-SE,Support of Excavation,Permit Issued,B01031327-S8,ALT-CO - New Building with Existing Elements to Remain,Yes,Yes,Permit Entire,8330.0,8,4,1000.0,82 STOCKHOLM STREET  BROOKLYN,3254,30,304,PARK USA DESIGN & REMODEL,40.69688034057617,-73.92500305175781
BROOKLYN,3325703,1/20/2026,7/24/2025,B00736930-S6-ST,Structural,Permit Issued,B00736930-S6,ALT-CO - New Building with Existing Elements to Remain,Yes,Yes,Permit Entire,8855.9697265625,9,4,10000.0,9 MENAHAN STREET  BROOKLYN,3304,24,304,BLUE ELM INC,40.692691802978516,-73.92279815673828
Brooklyn,3325943,1/26/2026,8/8/2025,32138610201NB02,NB,Issued,321386102,NB,,,PERMIT ISSUED - PARTIAL JOB,8276.0,4,6,0.0,279 PACIFIC STREET  Brooklyn,182,57,302,IMC ARCHITECTURE DPC,40.6881217956543,-73.98924255371094
BROOKLYN,3325959,12/17/2025,6/12/2025,B01035956-S8-ST,Structural,Permit Issued,B01035956-S8,ALT-CO - New Building with Existing Elements to Remain,,Yes,Permit Entire,7678.10009765625,8,4,1000.0,103 MOORE STREET  BROOKLYN,3097,29,301,ADOR BUILDERS LLC,40.704078674316406,-73.94156646728516
BROOKLYN,3326014,2/27/2026,2/27/2025,B00801885-I1-GC,General Construction,Permit Issued,B00801885-I1,Alteration CO,Yes,,Permit Entire,3039.89990234375,1,3,399992.1875,24 MIDDAGH STREET  BROOKLYN,215,4,302,ZMK LLC,40.700531005859375,-73.99417114257812
Brooklyn,3326077,4/1/2026,3/7/2025,32159257601NB06,NB,Issued,321592576,NB,,,PERMIT ISSUED - ENTIRE JOB/WORK,52845.0,50,8,0.0,21 GARDEN STREET  Brooklyn,3138,13,304,DXA STUDIO ARCHITECTURE PLLC,40.70125961303711,-73.93742370605469
Brooklyn,3326746,1/6/2026,9/18/2025,34076560201NB05,NB,Issued,340765602,NB,,,PERMIT ISSUED - ENTIRE JOB/WORK,258509.0,231,14,0.0,2700 ATLANTIC AVENUE  Brooklyn,3689,12,305,PETER PIZZIMENTI  R.A.,40.6756706237793,-73.89436340332031
Brooklyn,3327645,12/18/2025,12/19/2024,32159179101AL04,AL,Issued,321591791,A1,Y,,PERMIT ISSUED - ENTIRE JOB/WORK,5198.0,2,3,1081647.0,1843 BAY RIDGE AVENUE  Brooklyn,5577,55,311,NYX ENGINEERING  PLLC,40.61629104614258,-73.99115753173828
BROOKLYN,3328367,12/13/2025,4/23/2025,B00887174-I1-FD,Full Demolition,Permit Issued,B00887174-I1,Full Demolition,,,Permit Entire,1250.0,0,0,100000.0,3141 ATLANTIC AVENUE  BROOKLYN,3960,65,305,PRIME CONSTRUCTION USA,40.679771423339844,-73.87938690185547
Brooklyn,3328392,5/9/2026,5/9/2025,30119039701AL06,AL,Issued,301190397,A1,,Y,PERMIT ISSUED - PARTIAL JOB,0.0,0,4,250000.0,1449 39 STREET  Brooklyn,5347,58,312,Friedman  PE,40.638790130615234,-73.98277282714844
BROOKLYN,3329385,12/5/2025,9/17/2025,B01168947-I1-FD,Full Demolition,Permit Issued,B01168947-I1,Full Demolition,,,Permit Entire,533.0,0,0,15000.0,2411 EAST    2 STREET  BROOKLYN,7198,1,315,V.A.N. CONSTRUCTION CORP,40.59053039550781,-73.9681167602539
Brooklyn,3330088,12/31/2025,12/20/2024,32118332101AL12,AL,Issued,321183321,A1,,Y,PERMIT ISSUED - ENTIRE JOB/WORK,14476.0,0,5,2800000.0,50 FRANKLIN STREET  Brooklyn,2592,16,301,JEFFREY KAMEN ARCHITECT,40.72665023803711,-73.95696258544922
Brooklyn,3330437,6/29/2026,7/14/2025,32159892701NB03,NB,Issued,321598927,NB,,,PERMIT ISSUED - ENTIRE JOB/WORK,10959.0,11,4,0.0,392 WYONA STREET  Brooklyn,3774,138,305,PM ARCHITECTURE PC,40.66905975341797,-73.89250183105469
Brooklyn,3330782,2/10/2026,3/13/2025,30060828801AL12,AL,Issued,300608288,A1,Y,,PERMIT ISSUED - ENTIRE JOB/WORK,143.0,0,5,4500000.0,520 PROSPECT PLACE  Brooklyn,1163,1,308,PERKINS EASTMAN ARCHITECTS PC,40.6751594543457,-73.95947265625
Brooklyn,3330787,5/16/2026,10/1/2025,32159398601NB07,NB,Issued,321593986,NB,,,PERMIT ISSUED - ENTIRE JOB/WORK,529276.0,569,17,0.0,54 CROWN STREET  Brooklyn,1190,29,309,HILL WEST ARCHITECTS LLP,40.66685104370117,-73.95995330810547
BROOKLYN,3331565,3/27/2026,8/6/2025,B01126496-S3-SE,Support of Excavation,Permit Issued,B01126496-S3,ALT-CO - New Building with Existing Elements to Remain,Yes,Yes,Permit Entire,12039.009765625,8,6,50000.0,185 TOMPKINS AVENUE  BROOKLYN,1772,102,303,PARK USA DESIGN & REMODEL,40.6929817199707,-73.94554901123047
BROOKLYN,3331571,12/4/2025,5/15/2025,B01144176-S2-SE,Support of Excavation,Permit Issued,B01144176-S2,New Building,,,Permit Entire,9384.0,5,4,0.0,40 DEVOE STREET  BROOKLYN,2767,23,301,IMPACT BUILDERS CORP,40.71303176879883,-73.95001220703125
BROOKLYN,3332112,5/21/2026,5/21/2025,B00751849-S3-SE,Support of Excavation,Permit Issued,B00751849-S3,New Building,,,Permit Entire,38422.7890625,48,14,0.0,284 4 AVENUE  BROOKLYN,456,32,306,BRUKLYN BUILDERS INC,40.675758361816406,-73.98465728759766
BROOKLYN,3332263,11/5/2025,5/19/2025,B00910091-I1-GC,General Construction,Permit Issued,B00910091-I1,ALT-CO - New Building with Existing Elements to Remain,Yes,Yes,Permit Entire,15868.76953125,5,4,4837000.0,906 KENT AVENUE  BROOKLYN,1911,30,303,WATERFRONT PROPERTY MGMT,40.6934700012207,-73.9594497680664
Brooklyn,3332279,12/31/2025,1/15/2025,32119411301NB07,NB,Issued,321194113,NB,,,PERMIT ISSUED - ENTIRE JOB/WORK,192717.0,0,6,0.0,306 NORTH HENRY STREET  Brooklyn,2607,6,301,JEFFREY KAMEN ARCHITECT,40.72993087768555,-73.94371795654297
Brooklyn,3334404,3/17/2026,9/9/2025,32121563501NB14,NB,Issued,321215635,NB,,,PERMIT ISSUED - ENTIRE JOB/WORK,53921.0,105,6,0.0,2150 MILL AVE  Brooklyn,8470,1096,318,RALPH P. ALBANESE  ARCHITECT,40.612770080566406,-73.91433715820312
Brooklyn,3335088,11/1/2025,11/19/2024,32159872101NB04,NB,Issued,321598721,NB,,,PERMIT ISSUED - ENTIRE JOB/WORK,11182.0,16,4,0.0,1196 BEDFORD AVE  Brooklyn,1996,34,303,MHM ENGINEERING PC,40.68318176269531,-73.95419311523438
Brooklyn,3335796,2/21/2026,6/26/2025,32138550401AL14,AL,Issued,321385504,A1,,Y,PERMIT ISSUED - ENTIRE JOB/WORK,435553.0,0,14,4.6110768E7,300 KENT AVENUE  Brooklyn,2414,7503,301,DENCITYWORKS,40.71445083618164,-73.9674301147461
Brooklyn,3335871,12/30/2025,7/16/2025,30183146301AL17,AL,Issued,301831463,A1,,Y,PERMIT ISSUED - ENTIRE JOB/WORK,130740.0,3,3,1103329.0,53 BRIDGE STREET  Brooklyn,42,1,302,STRUCTURAL ENGINEERING TECH PC,40.702701568603516,-73.98436737060547
BROOKLYN,3335904,5/29/2026,5/29/2025,B00781447-S3-SE,Support of Excavation,Permit Issued,B00781447-S3,New Building,,,Permit Entire,62499.0,78,17,0.0,370 LIVINGSTON STREET  BROOKLYN,167,22,302,DEVELOPING NY STATE LLC,40.68730926513672,-73.98036193847656
Brooklyn,3335935,12/31/2025,12/12/2024,32158826001AL05,AL,Issued,321588260,A1,Y,,PERMIT ISSUED - ENTIRE JOB/WORK,32966.0,0,4,217000.0,57 LIVINGSTON STREET  Brooklyn,265,10,302,PBDW ARCHITECTS,40.692378997802734,-73.99252319335938
Brooklyn,3336085,2/18/2026,3/21/2025,32113837201NB12,NB,Issued,321138372,NB,,,PERMIT ISSUED - ENTIRE JOB/WORK,15000.0,0,2,0.0,240 SMITH STREET  Brooklyn,408,41,306,RYBAK ARCHITECTS  P.C,40.683799743652344,-73.99266815185547
BROOKLYN,3336117,4/10/2026,4/10/2025,B00729393-I1-GC,General Construction,Permit Issued,B00729393-I1,New Building,,,Permit Entire,27679.349609375,34,8,7022.60009765625,560 SACKETT STREET  BROOKLYN,433,14,306,INNOVATIVE CONSTR NYC LLC,40.6793098449707,-73.98650360107422
Brooklyn,3336299,2/26/2026,8/21/2025,32158991901AL08,AL,Issued,321589919,A1,Y,,PERMIT ISSUED - ENTIRE JOB/WORK,66909.0,10,9,4549812.0,1055 63 STREET  Brooklyn,5730,32,310,TECNICO ENGINEERING,40.630428314208984,-74.005126953125
BROOKLYN,3337367,3/23/2026,10/15/2025,B01042844-S7-SE,Support of Excavation,Permit Issued,B01042844-S7,New Building,,,Permit Entire,58645.0,37,6,0.0,242 19 STREET  BROOKLYN,885,5,307,SOLEX CONSTRUCTION INCORP,40.662139892578125,-73.99223327636719
Brooklyn,3337703,12/31/2025,12/20/2024,32059726101AL10,AL,Issued,320597261,A1,Y,Y,PERMIT ISSUED - ENTIRE JOB/WORK,0.0,0,4,3800000.0,120 JEWEL STREET  Brooklyn,2603,1,301,JEFFREY KAMEN ARCHITECT,40.729408264160156,-73.94756317138672
Brooklyn,3337772,2/11/2026,2/26/2025,32118441901AL06,AL,Issued,321184419,A1,,Y,PERMIT ISSUED - PARTIAL JOB,29503.0,31,4,4365750.0,255 NORTH HENRY STREET  Brooklyn,2629,25,301,PAUL J. HESSEL  P.E.,40.72821044921875,-73.94426727294922
Brooklyn,3337795,12/31/2025,12/20/2024,32086711101AL08,AL,Issued,320867111,A1,,Y,PERMIT ISSUED - ENTIRE JOB/WORK,0.0,0,4,4185000.0,272 NORMAN AVE  Brooklyn,2658,1,301,PRESTIGE CONSULTANTS  INC.,40.727569580078125,-73.94149780273438
BROOKLYN,3338267,10/31/2025,7/7/2025,B08050740-S4-ST,Structural,Permit Issued,B08050740-S4,New Building,,,Permit Entire,12551.0,0,2,389745.0,287 MASPETH AVENUE  BROOKLYN,2837,1,301,BOND CIVIL & UTILITY CONS,40.72113037109375,-73.9310302734375
BROOKLYN,3338304,12/15/2025,8/11/2025,B00587567-S2-ST,Structural,Signed-off,B00587567-S2,Alteration CO,Yes,,Permit Entire,49446.0,0,4,4299329.5,19 DEBEVOISE AVENUE  BROOKLYN,2885,35,301,BROADWAY BUILDERS LLC,40.71662902832031,-73.9383773803711
BROOKLYN,3338595,3/27/2026,3/28/2025,B00916449-I1-GC,General Construction,Permit Issued,B00916449-I1,ALT-CO - New Building with Existing Elements to Remain,Yes,Yes,Permit Entire,9596.6904296875,6,6,1000000.0,887 MYRTLE AVENUE  BROOKLYN,1747,43,303,PARK USA DESIGN & REMODEL,40.695838928222656,-73.94721984863281
BROOKLYN,3338634,2/24/2026,6/13/2025,B00717487-S9-EW-SP,Sprinklers,Permit Issued,B00717487-S9,New Building,,,Permit Entire,39285.0,29,6,0.0,211 NOSTRAND AVENUE  BROOKLYN,1774,5,303,BRUCHE MECHANICAL NY LLC,40.69179916381836,-73.95155334472656
Brooklyn,3339413,3/20/2026,8/8/2025,32172633401NB10,NB,Issued,321726334,NB,,,PERMIT ISSUED - ENTIRE JOB/WORK,43206.0,0,3,0.0,590 CLINTON STREET  Brooklyn,538,1,306,KOHN PEDERSEN FOX ASSOCIATES PC,40.675201416015625,-74.00467681884766
BROOKLYN,3340500,10/31/2025,10/31/2024,B00738723-S5-EW-SD,Standpipe,Permit Issued,B00738723-S5,New Building,,,Permit Entire,160119.8125,159,8,0.0,540 ATLANTIC AVENUE  BROOKLYN,186,12,302,SAFETY FIRE SPRINKLER COR,40.68471145629883,-73.98023986816406
BROOKLYN,3341846,11/26/2025,1/23/2025,B01077912-S6-SE,Support of Excavation,Permit Issued,B01077912-S6,New Building,,,Permit Entire,15695.7001953125,7,6,0.0,178 THROOP AVENUE  BROOKLYN,1726,132,303,YS DEVELOPERS LLC,40.699058532714844,-73.94445037841797
BROOKLYN,3342072,2/13/2026,2/13/2025,B00858661-S2-PL,Plumbing,Permit Issued,B00858661-S2,ALT-CO - New Building with Existing Elements to Remain,Yes,Yes,Permit Issued,1182.1400146484375,6,4,165000.0,71 SOUTH    4 STREET  BROOKLYN,2429,131,301,KISHAN PLUMBING INC,40.712921142578125,-73.96520233154297
BROOKLYN,3343043,10/26/2025,4/10/2025,B00801311-I1-GC-CX,Structural General Construction,Permit Issued,B00801311-I1,Alteration CO,,Yes,Permit Entire,4048.0,2,4,684060.0,291A MARION STREET  BROOKLYN,1514,142,303,REALITY CONSTR INC (SCA),40.68125915527344,-73.91754913330078
BROOKLYN,3349982,11/6/2025,11/6/2024,B01052030-I1-GC-CX,Structural General Construction Foundation Earth Work,Permit Issued,B01052030-I1,Alteration CO,Yes,Yes,Permit Entire,2671.0,1,2,553000.0,1414 80 STREET  BROOKLYN,6281,13,311,TOP BUILD CONTRACTORS INC,40.6157112121582,-74.00792694091797
BROOKLYN,3352542,12/31/2025,3/4/2025,B00994180-S1-ST,Structural,Permit Issued,B00994180-S1,New Building,,,Permit Entire,361.0,4,1,0.0,114 GAR ARLINGTON AVENUE  BROOKLYN,3934,22,305,L&L CONSTRUCTION DEVELOP,40.67974090576172,-73.89063262939453
BROOKLYN,3357341,12/28/2025,9/18/2025,B01181083-I1-FD,Full Demolition,Permit Issued,B01181083-I1,Full Demolition,,,Permit Entire,381.0,0,0,5000.0,1128 GAR 38 STREET  BROOKLYN,5290,46,312,N TECH DESIGN OF AMERICA,40.642921447753906,-73.98902130126953
BROOKLYN,3357402,2/11/2026,5/16/2025,B00952530-I1-FD,Full Demolition,Permit Issued,B00952530-I1,Full Demolition,,,Permit Entire,337.0,0,0,80000.0,131 GAR TEHAMA STREET  BROOKLYN,5308,12,312,IDS MANAGEMENT LLC,40.64331817626953,-73.98461151123047
BROOKLYN,3357403,2/11/2026,5/16/2025,B00952514-I1-FD,Full Demolition,Permit Issued,B00952514-I1,Full Demolition,,,Permit Entire,855.0,0,0,80000.0,125 GAR TEHAMA STREET  BROOKLYN,5308,13,312,IDS MANAGEMENT LLC,40.64337158203125,-73.98448944091797
BROOKLYN,3358219,12/28/2025,8/27/2025,B01233327-I1-FD,Full Demolition,Permit Issued,B01233327-I1,Full Demolition,,,Permit Entire,144.0,0,0,5000.0,986 GAR DAHILL ROAD  BROOKLYN,5470,18,312,HEXAGON INDUSTRIES INC,40.62369918823242,-73.97720336914062
BROOKLYN,3360778,2/3/2026,3/26/2025,B00828575-S1-PL,Plumbing,Permit Issued,B00828575-S1,New Building,,,Permit Entire,300.0,0,1,3000.0,853 GAR 73 STREET  BROOKLYN,5912,58,310,WATSON'S PLBG  HTG  & BDG,40.6274299621582,-74.01564025878906
BROOKLYN,3371102,10/29/2025,3/12/2025,B01167582-I1-FD,Full Demolition,Permit Issued,B01167582-I1,Full Demolition,,,Permit Entire,400.0,0,0,5000.0,2205 GAR EAST    2 STREET  BROOKLYN,7129,52,315,M.N.C. GENERAL CONTR CORP,40.59566879272461,-73.9690170288086
Brooklyn,3379147,1/11/2026,5/5/2025,32159783901AL04,AL,Issued,321597839,A1,Y,Y,PERMIT ISSUED - ENTIRE JOB/WORK,1895.0,1,3,339244.0,175GARAGE SULLIVAN PLACE  Brooklyn,1304,85,309,TOM WINTER ARCHITECT PC,40.6646614074707,-73.95520782470703
Brooklyn,3379533,3/1/2026,2/25/2025,32159519001AL05,AL,Issued,321595190,A1,Y,,PERMIT ISSUED - ENTIRE JOB/WORK,175042.0,205,8,2.363067E7,75 LEWIS AVENUE  Brooklyn,1592,1,303,WOODS BAGOT ARCHITECTS  DPC,40.694908142089844,-73.93694305419922
BROOKLYN,3380842,3/20/2026,4/25/2025,B00674061-S8-ST,Structural,Permit Issued,B00674061-S8,New Building,,,Permit Entire,11648.66015625,20,4,0.0,809 MIDWOOD STREET  BROOKLYN,4589,129,309,PRECISION BUILD USA INC,40.66141891479492,-73.93353271484375
Brooklyn,3389622,7/25/2026,9/7/2025,30220685001NB17,NB,Issued,302206850,NB,,,PERMIT ISSUED - ENTIRE JOB/WORK,12000.0,0,2,0.0,4207 CHURCH AVENUE  Brooklyn,4879,39,317,Geezeman Consultants,40.651649475097656,-73.93782043457031
Brooklyn,3391854,2/12/2026,10/7/2025,30203397501NB12,NB,Issued,302033975,NB,,,PERMIT ISSUED - ENTIRE JOB/WORK,2878.0,3,3,0.0,227 EAST 28 STREET  Brooklyn,5172,67,317,SION CONSULTING ENGINEERING  PC,40.64448165893555,-73.95065307617188
Brooklyn,3391858,2/12/2026,10/7/2025,30203396601NB11,NB,Issued,302033966,NB,,,PERMIT ISSUED - ENTIRE JOB/WORK,2878.0,3,3,0.0,225 EAST 28 STREET  Brooklyn,5172,68,317,SION CONSULTING ENGINEERING PC,40.644569396972656,-73.95065307617188
Brooklyn,3393652,12/27/2025,12/23/2024,32160065601NB03,NB,Issued,321600656,NB,,,PERMIT ISSUED - ENTIRE JOB/WORK,4684.0,4,4,0.0,772 HALSEY STREET  Brooklyn,1668,48,303,UNION STREET STUDIO  LLC,40.68463134765625,-73.9232177734375
Brooklyn,3394593,12/8/2025,1/6/2025,30101288301NB19,NB,Issued,301012883,NB,,,PERMIT ISSUED - ENTIRE JOB/WORK,6995.0,2,3,0.0,711 CONEY ISLAND AVENUE  Brooklyn,5141,132,314,RAYMOND HO ARCHITECT PLLC,40.64020919799805,-73.96869659423828
BROOKLYN,3394719,11/2/2025,11/14/2024,B00918300-I1-GC-CX,Mechanical Systems General Construction,Permit Issued,B00918300-I1,ALT-CO - New Building with Existing Elements to Remain,,Yes,Permit Entire,6382.81982421875,4,4,1307217.0,173 KINGSLAND AVENUE  BROOKLYN,2705,34,301,YAD REALTY MANAGEMENT LLC,40.722469329833984,-73.9414291381836
Brooklyn,3395110,12/11/2025,1/9/2025,32119838801NB10,NB,Issued,321198388,NB,,,PERMIT ISSUED - ENTIRE JOB/WORK,7475.0,8,4,0.0,2154 ATLANTIC AVE  Brooklyn,1433,22,316,AFSHARI PC,40.6762809753418,-73.91532897949219
Brooklyn,3395141,3/14/2026,7/23/2025,32198918501NB02,NB,Issued,321989185,NB,,,PERMIT ISSUED - ENTIRE JOB/WORK,15198.0,19,4,0.0,175 ROCHESTER AVENUE  Brooklyn,1368,11,308,SION CONSULTING ENGINEERING P.C.,40.67277145385742,-73.92767333984375
BROOKLYN,3395342,5/23/2026,5/23/2025,B01067616-S4-ST,Structural,Permit Issued,B01067616-S4,New Building,,,Permit Entire,77157.0,40,5,0.0,259 22 STREET  BROOKLYN,897,14,307,GIRON CONTRACTING INC,40.66053009033203,-73.99315643310547
BROOKLYN,3395377,12/1/2025,10/2/2025,B00604543-S2-ST,Structural,Permit Issued,B00604543-S2,New Building,,,Permit Entire,471817.0,381,41,1000.0,16 DUPONT STREET  BROOKLYN,2494,6,301,MONADNOCK GEN'L CONT INC,40.735198974609375,-73.959716796875
Brooklyn,3395540,6/2/2026,6/2/2025,32211216501DM03,DM,Issued,322112165,DM,,,PERMIT ISSUED - ENTIRE JOB/WORK,0.0,0,0,0.0,25 HUDSON AVE  Brooklyn,6,1,302,BREEZE NATIONAL INC,40.70476150512695,-73.98017883300781
Brooklyn,3395544,6/2/2026,6/2/2025,32211215601DM03,DM,Issued,322112156,DM,,,PERMIT ISSUED - ENTIRE JOB/WORK,0.0,0,0,0.0,11 HUDSON AVE  Brooklyn,6,1,302,BREEZE NATIONAL INC,40.70476150512695,-73.98017883300781
BROOKLYN,3395582,12/8/2025,7/25/2025,B00680247-S1-FO,Foundation,Permit Issued,B00680247-S1,New Building,,,Permit Entire,82942.0,80,14,415750.0,213 THIRD AVENUE  BROOKLYN,427,7,306,MJM ASSOCIATES CONSTR LLC,40.6793212890625,-73.98442840576172
Brooklyn,3396000,11/6/2025,8/5/2025,32159193301NB02,NB,Issued,321591933,NB,,,PERMIT ISSUED - ENTIRE JOB/WORK,7544.0,7,4,0.0,160 12TH STREET  Brooklyn,1027,11,306,ISSAC & STERN ARCHITECTS  PC,40.66923904418945,-73.99220275878906
BROOKLYN,3397473,4/1/2026,6/3/2025,B00781820-S1-EW-SP,Sprinklers,Permit Issued,B00781820-S1,New Building,,,Permit Entire,6733.0,7,4,2000.0,376 BALTIC STREET  BROOKLYN,403,32,306,MPS PLUMBING & HEATING IN,40.683998107910156,-73.99031066894531
Brooklyn,3398476,6/11/2026,9/11/2025,31010076101NB11,NB,Issued,310100761,NB,,,PERMIT ISSUED - ENTIRE JOB/WORK,14995.0,12,5,0.0,141 NORTH 6TH STREET  Brooklyn,2327,32,301,DRAFT MASTER ENGINEERING P.C.,40.71772003173828,-73.95857238769531
BROOKLYN,3398505,12/11/2025,8/6/2025,B01182890-S1-ST,Structural,Permit Issued,B01182890-S1,Alteration CO,Yes,,Permit Entire,89570.0,0,1,375000.0,550 GATEWAY DRIVE  BROOKLYN,4452,590,305,BRENNAN OPERATING INC,40.654361724853516,-73.8699722290039
Brooklyn,3403574,4/5/2026,4/2/2025,30234242701NB14,NB,Issued,302342427,NB,,,PERMIT ISSUED - ENTIRE JOB/WORK,5548.0,5,6,0.0,135 BOERUM STREET  Brooklyn,3070,27,301,PHILIP TOSCANO  ARCHITECTS,40.70602035522461,-73.9434585571289
BROOKLYN,3407361,12/9/2025,8/6/2025,B00966023-S5-SE,Support of Excavation,Permit Issued,B00966023-S5,New Building,,,Permit Entire,5175.0,0,1,0.0,1573 FLATBUSH AVENUE  BROOKLYN,7558,32,314,LORICH CONSTRUCTION MANAG,40.63264846801758,-73.94696044921875
Brooklyn,3408189,6/11/2026,9/10/2025,32083119601NB16,NB,Issued,320831196,NB,,,PERMIT ISSUED - ENTIRE JOB/WORK,7135.0,6,4,0.0,161 NORTH 5TH STREET  Brooklyn,2336,38,301,MIELE ASSOCIATES  LLP,40.716548919677734,-73.95818328857422
Brooklyn,3411323,4/1/2026,10/1/2025,32163074901NB04,NB,Issued,321630749,NB,,,PERMIT ISSUED - ENTIRE JOB/WORK,769.0,0,1,0.0,637 AVENUE Z  Brooklyn,7215,20,313,NYC DEPARTMENT OF PARKS & REC,40.58707809448242,-73.97007751464844
Brooklyn,3413710,9/15/2026,9/15/2025,32077821701NB07,NB,Issued,320778217,NB,,,PERMIT ISSUED - ENTIRE JOB/WORK,6204.0,0,1,0.0,1400 ROCKAWAY PARKWAY  Brooklyn,8165,54,318,SIMINO ARCHITECT,40.6456184387207,-73.90326690673828
BROOKLYN,3414001,12/29/2025,6/18/2025,B01156961-S1-SE,Support of Excavation,Permit Issued,B01156961-S1,New Building,,,Permit Entire,14736.9599609375,16,4,0.0,477 CENTRAL AVENUE  BROOKLYN,3383,3,304,ROGERS DEVELOPERS GRP LLC,40.6916389465332,-73.91333770751953
Brooklyn,3414138,6/1/2026,5/28/2025,32037583901NB25,NB,Issued,320375839,NB,,,PERMIT ISSUED - ENTIRE JOB/WORK,356389.0,0,8,0.0,285 JAY STREET  Brooklyn,131,1,302,PERKINS EASTMAN,40.69548034667969,-73.98607635498047
BROOKLYN,3414292,11/1/2025,11/1/2024,B00944993-S2-PL,Plumbing,Permit Issued,B00944993-S2,New Building,,,Permit Entire,4200.0,3,3,0.0,443 QUINCY STREET  BROOKLYN,1805,47,303,ROCK E SMALL PLBG&HTG INC,40.688140869140625,-73.94241333007812
BROOKLYN,3415190,12/28/2025,7/23/2025,B00999343-I1-FD,Full Demolition,Permit Issued,B00999343-I1,Full Demolition,,,Permit Entire,1600.0,0,0,40000.0,719 REAR LINCOLN PLACE  BROOKLYN,1254,63,308,HEXAGON INDUSTRIES INC,40.67115020751953,-73.95231628417969
Brooklyn,3416888,3/7/2026,3/4/2025,32138404201NB05,NB,Issued,321384042,NB,,,PERMIT ISSUED - ENTIRE JOB/WORK,91142.0,0,5,0.0,4910 14TH AVENUE  Brooklyn,5642,35,312,J FRANKL C MALLEA ASSOCIATES,40.63378143310547,-73.99049377441406
Brooklyn,3418111,12/10/2025,2/25/2025,32091697901NB02,NB,Issued,320916979,NB,,,PERMIT ISSUED - ENTIRE JOB/WORK,42246.0,29,7,0.0,196 SOUTH 3RD STREET  Brooklyn,2432,15,301,ISMAEL LEYVA ARCHITECTS  PC,40.71141052246094,-73.9600830078125
Brooklyn,3418259,2/21/2026,3/17/2025,32070911301NB03,NB,Issued,320709113,NB,,,PERMIT ISSUED - ENTIRE JOB/WORK,4692.0,6,4,0.0,638 LAFAYETTE AVE  Brooklyn,1789,32,303,LESTER KATZ  R.A,40.689849853515625,-73.9495620727539
Brooklyn,3418260,4/9/2026,10/7/2025,32179187901NB05,NB,Issued,321791879,NB,,,PERMIT ISSUED - ENTIRE JOB/WORK,66565.0,53,6,0.0,32 INDIA STREET  Brooklyn,2539,1,301,JWC ARCHITECT ENGINEER  DPC,40.73167037963867,-73.95918273925781
Brooklyn,3418397,3/1/2026,7/28/2025,32202754201NB08,NB,Issued,322027542,NB,,,PERMIT ISSUED - ENTIRE JOB/WORK,20643.0,12,3,0.0,20 LUQUER STREET  Brooklyn,520,16,306,URBAN ARCHITECTURAL INITIATIVES,40.6787109375,-74.00485229492188
Brooklyn,3419810,3/11/2026,7/30/2025,32059107001NB10,NB,Issued,320591070,NB,,,PERMIT ISSUED - ENTIRE JOB/WORK,5311.0,2,4,0.0,24 FROST STREET  Brooklyn,2736,14,301,ROBERT JAMES ARCHITECT,40.71725082397461,-73.95117950439453
BROOKLYN,3420362,3/7/2026,3/7/2025,B00984530-S2-ST,Structural,Permit Issued,B00984530-S2,New Building,,,Permit Entire,1333.0,1,2,0.0,62 ABBEY COURT  BROOKLYN,8907,528,315,PEEPS SERVICES INC,40.58906936645508,-73.92147827148438
Brooklyn,3420421,11/14/2025,7/16/2025,32072573801NB11,NB,Issued,320725738,NB,,,PERMIT ISSUED - ENTIRE JOB/WORK,5065.0,4,4,0.0,751 DEAN STREET  Brooklyn,1130,47,308,MATTHEW MANNION RA,40.679840087890625,-73.96533203125
Brooklyn,3421358,1/11/2026,10/10/2025,32090937101NB09,NB,Issued,320909371,NB,,,PERMIT ISSUED - ENTIRE JOB/WORK,29509.0,33,12,0.0,2960 BRIGHTON 4TH STREET  Brooklyn,8663,277,313,DOME ARCHITECTURE DESIGN AND ENG,40.579490661621094,-73.96431732177734
Brooklyn,3421368,3/30/2026,4/2/2025,32140853401NB05,NB,Issued,321408534,NB,,,PERMIT ISSUED - ENTIRE JOB/WORK,19793.0,16,6,0.0,28 SPENCER PLACE  Brooklyn,1999,29,303,GERALD J. CALIENDO ARCHITECT  PC,40.68117141723633,-73.95462799072266
Brooklyn,3421382,10/30/2025,1/6/2025,32125478001NB12,NB,Issued,321254780,NB,,,PERMIT ISSUED - ENTIRE JOB/WORK,29958.0,21,3,0.0,1837 BENSON AVENUE  Brooklyn,6370,5,311,BRICOLAGE DESIGNS,40.604740142822266,-74.00363159179688
Brooklyn,3421621,5/15/2026,9/4/2025,32123025301NB05,NB,Issued,321230253,NB,,,PERMIT ISSUED - PARTIAL JOB,10917.0,0,2,0.0,24 CRESCENT STREET  Brooklyn,4105,49,305,FRANK J. QUATELA  ARCHITECT  P.C,40.68857955932617,-73.87409973144531
Brooklyn,3421623,10/30/2025,1/30/2025,32019738101NB10,NB,Issued,320197381,NB,,,PERMIT ISSUED - ENTIRE JOB/WORK,10440.0,0,3,0.0,1747 EAST 2ND STREET  Brooklyn,6634,49,315,NA DESIGN,40.60697937011719,-73.97125244140625
Brooklyn,3421821,7/27/2026,9/16/2025,32090006701NB07,NB,Issued,320900067,NB,,,PERMIT ISSUED - PARTIAL JOB,11000.0,8,7,0.0,1010 FULTON STREET  Brooklyn,2015,24,302,SH ENGINEERING PLLC,40.68186950683594,-73.96044158935547
Brooklyn,3421883,9/18/2026,9/18/2025,32118328701NB04,NB,Issued,321183287,NB,,,PERMIT ISSUED - ENTIRE JOB/WORK,88734.0,84,12,0.0,179 22 STREET  Brooklyn,643,1,307,MICHAEL KANG ARCHITECT  P.C.,40.662139892578125,-73.99578857421875
Brooklyn,3422174,1/21/2026,9/17/2025,32159709001NB03,NB,Issued,321597090,NB,,,PERMIT ISSUED - ENTIRE JOB/WORK,14602.0,12,5,0.0,216 57TH STREET  Brooklyn,845,12,307,TAN ARCHITECT P.C,40.64472961425781,-74.02072143554688
Brooklyn,3423327,10/30/2025,7/16/2025,32058389101NB12,NB,Issued,320583891,NB,,,PERMIT ISSUED - ENTIRE JOB/WORK,87297.0,93,9,0.0,874 WILLOUGHBY AVENUE  Brooklyn,1593,23,303,STAVROS I MALLIAROS PE. PC.,40.69546890258789,-73.93324279785156
Brooklyn,3423347,2/3/2026,4/23/2025,32082807501NB06,NB,Issued,320828075,NB,,,PERMIT ISSUED - ENTIRE JOB/WORK,5903.0,0,3,0.0,20 COFFEY ST  Brooklyn,589,3,306,YANG ENGINEERING LLC,40.67417907714844,-74.01083374023438
Brooklyn,3423993,5/16/2026,5/16/2025,32119141001NB07,NB,Issued,321191410,NB,,,PERMIT ISSUED - ENTIRE JOB/WORK,225418.0,131,6,0.0,680 BALTIC STREET  Brooklyn,943,240,306,SLCE ARCHITECTS LLP,40.679229736328125,-73.97908020019531
Brooklyn,3424079,3/13/2026,3/14/2025,32118966401NB05,NB,Issued,321189664,NB,,,PERMIT ISSUED - ENTIRE JOB/WORK,6500.0,0,2,0.0,2832 W 32 ST  Brooklyn,7007,1,313,CURTIS & GINSBERG ARCHITECTS  LL,40.57630157470703,-73.99932861328125
Brooklyn,3424080,3/13/2026,3/14/2025,32118963701NB06,NB,Issued,321189637,NB,,,PERMIT ISSUED - ENTIRE JOB/WORK,7959.0,0,2,0.0,2976 W 32 ST  Brooklyn,7048,15,313,CURTIS & GINSBERG ARCHITECTS  LL,40.57379150390625,-73.99884796142578
Brooklyn,3424081,3/13/2026,3/14/2025,32118964601NB06,NB,Issued,321189646,NB,,,PERMIT ISSUED - ENTIRE JOB/WORK,4812.0,0,2,0.0,2946 W 31 ST  Brooklyn,7049,15,313,CURTIS + GINSBERG ARCHITECTS LLP,40.57394027709961,-73.99786376953125
Brooklyn,3424083,3/13/2026,3/14/2025,32118967301NB05,NB,Issued,321189673,NB,,,PERMIT ISSUED - ENTIRE JOB/WORK,3208.0,0,2,0.0,2971 W 35 ST  Brooklyn,7047,14,313,CURTIS + GINSBERG ARCHITECTS LLP,40.57379150390625,-73.99993133544922
Brooklyn,3424207,5/22/2026,7/18/2025,32118416001NB03,NB,Issued,321184160,NB,,,PERMIT ISSUED - PARTIAL JOB,5460.0,4,4,0.0,493 EVERGREEN AVENUE  Brooklyn,3368,6,304,BANJI AWOSIKA ARCHITECT P.C.,40.69110870361328,-73.91642761230469
BROOKLYN,3424220,3/29/2026,8/18/2025,B08015349-S6-SE,Support of Excavation,Permit Issued,B08015349-S6,New Building,,,Permit Entire,213842.0,202,23,10000.0,3027 WEST   21 STREET  BROOKLYN,7072,4,313,WEST 21ST CONSTRUCTION,40.573848724365234,-73.9871597290039
Brooklyn,3424463,8/10/2026,9/8/2025,32098548501NB13,NB,Issued,320985485,NB,,,PERMIT ISSUED - ENTIRE JOB/WORK,22939.0,7,4,0.0,333 14TH STREET  Brooklyn,1036,18,306,TARLAN DESIGN-BUILD  LLC,40.6649284362793,-73.9856185913086
Brooklyn,3424477,1/31/2026,1/30/2025,32118582801NB14,NB,Issued,321185828,NB,,,PERMIT ISSUED - ENTIRE JOB/WORK,385627.0,327,43,0.0,540 FULTON STREET  Brooklyn,161,7502,302,MARVEL ARCHITECTS  PLLC,40.68878936767578,-73.98152160644531
Brooklyn,3424483,10/28/2025,12/5/2024,32173984701NB07,NB,Issued,321739847,NB,,,PERMIT ISSUED - ENTIRE JOB/WORK,5574.0,4,4,0.0,353 AMBOY STREET  Brooklyn,3586,24,316,STEWART ENGINEERING SVC  PLLC,40.66164016723633,-73.91230773925781
BROOKLYN,3424527,12/16/2025,12/16/2024,B00680413-S1-SE,Support of Excavation,Permit Issued,B00680413-S1,New Building,,,Permit Entire,39041.578125,52,4,100.0,128 LIVONIA AVENUE  BROOKLYN,3585,29,316,PRECISION BUILD USA INC,40.66170120239258,-73.91301727294922
BROOKLYN,3424633,1/1/2026,5/15/2025,B00767906-S4-EW-SP,Sprinklers,Permit Issued,B00767906-S4,New Building,,,Permit Entire,9826.2998046875,1,3,137000.0,2060 57 STREET  BROOKLYN,5500,32,312,B&B MECH PLBG & HTG LLC,40.619991302490234,-73.97976684570312
Brooklyn,3424728,2/21/2026,2/26/2025,32171497101AL07,AL,Issued,321714971,A1,,Y,PERMIT ISSUED - ENTIRE JOB/WORK,2856.0,2,3,490925.0,24 STANTON ROAD  Brooklyn,8800,104,315,ENGINEERING PROFESSIONAL SERVICE,40.58549118041992,-73.93672943115234
Brooklyn,3425050,4/8/2026,4/10/2025,32091431001NB20,NB,Issued,320914310,NB,,,PERMIT ISSUED - ENTIRE JOB/WORK,734609.0,559,52,0.0,346 KENT AVENUE  Brooklyn,2414,7502,301,ISMAEL LEYVA ARCHITECTS  PC,40.713111877441406,-73.96793365478516
Brooklyn,3425060,11/27/2025,11/27/2024,32144202401NB06,NB,Issued,321442024,NB,,,PERMIT ISSUED - ENTIRE JOB/WORK,99722.0,75,7,0.0,1020 ROGERS AVE  Brooklyn,5137,25,317,ZPROEKT,40.64519119262695,-73.9522476196289
Brooklyn,3425147,1/10/2026,5/8/2025,32110568301AL03,AL,Issued,321105683,A1,Y,Y,PERMIT ISSUED - ENTIRE JOB/WORK,0.0,5,5,1215950.0,135 BAYARD STREET  Brooklyn,2719,35,301,ENGINEERING PROFESSIONAL SERVICE,40.71992111206055,-73.94689178466797
Brooklyn,3425162,4/1/2026,5/7/2025,30257626401NB10,NB,Issued,302576264,NB,,,PERMIT ISSUED - ENTIRE JOB/WORK,49996.0,0,4,0.0,1846 W 13 STREET  Brooklyn,6667,24,311,JOHN CIARDULLO PC,40.60118865966797,-73.9855728149414
BROOKLYN,3425164,5/5/2026,8/28/2025,B00886932-S7-SE,Support of Excavation,Permit Issued,B00886932-S7,New Building,,,Permit Entire,20441.939453125,0,1,0.0,12 BERRY STREET  BROOKLYN,2279,30,301,INNOVATIVE CONSTR NYC LLC,40.72235870361328,-73.95568084716797
Brooklyn,3425192,12/4/2025,11/20/2024,32124480901NB10,NB,Issued,321244809,NB,,,PERMIT ISSUED - ENTIRE JOB/WORK,50428.0,29,7,0.0,48 SOMERS STREET  Brooklyn,1542,6,316,VIKATOS ARCHITECT PC,40.678558349609375,-73.91030883789062
Brooklyn,3425215,4/1/2026,2/26/2025,32148260401NB06,NB,Issued,321482604,NB,,,PERMIT ISSUED - ENTIRE JOB/WORK,4108.0,2,4,0.0,272 GREENE AVENUE  Brooklyn,1966,36,302,MUNYC ARCHITECTURE PLLC,40.687259674072266,-73.95990753173828
Brooklyn,3425389,3/30/2026,3/31/2025,32091616701NB12,NB,Issued,320916167,NB,,,PERMIT ISSUED - ENTIRE JOB/WORK,96537.0,94,6,0.0,21 EAST 29 STREET  Brooklyn,5131,1,317,VINCENT MARTINEAU ARCHITECT P.C.,40.64760971069336,-73.9499282836914
Brooklyn,3425576,5/5/2026,7/7/2025,32119149201NB03,NB,Issued,321191492,NB,,,PERMIT ISSUED - ENTIRE JOB/WORK,65353.0,41,8,0.0,972 BUSHWICK AVE  Brooklyn,3294,31,304,THINK ARCHITECTURE & DESIGN PLLC,40.69200897216797,-73.9233169555664
Brooklyn,3425663,7/28/2026,7/28/2025,32059358601NB17,NB,Issued,320593586,NB,,,PERMIT ISSUED - ENTIRE JOB/WORK,18880.0,14,5,0.0,435 CENTRAL AVENUE  Brooklyn,3369,6,304,VERSATILE ENGINEERING  P.C.,40.69260025024414,-73.91504669189453
Brooklyn,3425665,12/18/2025,3/11/2025,32091018101NB13,NB,Issued,320910181,NB,,,PERMIT ISSUED - ENTIRE JOB/WORK,215280.0,0,10,0.0,1508 CONEY ISLAND AVENUE  Brooklyn,6536,45,312,SHOP ARCHITECTS,40.62051010131836,-73.96472930908203
Brooklyn,3425737,7/15/2026,8/8/2025,32090885301NB10,NB,Issued,320908853,NB,,,PERMIT ISSUED - ENTIRE JOB/WORK,23617.0,20,7,0.0,927 ATLANTIC AVENUE  Brooklyn,2018,57,302,FEINGOLD & GREGORY ARCHITECT,40.6809196472168,-73.96199035644531
Brooklyn,3425771,10/29/2025,10/29/2024,32091117101NB11,NB,Issued,320911171,NB,,,PERMIT ISSUED - ENTIRE JOB/WORK,346785.0,0,10,0.0,2619 OCEAN PARKWAY  Brooklyn,7239,1,313,NBBJ ARCHITECTURE,40.58565139770508,-73.9648666381836
Brooklyn,3425844,1/2/2026,12/24/2024,32170150101NB05,NB,Issued,321701501,NB,,,PERMIT ISSUED - PARTIAL JOB,24919.0,0,1,0.0,151 DWIGHT STREET  Brooklyn,589,16,306,BDF ARCHITECTURE LLP,40.67414855957031,-74.01055145263672
BROOKLYN,3425886,1/1/2026,6/6/2025,B00750243-S9-EW-SP,Sprinklers,Permit Issued,B00750243-S9,New Building,,,Permit Entire,22043.0,4,5,0.0,125 MIDDLETON STREET  BROOKLYN,2237,57,301,B&B MECH PLBG & HTG LLC,40.70256042480469,-73.95223999023438
Brooklyn,3425968,10/28/2025,6/16/2025,32091109101NB06,NB,Issued,320911091,NB,,,PERMIT ISSUED - ENTIRE JOB/WORK,59092.0,0,7,0.0,336 HICKS STREET  Brooklyn,282,50,306,HILL WEST ARCHITECTS,40.6910514831543,-73.99784851074219
Brooklyn,3425969,10/28/2025,6/16/2025,32118958401NB06,NB,Issued,321189584,NB,,,PERMIT ISSUED - ENTIRE JOB/WORK,145844.0,34,20,0.0,354 HICK STREET  Brooklyn,282,50,306,HILL WEST ARCHITECTS,40.6904411315918,-73.99815368652344
Brooklyn,3425981,5/30/2026,9/16/2025,32037685601NB07,NB,Issued,320376856,NB,,,PERMIT ISSUED - ENTIRE JOB/WORK,8940.0,1,3,0.0,7543 SHORE ROAD  Brooklyn,5936,7,310,H2 CONSULTING PE PC,40.6325798034668,-74.0370864868164
Brooklyn,3426136,10/30/2025,1/27/2025,32161593501NB09,NB,Issued,321615935,NB,,,PERMIT ISSUED - ENTIRE JOB/WORK,4314.0,0,2,0.0,202 CONOVER STREET  Brooklyn,574,32,306,OPERA STUDIO ARCHITECTURE,40.67784881591797,-74.014892578125
Brooklyn,3426137,2/12/2026,8/23/2025,32091174101NB03,NB,Issued,320911741,NB,,,PERMIT ISSUED - ENTIRE JOB/WORK,2922.0,1,3,0.0,61 DIKEMAN ST.  Brooklyn,588,8,306,GARRISON ARCHITECTS,40.6755485534668,-74.011962890625
Brooklyn,3426189,4/1/2026,2/10/2025,32091168901NB14,NB,Issued,320911689,NB,,,PERMIT ISSUED - ENTIRE JOB/WORK,521135.0,446,16,0.0,2926 WEST 19 STREET  Brooklyn,7060,7501,313,HANDEL ARCHITECTS LLP,40.57572937011719,-73.98623657226562
Brooklyn,3426191,3/24/2026,9/27/2025,32117614201NB05,NB,Issued,321176142,NB,,,PERMIT ISSUED - ENTIRE JOB/WORK,3449.0,2,2,0.0,3737 CYPRESS AVENUE  Brooklyn,6971,58,313,CITISCAPE CONSULTING LTD,40.5789794921875,-74.005126953125
Brooklyn,3426198,11/15/2025,11/1/2024,32062271401NB15,NB,Issued,320622714,NB,,,PERMIT ISSUED - ENTIRE JOB/WORK,934965.0,499,22,0.0,532 NEPTUNE AVENUE  Brooklyn,7273,7501,313,ZPROEKT,40.57931137084961,-73.97338104248047
Brooklyn,3426200,3/11/2026,3/11/2025,30258388001NB10,NB,Issued,302583880,NB,,,PERMIT ISSUED - ENTIRE JOB/WORK,42196.0,0,4,0.0,2469 EAST 18TH STREET  Brooklyn,7420,26,315,STV INCORPORATED,40.59109878540039,-73.95155334472656
Brooklyn,3426201,11/24/2025,4/1/2025,30222619701AL18,AL,Issued,302226197,A1,Y,Y,PERMIT ISSUED - ENTIRE JOB/WORK,5830.0,0,5,649300.0,900 CONEY ISLAND AVENUE  Brooklyn,5403,30,312,Gelu-Durus Musica,40.63541030883789,-73.96817016601562
Brooklyn,3426233,7/19/2026,7/17/2025,32091255301NB07,NB,Issued,320912553,NB,,,PERMIT ISSUED - ENTIRE JOB/WORK,138243.0,0,3,0.0,559 PARK AVENUE  Brooklyn,1718,1,303,DATTNER ARCHITECTS,40.69797134399414,-73.95358276367188
Brooklyn,3426287,7/31/2026,4/12/2024,32138433701NB05,NB,Issued,321384337,NB,,,PERMIT ISSUED - ENTIRE JOB/WORK,327031.0,343,13,0.0,265 LOGAN STREET  Brooklyn,4154,28,305,MHG ARCHITECTS  P.C.,40.6796989440918,-73.876953125
Brooklyn,3426342,11/27/2025,2/13/2025,32086077901NB08,NB,Issued,320860779,NB,,,PERMIT ISSUED - ENTIRE JOB/WORK,25623.0,32,9,0.0,608 OCEAN AVENUE  Brooklyn,5100,66,314,VERSATILE ENGINEERING  P.C,40.64799880981445,-73.9610595703125
Brooklyn,3426350,4/1/2026,4/15/2025,30258278301NB08,NB,Issued,302582783,NB,,,PERMIT ISSUED - ENTIRE JOB/WORK,50563.0,0,4,0.0,4308 4 AVENUE  Brooklyn,728,36,307,RAWLINGS ARCHITECTS  P.C.,40.650421142578125,-74.00901794433594
Brooklyn,3426445,8/26/2026,9/2/2025,32118596201NB06,NB,Issued,321185962,NB,,,PERMIT ISSUED - PARTIAL JOB,9081.0,10,5,0.0,38 TROUTMAN STREET  Brooklyn,3183,20,304,CB ENGINEERING PC,40.698001861572266,-73.93226623535156
Brooklyn,3426464,2/26/2026,9/3/2025,32138591501NB06,NB,Issued,321385915,NB,,,PERMIT ISSUED - PARTIAL JOB,4186.0,3,3,0.0,274 EAST 32 ST  Brooklyn,4931,27,317,PIROOZ ENGINEERING  P.C,40.643978118896484,-73.94719696044922
Brooklyn,3426465,2/26/2026,9/3/2025,32138592401NB06,NB,Issued,321385924,NB,,,PERMIT ISSUED - PARTIAL JOB,4738.0,3,3,0.0,276 EAST 32 ST  Brooklyn,4931,127,317,PIROOZ ENGINEERING  P.C,40.643978118896484,-73.94719696044922
Brooklyn,3426502,1/1/2026,4/4/2025,32138446201NB12,NB,Issued,321384462,NB,,,PERMIT ISSUED - ENTIRE JOB/WORK,35295.0,0,4,0.0,30 FRONT STREET  Brooklyn,45,25,302,HILL WEST ARCHITECTS,40.70220184326172,-73.99083709716797
Brooklyn,3426503,1/1/2026,4/4/2025,32138436401NB11,NB,Issued,321384364,NB,,,PERMIT ISSUED - ENTIRE JOB/WORK,368197.0,76,26,0.0,60 FRONT STREET  Brooklyn,45,7502,302,HILL WEST ARCHITECTS,40.70220184326172,-73.99083709716797
BROOKLYN,3426506,4/2/2026,6/25/2025,B00777519-S3-FO,Foundation,Permit Issued,B00777519-S3,New Building,,,Permit Entire,6431.0,3,3,0.0,193 23 STREET  BROOKLYN,646,68,307,ZAIM CONTRACTOR CORP,40.661380767822266,-73.99604034423828
Brooklyn,3426530,10/29/2025,3/4/2025,32194251901NB09,NB,Issued,321942519,NB,,,PERMIT ISSUED - ENTIRE JOB/WORK,7036.0,1,3,0.0,2142 EAST 4 STREET  Brooklyn,7106,30,315,RONALD B CAGAN P.E.,40.59803009033203,-73.96814727783203
Brooklyn,3426543,3/8/2026,10/6/2025,32135829501AL06,AL,Issued,321358295,A1,Y,,PERMIT ISSUED - ENTIRE JOB/WORK,27725.0,0,2,3459200.0,2501 AVENUE K  Brooklyn,7607,8,314,DRAFT DESIGN ARCHITECTURE,40.624149322509766,-73.95089721679688
BROOKLYN,3426558,7/9/2026,7/15/2025,B00521725-I1-GC,General Construction,Permit Issued,B00521725-I1,New Building,,,Permit Entire,14794.7001953125,3,5,2000000.0,200 MIDDLETON STREET  BROOKLYN,2242,24,301,CORNERSTONE BUILDERS NY L,40.70389175415039,-73.94924926757812
Brooklyn,3426563,12/12/2025,10/1/2025,32183459201NB05,NB,Issued,321834592,NB,,,PERMIT ISSUED - ENTIRE JOB/WORK,10569.0,6,3,0.0,1470 BATH  AVENUE  Brooklyn,6426,41,311,STANLEY M. KREBUSHEVSKI  R.A.,40.608280181884766,-74.0134506225586
Brooklyn,3426612,3/3/2026,6/27/2025,32106657301NB06,NB,Issued,321066573,NB,,,PERMIT ISSUED - ENTIRE JOB/WORK,28129.0,49,7,0.0,149 NEW JERSEY AVE  Brooklyn,3671,143,305,MICHAEL KANG ARCHITECT  PLLC.,40.676361083984375,-73.89595031738281
Brooklyn,3426666,2/2/2026,1/29/2025,32138686101NB04,NB,Issued,321386861,NB,,,PERMIT ISSUED - ENTIRE JOB/WORK,137365.0,0,9,0.0,466 FLUSHING AV  Brooklyn,1716,24,303,FISCHER & MAKOOI ARCHITECTS PLLC,40.698760986328125,-73.95561981201172
Brooklyn,3426668,12/6/2025,1/2/2025,32194244901AL04,AL,Issued,321942449,A1,Y,Y,PERMIT ISSUED - ENTIRE JOB/WORK,11588.0,1,3,1126780.0,960 EAST 23 STREET  Brooklyn,7586,71,314,RONALD B CAGAN P.E.,40.6269416809082,-73.95397186279297
Brooklyn,3426822,8/8/2026,8/8/2025,32192143501NB09,NB,Issued,321921435,NB,,,PERMIT ISSUED - PARTIAL JOB,6960.0,7,4,0.0,618 EAST 31 STREET  Brooklyn,5005,50,317,CITISCAPE CONSULTING LTD,40.63576889038086,-73.94727325439453
Brooklyn,3426832,5/30/2026,8/14/2025,32118828201NB02,NB,Issued,321188282,NB,,,PERMIT ISSUED - ENTIRE JOB/WORK,35264.0,32,5,0.0,1351 DEKALB AVENUE  Brooklyn,3234,52,304,Z ARCHITECTURE PLLC,40.6988410949707,-73.92500305175781
Brooklyn,3426934,5/5/2026,7/29/2025,32118251801NB14,NB,Issued,321182518,NB,,,PERMIT ISSUED - PARTIAL JOB,33836.0,18,6,0.0,69 HOPE STREET  Brooklyn,2369,37,301,KMP DESIGN AND ENGINEERING PLLC,40.71324920654297,-73.95523071289062
BROOKLYN,3427033,11/30/2025,2/18/2025,B00699404-Z2-PL,Plumbing,Signed-off,B00699404-Z2,New Building,,,Permit Entire,100514.0,110,9,0.0,2667 FULTON STREET  BROOKLYN,3661,1,305,TARGET PIPING NY LLC,40.67763900756836,-73.8958969116211
BROOKLYN,3427230,10/31/2025,5/16/2025,B08053340-S2-PL,Plumbing,Permit Issued,B08053340-S2,New Building,,,Permit Entire,1724.300048828125,1,2,0.0,3735 CYPRESS AVENUE  BROOKLYN,6971,58,313,GREGG NY PLUMBING  INC,40.5789909362793,-74.00504302978516
Brooklyn,3427343,4/1/2026,10/9/2025,30258532501NB08,NB,Issued,302585325,NB,,,PERMIT ISSUED - ENTIRE JOB/WORK,4536.0,0,1,0.0,201 NORTH 4TH STREET  Brooklyn,2345,1,301,PURCELL/EVERETT ARCHITECTS P.C,40.71527099609375,-73.9572982788086
Brooklyn,3427354,12/8/2025,2/24/2025,32159380601NB07,NB,Issued,321593806,NB,,,PERMIT ISSUED - ENTIRE JOB/WORK,53952.0,21,6,0.0,171 CALYER STREET  Brooklyn,2573,7501,301,PKSB ARCHITECTS  PC,40.72813034057617,-73.95398712158203
Brooklyn,3427358,12/12/2025,12/12/2024,30257519401NB14,NB,Issued,302575194,NB,,,PERMIT ISSUED - ENTIRE JOB/WORK,58953.0,0,5,0.0,922 78 STREET  Brooklyn,5973,1,310,MACRAE-GIBSON ARCHITECTS,40.62372970581055,-74.01847076416016
BROOKLYN,3427465,4/14/2026,4/14/2025,B00583473-I1-GC,General Construction,Permit Issued,B00583473-I1,New Building,,,Permit Entire,39662.0,31,7,1000.0,1024 MANHATTAN AVENUE  BROOKLYN,2513,2,301,BREND RESTORATION LLC,40.734031677246094,-73.95458984375
Brooklyn,3427481,10/31/2025,10/31/2024,32159075601NB03,NB,Issued,321590756,NB,,,PERMIT ISSUED - ENTIRE JOB/WORK,11881.0,10,5,0.0,444 HERKIMER STREET  Brooklyn,1871,43,303,FULCRUM ARCHITECTURE DPC,40.678829193115234,-73.93887329101562
BROOKLYN,3427484,12/30/2025,12/30/2024,B00627782-S6-EW-SD,Standpipe,Permit Issued,B00627782-S6,New Building,,,Permit Entire,75175.0,105,11,1000.0,96 ST EDWARDS STREET  BROOKLYN,2034,135,302,E.M.P. FIRE SPRINKLER LLC,40.694068908691406,-73.97824096679688
Brooklyn,3428527,10/30/2025,12/20/2024,32201836601NB02,NB,Issued,322018366,NB,,,PERMIT ISSUED - ENTIRE JOB/WORK,11063.0,0,2,0.0,16 POWELL STREET  Brooklyn,3677,24,316,GELU DURUS MUSICA,40.67422866821289,-73.9051284790039
Brooklyn,3428561,1/6/2026,1/6/2025,32159777701NB05,NB,Issued,321597777,NB,,,PERMIT ISSUED - ENTIRE JOB/WORK,237518.0,240,10,0.0,12 HALSEY STREET  Brooklyn,1842,15,303,ISMAEL LEYVA ARCHITECTS  P.C.,40.681060791015625,-73.9524917602539
Brooklyn,3428575,1/31/2026,3/31/2025,32195806601NB05,NB,Issued,321958066,NB,,,PERMIT ISSUED - ENTIRE JOB/WORK,3060.0,2,2,0.0,154 BAY 53 ST  Brooklyn,6949,76,313,ORPHEUS DESIGN ASSOCIATES,40.5830192565918,-73.98780822753906
Brooklyn,3428577,1/31/2026,3/31/2025,32196390601NB05,NB,Issued,321963906,NB,,,PERMIT ISSUED - ENTIRE JOB/WORK,3060.0,2,1,0.0,166 BAY 53 STREET  Brooklyn,6949,184,313,ORPHEUS DESIGN ASSOCIATES,40.5830192565918,-73.98780822753906
Brooklyn,3428578,7/23/2026,7/23/2025,32159638601NB03,NB,Issued,321596386,NB,,,PERMIT ISSUED - ENTIRE JOB/WORK,14371.0,13,4,0.0,120 LIBERTY AVENUE  Brooklyn,3693,22,316,URBAN QUOTIENT,40.67279052734375,-73.9059066772461
Brooklyn,3428579,7/23/2026,7/23/2025,32159639501NB03,NB,Issued,321596395,NB,,,PERMIT ISSUED - ENTIRE JOB/WORK,13221.0,12,4,0.0,609 OSBORNE STREET  Brooklyn,3628,9,316,URBAN QUOTIENT,40.65679931640625,-73.90532684326172
Brooklyn,3428586,1/31/2026,3/31/2025,32196552001NB05,NB,Issued,321965520,NB,,,PERMIT ISSUED - ENTIRE JOB/WORK,3060.0,2,2,0.0,156 BAY 53 STREET  Brooklyn,6949,177,313,ORPHEUS DESIGN ASSOCIATES,40.5830192565918,-73.98780822753906
Brooklyn,3428587,1/31/2026,3/31/2025,32196554801NB05,NB,Issued,321965548,NB,,,PERMIT ISSUED - ENTIRE JOB/WORK,3060.0,2,2,0.0,160 BAY 53 STREET  Brooklyn,6949,179,313,ORPHEUS DESIGN ASSOCIATES,40.5830192565918,-73.98780822753906
Brooklyn,3428588,1/31/2026,3/31/2025,32195808401NB05,NB,Issued,321958084,NB,,,PERMIT ISSUED - ENTIRE JOB/WORK,3060.0,2,2,0.0,162 BAY 53 STREET  Brooklyn,6949,181,313,ORPHEUS DESIGN ASSOCIATES,40.5830192565918,-73.98780822753906
Brooklyn,3428589,1/31/2026,3/31/2025,32195804801NB06,NB,Issued,321958048,NB,,,PERMIT ISSUED - ENTIRE JOB/WORK,3060.0,2,2,0.0,158 BAY 53 STREET  Brooklyn,6949,178,313,ORPHEUS DESIGN ASSOCIATES,40.5830192565918,-73.98780822753906
Brooklyn,3428590,1/31/2026,3/31/2025,32195807501NB05,NB,Issued,321958075,NB,,,PERMIT ISSUED - ENTIRE JOB/WORK,3060.0,2,2,0.0,164 BAY 53 STREET  Brooklyn,6949,183,313,ORPHEUS DESIGN ASSOCIATES,40.5830192565918,-73.98780822753906
Brooklyn,3428592,3/1/2026,8/15/2025,32175813901NB08,NB,Issued,321758139,NB,,,PERMIT ISSUED - ENTIRE JOB/WORK,7567.0,8,4,0.0,86 STARR ST  Brooklyn,3197,16,304,GERALD J CALIENDO ARCHITECT PC,40.70185089111328,-73.92595672607422
Brooklyn,3428596,5/17/2026,6/24/2025,32159578801NB07,NB,Issued,321595788,NB,,,PERMIT ISSUED - ENTIRE JOB/WORK,3740.0,4,4,0.0,369 MANHATTAN AVENUE  Brooklyn,2743,24,301,ZH ARCHITECTS,40.7169189453125,-73.94673919677734
Brooklyn,3428616,4/25/2026,4/25/2025,32159760601NB07,NB,Issued,321597606,NB,,,PERMIT ISSUED - ENTIRE JOB/WORK,245810.0,208,11,0.0,589 CHRISTOPHER AVENUE  Brooklyn,3861,1,316,PERKINS EASTMAN,40.657379150390625,-73.90220642089844
Brooklyn,3428626,4/30/2026,7/2/2025,32159591101NB08,NB,Issued,321595911,NB,,,PERMIT ISSUED - ENTIRE JOB/WORK,6374.0,9,4,0.0,3509 FARRAGUT ROAD  Brooklyn,4999,6,317,TITAN ENGINEERS PC,40.6368293762207,-73.94281768798828
Brooklyn,3428633,1/1/2026,3/11/2025,32159467201NB04,NB,Issued,321594672,NB,,,PERMIT ISSUED - ENTIRE JOB/WORK,116868.0,127,9,0.0,1601 DEKALB AVENUE  Brooklyn,3237,23,304,AUFGANG ARCHITECTS,40.70391082763672,-73.92017364501953
Brooklyn,3428661,12/10/2025,3/5/2025,32059106101NB10,NB,Issued,320591061,NB,,,PERMIT ISSUED - ENTIRE JOB/WORK,11078.0,16,5,0.0,22 FROST STREET  Brooklyn,2736,14,301,ROBERT JAMES ARCHITECT,40.71725082397461,-73.95117950439453
Brooklyn,3428671,4/11/2026,4/11/2025,32138552201NB07,NB,Issued,321385522,NB,,,PERMIT ISSUED - ENTIRE JOB/WORK,56325.0,85,7,0.0,1451 SUTTER AVENUE  Brooklyn,4257,40,305,PAUL J. HESSEL  P.E.,40.674129486083984,-73.86427307128906
Brooklyn,3428688,2/21/2026,2/25/2025,32159861401NB07,NB,Issued,321598614,NB,,,PERMIT ISSUED - ENTIRE JOB/WORK,31760.0,8,7,0.0,297 WALLABOUT STREET  Brooklyn,2250,45,301,JONGMIN KIM ARCHITECTS,40.70233154296875,-73.94806671142578
Brooklyn,3428691,6/29/2026,6/30/2025,32095997701NB10,NB,Issued,320959977,NB,,,PERMIT ISSUED - ENTIRE JOB/WORK,5849.0,1,4,0.0,4006 ATLANTIC AVENUE  Brooklyn,7042,1,313,INDETAIL ARCHITECTURAL AND ENGER,40.57398986816406,-74.00662994384766
Brooklyn,3428696,5/5/2026,7/25/2025,32159054101NB01,NB,Issued,321590541,NB,,,PERMIT ISSUED - ENTIRE JOB/WORK,48148.0,46,5,0.0,21 CHARLES PLACE  Brooklyn,3183,71,304,S. WIEDER ARCHITECT,40.69779968261719,-73.93193054199219
Brooklyn,3428697,11/29/2025,11/29/2024,32158888501NB06,NB,Issued,321588885,NB,,,PERMIT ISSUED - ENTIRE JOB/WORK,101836.0,0,6,0.0,240 HUNTINGTON STREET  Brooklyn,477,8,306,DATTNER ARCHITECTS,40.674869537353516,-73.99664306640625
Brooklyn,3428698,7/23/2026,7/23/2025,32159634001NB03,NB,Issued,321596340,NB,,,PERMIT ISSUED - ENTIRE JOB/WORK,20141.0,17,6,0.0,47 NEW LOTS AVENUE  Brooklyn,3855,40,316,URBAN QUOTIENT,40.65748977661133,-73.90335845947266
Brooklyn,3428710,11/12/2025,9/8/2025,32158975901NB03,NB,Issued,321589759,NB,,,PERMIT ISSUED - ENTIRE JOB/WORK,5766.0,7,4,0.0,864 EAST 34 STREET  Brooklyn,5008,65,317,INFOCUS,40.635231018066406,-73.94403076171875
Brooklyn,3428716,10/6/2026,9/30/2025,32119271201NB12,NB,Issued,321192712,NB,,,PERMIT ISSUED - ENTIRE JOB/WORK,16769.0,20,7,0.0,1010 BUSHWICK AVENUE  Brooklyn,3321,28,304,Z ARCHITECTURE PLLC,40.69132995605469,-73.92214965820312
Brooklyn,3428751,5/6/2026,6/23/2025,34073874001NB04,NB,Issued,340738740,NB,,,PERMIT ISSUED - ENTIRE JOB/WORK,18802.0,25,7,0.0,102 E 53RD STREET  Brooklyn,4622,18,317,JAY ARCHITECT & ENGINEERING DPC,40.65763854980469,-73.92841339111328
Brooklyn,3428805,3/17/2026,3/17/2025,32205313901NB04,NB,Issued,322053139,NB,,,PERMIT ISSUED - ENTIRE JOB/WORK,92022.0,0,5,0.0,6312 13TH AVENUE  Brooklyn,5739,2,310,NYC SCHOOL CONSTRUCTION AUTHORIT,40.62704086303711,-74.00089263916016
Brooklyn,3428817,12/13/2025,1/23/2025,32159413701NB04,NB,Issued,321594137,NB,,,PERMIT ISSUED - ENTIRE JOB/WORK,323953.0,320,14,0.0,268 BARBEY STREET  Brooklyn,3964,8,305,DATTNER ARCHITECTS,40.67639923095703,-73.88893127441406
Brooklyn,3428825,10/26/2025,6/3/2025,32158981101NB10,NB,Issued,321589811,NB,,,PERMIT ISSUED - ENTIRE JOB/WORK,6728.0,1,4,0.0,210 BEAUMONT ST  Brooklyn,8739,39,315,SHENKER ARCHITECTS,40.576778411865234,-73.95121765136719
Brooklyn,3428826,10/30/2025,1/8/2025,32193740001NB05,NB,Issued,321937400,NB,,,PERMIT ISSUED - ENTIRE JOB/WORK,8362.0,6,3,0.0,121 CLERMONT AVENUE  Brooklyn,2046,9,302,BRICOLAGE DESIGNS,40.69414138793945,-73.97073364257812
Brooklyn,3428836,6/1/2026,5/27/2025,32171910001NB09,NB,Issued,321719100,NB,,,PERMIT ISSUED - PARTIAL JOB,6071.0,6,3,0.0,213 ESSEX STREET  Brooklyn,3957,1,305,BRICOLAGE DESIGNS,40.67911911010742,-73.88226318359375
Brooklyn,3428857,10/17/2026,10/17/2025,32195436401NB02,NB,Issued,321954364,NB,,,PERMIT ISSUED - PARTIAL JOB,48014.0,51,9,0.0,4919 4TH AVENUE  Brooklyn,783,80,307,LU ENGINEERING SERVICE P.C.,40.64641189575195,-74.01215362548828
Brooklyn,3428858,5/22/2026,5/19/2025,34080151901NB04,NB,Issued,340801519,NB,,,PERMIT ISSUED - ENTIRE JOB/WORK,30557.0,75,8,0.0,2396 ATLANTIC AVENUE  Brooklyn,1437,6,316,MICHAEL KANG ARCHITECT  P.C.,40.67604064941406,-73.90548706054688
Brooklyn,3428872,8/8/2026,8/8/2025,32191383601NB08,NB,Issued,321913836,NB,,,PERMIT ISSUED - PARTIAL JOB,6307.0,6,5,0.0,620 E 31 STREET  Brooklyn,5005,50,317,CITISCAPE CONSULTING LTD,40.63576889038086,-73.94727325439453
Brooklyn,3428882,10/22/2025,8/19/2025,32119218801NB05,NB,Issued,321192188,NB,,,PERMIT ISSUED - ENTIRE JOB/WORK,28902.0,10,8,0.0,816 58 STREET  Brooklyn,5700,12,312,S M TAM ARCHITECT  PLLC,40.63616943359375,-74.00807189941406
Brooklyn,3428889,5/16/2026,8/1/2025,32198748101NB11,NB,Issued,321987481,NB,,,PERMIT ISSUED - ENTIRE JOB/WORK,6567.0,1,2,0.0,149 EXETER ST  Brooklyn,8737,32,315,ZPROEKT,40.578880310058594,-73.9482421875
Brooklyn,3428895,10/30/2025,4/9/2025,32062709601NB12,NB,Issued,320627096,NB,,,PERMIT ISSUED - ENTIRE JOB/WORK,185294.0,233,30,0.0,77 COMMERCIAL STREET  Brooklyn,2472,410,301,CETRARUDDY ARCHITECTURE DPC,40.73799133300781,-73.95707702636719
BROOKLYN,3428903,6/27/2026,8/6/2025,B00517454-I1-GC,General Construction,Permit Issued,B00517454-I1,New Building,,,Permit Entire,5884.830078125,7,3,800000.0,9318 AVENUE D  BROOKLYN,8126,44,318,OWR DEVELOPERS LLC,40.648048400878906,-73.91011810302734
Brooklyn,3428909,11/20/2025,4/25/2025,34079980801NB05,NB,Issued,340799808,NB,,,PERMIT ISSUED - ENTIRE JOB/WORK,8950.0,1,3,0.0,2121 EAST 4TH STREET  Brooklyn,7107,245,315,J.L. RAMIREZ ARCHITECT  P.C.,40.5985107421875,-73.96766662597656
Brooklyn,3428926,10/31/2025,10/31/2024,32159074701NB03,NB,Issued,321590747,NB,,,PERMIT ISSUED - ENTIRE JOB/WORK,11881.0,10,5,0.0,423 HERKIMER STREET  Brooklyn,1864,48,303,FULCRUM ARCHITECTURE DPC,40.679298400878906,-73.93939971923828
Brooklyn,3428936,2/12/2026,9/4/2025,32091262401NB01,NB,Issued,320912624,NB,,,PERMIT ISSUED - PARTIAL JOB,5244.0,5,4,0.0,11 WILSON AVE  Brooklyn,3155,108,304,OMF ARCHITECT PC,40.70355987548828,-73.93032836914062
BROOKLYN,3428937,12/10/2025,5/20/2025,B01023706-I1-GC,General Construction,Permit Issued,B01023706-I1,ALT-CO - New Building with Existing Elements to Remain,,,Permit Entire,94585.0,0,7,20000.0,1882 BROADWAY  BROOKLYN,1535,25,316,SUCCESS DEVELOPERS LLC,40.68037033081055,-73.90660858154297
Brooklyn,3428942,8/27/2026,9/10/2025,32158870501NB05,NB,Issued,321588705,NB,,,PERMIT ISSUED - ENTIRE JOB/WORK,116662.0,120,10,0.0,126 SANDFORD STREET  Brooklyn,1736,34,303,STEPHEN B JACOBS GROUP PC,40.69532012939453,-73.95350646972656
Brooklyn,3428945,3/22/2026,6/25/2025,32159450101NB10,NB,Issued,321594501,NB,,,PERMIT ISSUED - ENTIRE JOB/WORK,6392.0,6,4,0.0,249 EVERGREEN AVENUE  Brooklyn,3243,5,304,INFOCUS,40.696109771728516,-73.92674255371094
Brooklyn,3428957,6/30/2026,6/30/2025,32160025501NB01,NB,Issued,321600255,NB,,,PERMIT ISSUED - ENTIRE JOB/WORK,10603.0,8,4,0.0,635 CHAUNCEY STREET  Brooklyn,3444,18,304,STAT ARCHITECTURE PC,40.6832389831543,-73.90946960449219
Brooklyn,3428959,12/8/2025,5/29/2025,34077667201NB03,NB,Issued,340776672,NB,,,PERMIT ISSUED - ENTIRE JOB/WORK,9641.0,2,3,0.0,4818 19 AVE  Brooklyn,5450,47,312,ASHER HERSHKOWITZ ARCHITECT PLLC,40.62717056274414,-73.97865295410156
Brooklyn,3428967,2/24/2026,6/5/2025,32106972101NB07,NB,Issued,321069721,NB,,,PERMIT ISSUED - ENTIRE JOB/WORK,16213.0,21,5,0.0,142 HURON STREET  Brooklyn,2532,31,301,BLUARCH LLC,40.732688903808594,-73.95567321777344
BROOKLYN,3428986,12/5/2025,12/5/2024,B00497202-S4-CC,Curb Cut,Signed-off,B00497202-S4,New Building,,,Permit Entire,163596.0,48,8,0.0,330 WALLABOUT STREET  BROOKLYN,2265,7503,301,GALAXY DEVELOPERS LLC,40.70085144042969,-73.94986724853516
BROOKLYN,3428987,2/20/2026,2/20/2025,B00497203-I1-GC,General Construction,Permit Issued,B00497203-I1,New Building,,,Permit Entire,149119.0,38,8,10000.0,322 WALLABOUT STREET  BROOKLYN,2265,7504,301,GALAXY DEVELOPERS LLC,40.70077896118164,-73.94998931884766
Brooklyn,3428999,10/25/2025,6/25/2025,32206818701NB10,NB,Issued,322068187,NB,,,PERMIT ISSUED - ENTIRE JOB/WORK,10685.0,7,6,0.0,738 5TH AVENUE  Brooklyn,649,40,307,HPL ENGINEERING P.C.,40.659908294677734,-73.99532318115234
Brooklyn,3429006,6/8/2026,7/28/2025,32176628201NB08,NB,Issued,321766282,NB,,,PERMIT ISSUED - ENTIRE JOB/WORK,8452.0,10,4,0.0,283 WARWICK STREET  Brooklyn,3967,10,305,P. GEORGOPOULOS ARCHITECT PC,40.67694091796875,-73.88648223876953
Brooklyn,3429020,3/31/2026,4/7/2025,32138448001NB10,NB,Issued,321384480,NB,,,PERMIT ISSUED - ENTIRE JOB/WORK,46237.0,20,4,0.0,544 CLINTON AVENUE  Brooklyn,2010,59,302,MORRIS ADJMI ARCHITECTS,40.68191909790039,-73.96695709228516
Brooklyn,3429034,2/27/2026,3/25/2025,34074435001NB04,NB,Issued,340744350,NB,,,PERMIT ISSUED - ENTIRE JOB/WORK,5720.0,3,3,0.0,21 CONSELYEA STREET  Brooklyn,2751,44,301,DESIGN STUDIO ASSOCIATES,40.71485900878906,-73.95073699951172
Brooklyn,3429052,7/18/2026,9/29/2025,32159980001NB04,NB,Issued,321599800,NB,,,PERMIT ISSUED - ENTIRE JOB/WORK,15475.0,1,2,0.0,886 EAST 24 STREET  Brooklyn,7569,1,314,CETRA RUDDY ARCHITECTURE DPC,40.62873840332031,-73.95336151123047
BROOKLYN,3429064,10/24/2025,10/24/2024,B00656077-S1-FO-EA,Foundation Earth Work,Permit Issued,B00656077-S1,New Building,,,Permit Entire,5940.0,2,2,50000.0,903 EAST   93 STREET  BROOKLYN,8126,17,318,W.JAKE CONSTRUCTION CORP,40.647029876708984,-73.90950012207031
Brooklyn,3429073,3/29/2026,6/5/2025,32158860701NB07,NB,Issued,321588607,NB,,,PERMIT ISSUED - ENTIRE JOB/WORK,19644.0,0,7,0.0,461 EAST NEW YORK AVENUE  Brooklyn,1331,56,309,Z ARCHITECTURE PLLC,40.661991119384766,-73.94745635986328
Brooklyn,3429077,12/27/2025,4/8/2025,32160076301NB01,NB,Issued,321600763,NB,,,PERMIT ISSUED - ENTIRE JOB/WORK,6549.0,7,4,0.0,187 CHAUNCEY STREET  Brooklyn,1687,76,303,GERALD J. CALIENDO  R.A.  A.I.A.,40.680850982666016,-73.92755889892578
Brooklyn,3429078,12/27/2025,1/16/2025,32160079001NB02,NB,Issued,321600790,NB,,,PERMIT ISSUED - ENTIRE JOB/WORK,21446.0,18,5,0.0,121 VERNON AVENUE  Brooklyn,1755,54,303,GERALD J. CALIENDO  R.A.  A.I.A.,40.695068359375,-73.9472885131836
Brooklyn,3429080,3/29/2026,6/5/2025,32158804601NB10,NB,Issued,321588046,NB,,,PERMIT ISSUED - ENTIRE JOB/WORK,65730.0,60,6,0.0,408 LEFFERTS AVENUE  Brooklyn,1331,5,309,Z ARCHITECTURE PLLC,40.662269592285156,-73.94759368896484
Brooklyn,3429084,12/10/2025,5/8/2025,32138638001NB09,NB,Issued,321386380,NB,,,PERMIT ISSUED - ENTIRE JOB/WORK,14389.0,14,8,0.0,624 METROPOLITAN AVENUE  Brooklyn,2762,14,301,NATHAN RICH  RA,40.71392059326172,-73.94818878173828
Brooklyn,3429094,10/29/2025,6/30/2025,32159827701NB03,NB,Issued,321598277,NB,,,PERMIT ISSUED - ENTIRE JOB/WORK,58090.0,67,8,0.0,170 FREEMAN STREET  Brooklyn,2513,6,301,ISMAEL LEYVA ARCHITECTS,40.73426055908203,-73.9546127319336
Brooklyn,3429109,10/29/2025,3/4/2025,34079766801NB09,NB,Issued,340797668,NB,,,PERMIT ISSUED - ENTIRE JOB/WORK,14383.0,1,3,0.0,975 OCEAN PARKWAY  Brooklyn,6519,55,312,J.L. RAMIREZ ARCHITECT  P.C.,40.624820709228516,-73.96994018554688
Brooklyn,3429120,8/26/2026,8/29/2025,32159902501NB01,NB,Issued,321599025,NB,,,PERMIT ISSUED - ENTIRE JOB/WORK,19439.0,0,5,0.0,498 BEDFORD AVE  Brooklyn,2168,36,301,IMC ARCHITECTURE,40.70650863647461,-73.96411895751953
Brooklyn,3429122,8/8/2026,10/16/2025,32203480101NB10,NB,Issued,322034801,NB,,,PERMIT ISSUED - ENTIRE JOB/WORK,9704.0,2,3,0.0,2137 58 STREET  Brooklyn,5501,59,312,ENGINEERING PROFESSIONAL SVCS PC,40.618778228759766,-73.97836303710938
Brooklyn,3429126,12/27/2025,12/23/2024,32160061001NB02,NB,Issued,321600610,NB,,,PERMIT ISSUED - ENTIRE JOB/WORK,3695.0,3,4,0.0,175 BUFFALO AVENUE  Brooklyn,1363,7,308,UNION STREET STUDIO  LLC,40.67335891723633,-73.92481994628906
Brooklyn,3429127,4/1/2026,5/30/2025,32205397801NB05,NB,Issued,322053978,NB,,,PERMIT ISSUED - ENTIRE JOB/WORK,5741.0,0,1,0.0,272 SCHENECTADY AVENUE  Brooklyn,1389,35,308,MD SZERBATY & ASSOCIATES ARCHITE,40.669559478759766,-73.93431854248047
Brooklyn,3429128,12/27/2025,12/23/2024,32160060101NB02,NB,Issued,321600601,NB,,,PERMIT ISSUED - ENTIRE JOB/WORK,2280.0,2,3,0.0,17 LOUIS PLACE  Brooklyn,1561,9,303,UNION STREET STUDIO  LLC,40.677268981933594,-73.91706848144531
Brooklyn,3429130,12/27/2025,2/4/2025,32160062901NB02,NB,Issued,321600629,NB,,,PERMIT ISSUED - ENTIRE JOB/WORK,3875.0,4,4,0.0,175 SUMPTER STREET  Brooklyn,1519,63,303,UNION STREET STUDIO  LLC,40.68035888671875,-73.91877746582031
Brooklyn,3429131,12/27/2025,12/23/2024,32160063801NB02,NB,Issued,321600638,NB,,,PERMIT ISSUED - ENTIRE JOB/WORK,3745.0,3,4,0.0,261 MARION STREET  Brooklyn,1514,59,303,UNION STREET STUDIO  LLC,40.68109893798828,-73.91889953613281
Brooklyn,3429132,12/27/2025,12/23/2024,32160067401NB02,NB,Issued,321600674,NB,,,PERMIT ISSUED - ENTIRE JOB/WORK,3599.0,3,4,0.0,1717 LINCOLN PLACE  Brooklyn,1474,65,316,UNION STREET STUDIO  LLC,40.66925811767578,-73.91886901855469
Brooklyn,3429134,4/25/2026,4/25/2025,32159044401NB04,NB,Issued,321590444,NB,,,PERMIT ISSUED - ENTIRE JOB/WORK,40336.0,37,7,0.0,639 DEKALB AVENUE  Brooklyn,1774,77,303,MAGNUSSON ARCHITECTURE AND PLANN,40.691688537597656,-73.95060729980469
BROOKLYN,3429135,11/30/2025,8/14/2025,B00554552-S3-EW-SD,Standpipe,Permit Issued,B00554552-S3,New Building,,,Permit Entire,31198.0,0,4,1000.0,1504 AVENUE L  BROOKLYN,6734,101,314,TARGET PIPING NY LLC,40.62017822265625,-73.96019744873047
BROOKLYN,3429142,5/7/2026,5/7/2025,B00550841-S6-GC-CX,Structural General Construction Foundation,Permit Issued,B00550841-S6,New Building,,,Permit Entire,3844.0,2,3,0.0,423 78 STREET  BROOKLYN,5961,67,310,SAPOL CONSTRUCTION LLC,40.628501892089844,-74.02519226074219
Brooklyn,3429160,4/30/2026,4/30/2025,32159033701NB03,NB,Issued,321590337,NB,,,PERMIT ISSUED - ENTIRE JOB/WORK,45333.0,45,7,0.0,652 DEKALB AVENUE  Brooklyn,1779,22,303,MAGNUSSON ARCHITECTURE AND PLANN,40.69124984741211,-73.95037841796875
Brooklyn,3429168,12/27/2025,12/23/2024,32160074501NB02,NB,Issued,321600745,NB,,,PERMIT ISSUED - ENTIRE JOB/WORK,3646.0,3,4,0.0,398 HOWARD AVENUE  Brooklyn,1451,40,316,UNION STREET STUDIO  LLC,40.674129486083984,-73.9197769165039
Brooklyn,3429176,5/8/2026,4/23/2025,32203365101NB09,NB,Issued,322033651,NB,,,PERMIT ISSUED - ENTIRE JOB/WORK,40706.0,28,5,0.0,1054 41 STREET  Brooklyn,5591,27,312,ANGELO NG & ANTHONY NG ARCHITECT,40.642520904541016,-73.992919921875
Brooklyn,3429200,5/22/2026,5/15/2025,32158965101NB04,NB,Issued,321589651,NB,,,PERMIT ISSUED - ENTIRE JOB/WORK,17143.0,43,8,0.0,2239 CHURCH AVENUE  Brooklyn,5089,64,314,MICHAEL KANG ARCHITECT  P.C.,40.65073013305664,-73.95738220214844
Brooklyn,3429223,9/15/2026,9/15/2025,32119622801NB02,NB,Issued,321196228,NB,,,PERMIT ISSUED - PARTIAL JOB,24246.0,53,7,0.0,120 THATFORD AVENUE  Brooklyn,3522,32,316,M.S. SAVANI ARCHITECT  PC,40.668819427490234,-73.90982055664062
BROOKLYN,3429226,12/4/2025,10/1/2025,B00611202-S9-EW-SD,Standpipe,Permit Issued,B00611202-S9,New Building,,,Permit Entire,322097.0,320,22,1000.0,417 CARROLL STREET  BROOKLYN,439,1,306,G.N.T. MECHANICAL LLC,40.67890167236328,-73.98809051513672
Brooklyn,3429227,10/28/2025,1/13/2025,32180582801NB04,NB,Issued,321805828,NB,,,PERMIT ISSUED - ENTIRE JOB/WORK,219520.0,279,8,0.0,65 DUPONT STREET  Brooklyn,2487,17,301,ODA OFFICE FOR DESIGN & ARCHITEC,40.735958099365234,-73.95802307128906
Brooklyn,3429228,10/28/2025,12/10/2024,32180585501NB04,NB,Issued,321805855,NB,,,PERMIT ISSUED - ENTIRE JOB/WORK,160107.0,194,7,0.0,75 DUPONT STREET  Brooklyn,2487,18,301,ODA OFFICE FOR DESIGN & ARCHITEC,40.73601150512695,-73.95709991455078
BROOKLYN,3429244,1/2/2026,1/2/2025,B00587387-S5-PL,Plumbing,Permit Issued,B00587387-S5,New Building,,,Permit Entire,299856.0,311,18,1000.0,89 MASPETH AVENUE  BROOKLYN,2885,1,301,PANILI PLUMBING & HTG LLC,40.7164306640625,-73.93914794921875
Brooklyn,3429247,4/25/2026,4/25/2025,32160049701NB06,NB,Issued,321600497,NB,,,PERMIT ISSUED - ENTIRE JOB/WORK,48236.0,44,11,0.0,487 FOURTH AVENUE  Brooklyn,1028,7,306,AUFGANG ARCHITECTS,40.66825866699219,-73.9900131225586
BROOKLYN,3429257,2/6/2026,6/24/2025,B00662334-I1-GC,General Construction,Permit Issued,B00662334-I1,New Building,,,Permit Entire,4035.0,5,3,80700.0,461 EAST   26 STREET  BROOKLYN,5213,72,317,ACE MAINTENANCE USA LLC,40.63898849487305,-73.95189666748047
BROOKLYN,3429263,4/16/2026,4/16/2025,B00651631-S2-GC-CX,Structural General Construction Foundation,Permit Issued,B00651631-S2,New Building,,,Permit Entire,2823.419921875,2,4,92000.0,511 JEROME STREET  BROOKLYN,4062,20,305,ALNAYA BUILDERS INC,40.66883087158203,-73.88536071777344
BROOKLYN,3429275,12/6/2025,12/6/2024,B00624212-S3-ST,Structural,Signed-off,B00624212-S3,New Building,,,Permit Entire,100012.6015625,43,6,1000.0,127 KENT AVENUE  BROOKLYN,2325,1,301,TARGET CONSTRUCTION LLC,40.71976089477539,-73.96179962158203
BROOKLYN,3429276,12/31/2025,9/3/2025,B08013472-S2-SE,Support of Excavation,Permit Issued,B08013472-S2,New Building,,,Permit Entire,22108.2890625,1,4,0.0,486 FLUSHING AVENUE  BROOKLYN,1717,29,303,JHZ CONSULTING SERVICES *,40.69900131225586,-73.95497131347656
BROOKLYN,3429285,10/22/2025,10/22/2024,B00518348-S2-PL,Plumbing,Permit Issued,B00518348-S2,New Building,,,Permit Entire,2087.0,0,1,44000.0,972 REMSEN AVENUE  BROOKLYN,7968,43,318,LG ELITE PLUMBING INC,40.644378662109375,-73.9110336303711
BROOKLYN,3429288,4/25/2026,4/28/2025,B00725078-I1-GC,General Construction,Permit Issued,B00725078-I1,New Building,,,Permit Entire,2203.97998046875,3,3,88159.203125,488 JAMAICA AVENUE  BROOKLYN,3909,9,305,J.K.CONSTRUCTION NEW YORK,40.6839599609375,-73.88519287109375
BROOKLYN,3429289,4/25/2026,4/28/2025,B00697428-I1-GC,General Construction,Permit Issued,B00697428-I1,New Building,,,Permit Entire,2391.429931640625,3,3,88159.203125,490 JAMAICA AVENUE  BROOKLYN,3909,10,305,J.K.CONSTRUCTION NEW YORK,40.68397903442383,-73.88514709472656
BROOKLYN,3429290,4/25/2026,4/28/2025,B00727356-I1-GC,General Construction,Permit Issued,B00727356-I1,New Building,,,Permit Entire,2667.0,3,3,106678.796875,496 JAMAICA AVENUE  BROOKLYN,3909,12,305,J.K.CONSTRUCTION NEW YORK,40.68404006958008,-73.885009765625
BROOKLYN,3429291,2/6/2026,7/22/2025,B00538066-I1-GC,General Construction,Permit Issued,B00538066-I1,New Building,,,Permit Entire,5202.0,5,3,104040.0,459 EAST   26 STREET  BROOKLYN,5213,73,317,ACE MAINTENANCE USA LLC,40.63901138305664,-73.95189666748047
Brooklyn,3429293,1/14/2026,1/14/2025,32159894501NB01,NB,Issued,321598945,NB,,,PERMIT ISSUED - ENTIRE JOB/WORK,10473.0,10,4,0.0,710 BLAKE AVENUE  Brooklyn,3791,25,305,PM ARCHITECTURE PC,40.66817855834961,-73.8924331665039
BROOKLYN,3429298,12/1/2025,7/7/2025,B00710980-S4-ST,Structural,Permit Issued,B00710980-S4,New Building,,,Permit Entire,58777.0,0,5,4.864318E7,280 SENATOR STREET  BROOKLYN,5853,45,310,ARNELL CONSTRUCTION CORP,40.63703155517578,-74.02588653564453
BROOKLYN,3429314,10/25/2025,10/25/2024,B59558434-S4-PL,Plumbing,Signed-off,B00685211-S4,New Building,,,Permit Entire,100000.0,153,13,60000.0,223 LINDEN STREET  BROOKLYN,3325,60,304,MADISON PIPE CONSULT INC,40.69633865356445,-73.9168701171875
BROOKLYN,3429317,12/3/2025,4/16/2025,B00664860-S1-ST,Structural,Permit Issued,B00664860-S1,New Building,,,Permit Entire,343709.59375,324,30,1000.0,89 DEKALB AVENUE  BROOKLYN,2085,15,302,LRC CONSTRUCTION LLC,40.69023132324219,-73.9797592163086
BROOKLYN,3429322,12/27/2025,6/10/2025,B00678425-S3-ST,Structural,Permit Issued,B00678425-S3,New Building,,,Permit Entire,94101.0,92,11,2000.0,556 BALTIC STREET  BROOKLYN,407,1,306,C N S BUILDERS LLC,40.68115997314453,-73.98323059082031
BROOKLYN,3429324,12/1/2025,12/5/2024,B00735747-S1-EW-SP,Sprinklers,Permit Issued,B00735747-S1,New Building,,,Permit Entire,11878.0,1,4,300000.0,1116 MADISON STREET  BROOKLYN,3368,25,304,HF GROUP PLMBG & SPNKLER,40.69198989868164,-73.91574096679688
Brooklyn,3429327,7/8/2026,6/17/2025,32158323801NB09,NB,Issued,321583238,NB,,,PERMIT ISSUED - ENTIRE JOB/WORK,960869.0,1050,40,0.0,625 FULTON STREET  Brooklyn,2094,1,302,SALAMON ENGINEERING PLLC,40.688961029052734,-73.97981262207031
BROOKLYN,3429329,10/28/2025,10/28/2024,B00653731-Z1-SE,Support of Excavation,Permit Issued,B00653731-Z1,New Building,,,Permit Entire,235482.09375,168,6,20000.0,970 FRANKLIN AVENUE  BROOKLYN,1192,66,309,URBAN FOUNDATION ENGINEER,40.66511154174805,-73.96045684814453
Brooklyn,3429336,7/8/2026,6/17/2025,32160038001NB05,NB,Issued,321600380,NB,,,PERMIT ISSUED - ENTIRE JOB/WORK,53875.0,52,5,0.0,12 ROCKWELL PLACE  Brooklyn,2094,8,302,HAMISH WHITEFIELD ARCHITECTS,40.688961029052734,-73.97981262207031
Brooklyn,3429351,2/12/2026,3/31/2025,30099521601NB05,NB,Issued,300995216,NB,,,PERMIT ISSUED - ENTIRE JOB/WORK,2800.0,0,1,0.0,525 EAST 80 STREET  Brooklyn,7959,39,318,VALENTINO POMPEO ARCHITECT PC,40.64044952392578,-73.91831970214844
Brooklyn,3429352,1/8/2026,1/8/2025,32159896301NB01,NB,Issued,321598963,NB,,,PERMIT ISSUED - ENTIRE JOB/WORK,5237.0,4,3,0.0,562 SNEDIKER AVENUE  Brooklyn,3833,47,305,PM ARCHITECTURE PC,40.66123962402344,-73.89893341064453
Brooklyn,3429353,12/27/2025,1/8/2025,32159930101NB01,NB,Issued,321599301,NB,,,PERMIT ISSUED - ENTIRE JOB/WORK,4831.0,4,3,0.0,679 BLAKE AVENUE  Brooklyn,3773,56,305,PM ARCHITECTURE PC,40.66814041137695,-73.89359283447266
BROOKLYN,3429366,11/21/2025,10/7/2025,B00698117-S5-PL,Plumbing,Permit Issued,B00698117-S5,New Building,,,Permit Entire,321747.0,354,7,2000.0,2366 BEDFORD AVENUE  BROOKLYN,5133,46,314,MPI PLUMBING CORP,40.645790100097656,-73.95594787597656
BROOKLYN,3429367,4/1/2026,4/2/2025,B00740170-I1-GC,General Construction,Permit Issued,B00740170-I1,New Building,,,Permit Entire,646.0,0,1,1000000.0,318 DUMONT AVENUE  BROOKLYN,3576,1,316,AKS INTERNATIONAL INC,40.66426086425781,-73.908203125
BROOKLYN,3429368,4/1/2026,4/2/2025,B00740260-I1-GC,General Construction,Permit Issued,B00740260-I1,New Building,,,Permit Entire,646.0,0,1,1000000.0,320 DUMONT AVENUE  BROOKLYN,3576,1,316,AKS INTERNATIONAL INC,40.66426086425781,-73.908203125
BROOKLYN,3429370,4/1/2026,4/2/2025,B00741527-I1-GC,General Construction,Permit Issued,B00741527-I1,New Building,,,Permit Entire,646.0,0,1,1000000.0,352 DUMONT AVENUE  BROOKLYN,3576,1,316,AKS INTERNATIONAL INC,40.66447830200195,-73.90669250488281
Brooklyn,3429371,7/1/2026,9/5/2025,32208541701NB03,NB,Issued,322085417,NB,,,PERMIT ISSUED - ENTIRE JOB/WORK,58794.0,59,6,0.0,99 GRANITE STREET  Brooklyn,3457,49,304,MARIN ARCHITECTS  P.C,40.6845703125,-73.90619659423828
BROOKLYN,3429376,4/30/2026,9/19/2025,B00819382-S6-EW-SP,Sprinklers,Permit Issued,B00819382-S6,New Building,,,Permit Entire,10601.0,2,4,0.0,1342 44 STREET  BROOKLYN,5611,22,312,PIPING & PLUMBING SOLUTIO,40.637001037597656,-73.98831176757812
Brooklyn,3429392,2/15/2026,3/26/2025,32158955301NB04,NB,Issued,321589553,NB,,,PERMIT ISSUED - ENTIRE JOB/WORK,2618.0,1,4,0.0,41 CHAUNCEY STREET  Brooklyn,1685,78,303,NV/DESIGN.ARCHITECTURE PLLC,40.68013000488281,-73.93428039550781
BROOKLYN,3429397,2/22/2026,7/25/2025,B00684074-S1-EW-SD,Standpipe,Permit Issued,B00684074-S1,New Building,,,Permit Entire,69730.5,60,8,1000.0,705 FRANKLIN AVENUE  BROOKLYN,1231,1,308,MEGA PLBG CORP,40.67433166503906,-73.95633697509766
BROOKLYN,3429398,12/1/2025,4/10/2025,B08021996-S3-SE,Support of Excavation,Permit Issued,B08021996-S3,New Building,,,Permit Entire,144052.0,184,8,1000.0,890 ERSKINE STREET  BROOKLYN,4586,926,305,MONADNOCK CONSTRUCTION IN,40.65705108642578,-73.86892700195312
BROOKLYN,3429402,11/15/2025,11/15/2024,B00564411-I1-GC,General Construction,Permit Issued,B00564411-I1,New Building,,,Permit Entire,137305.0,163,23,1000.0,570 FULTON STREET  BROOKLYN,2106,35,302,DEVELOPING NY STATE LLC,40.68824005126953,-73.97982788085938
BROOKLYN,3429412,4/8/2026,9/16/2025,B00716440-S3-EW-SD,Standpipe,Permit Issued,B00716440-S3,New Building,,,Permit Entire,69678.0,87,6,2000.0,492 THOMAS S BOYLAND STREET  BROOKLYN,3518,46,316,METFLOW FIRE CONTROL LLC,40.668548583984375,-73.9136962890625
BROOKLYN,3429422,12/31/2025,3/11/2025,B00520132-I1-GC,General Construction,Permit Issued,B00520132-I1,New Building,,,Permit Entire,395643.0,375,13,2.0E7,11 OCEAN PARKWAY  BROOKLYN,5322,10,307,PAVARINI MCGOVERN LLC,40.650169372558594,-73.97264099121094
BROOKLYN,3429425,2/6/2026,2/6/2025,B00795046-S3-ST,Structural,Permit Issued,B00795046-S3,New Building,,,Permit Entire,75186.0,0,3,3000000.0,106 AVENUE X  BROOKLYN,7208,12,313,TECHNICO CONSTRUCTION,40.589149475097656,-73.9793701171875
Brooklyn,3429442,2/15/2026,3/26/2025,32158956201NB04,NB,Issued,321589562,NB,,,PERMIT ISSUED - ENTIRE JOB/WORK,2388.0,1,3,0.0,41 CHAUNCEY STREET  Brooklyn,1685,78,303,NV/DESIGN.ARCHITECTURE PLLC,40.680179595947266,-73.9343032836914
BROOKLYN,3429445,4/27/2026,4/28/2025,B00696392-S1-SE,Support of Excavation,Permit Issued,B00696392-S1,New Building,,,Permit Entire,143320.0,213,11,2000.0,1832 FULTON STREET  BROOKLYN,1703,9,303,ON STAR MANAGEMENT LLC,40.678890228271484,-73.92656707763672
BROOKLYN,3429453,4/26/2026,5/19/2025,B00793903-I1-GC,General Construction,Permit Issued,B00793903-I1,New Building,,,Permit Entire,4122.85986328125,3,3,105270.0,50 BAY   20 STREET  BROOKLYN,6370,76,311,LXC CONSTRUCTION INC,40.605411529541016,-74.00222778320312
BROOKLYN,3429476,11/12/2025,9/24/2025,B08048599-I1-GC-CX,Mechanical Systems Structural General Construction,Permit Issued,B08048599-I1,New Building,,,Permit Entire,2840.60009765625,2,2,426090.0,2960 VOORHIES AVENUE  BROOKLYN,8795,5,315,DIMEX GROUP INC,40.58723831176758,-73.93795776367188
BROOKLYN,3429483,12/16/2025,12/17/2024,B08024520-I1-GC,General Construction,Permit Issued,B08024520-I1,New Building,,,Permit Entire,94524.0,0,3,1000.0,46 VERONA STREET  BROOKLYN,523,1,306,NATIONAL ENVIROMENTAL SAF,40.67892074584961,-74.00752258300781
BROOKLYN,3429488,11/12/2025,9/24/2025,B08048604-I1-GC-CX,Structural General Construction,Permit Issued,B08048604-I1,New Building,,,Permit Entire,300.0,0,1,45000.0,2956GAR VOORHIES AVENUE  BROOKLYN,8795,3,315,DIMEX GROUP INC,40.58723068237305,-73.93805694580078
BROOKLYN,3429490,11/14/2025,11/14/2024,B00774823-S8-EW-SP,Sprinklers,Permit Issued,B00774823-S8,New Building,,,Permit Entire,209056.0,105,7,0.0,323 BERGEN STREET  BROOKLYN,198,48,302,FIVE BOROUGH NYC LLC,40.68296813964844,-73.9808120727539
BROOKLYN,3429497,12/11/2025,5/2/2025,B00852677-I1-GC-CX,Structural General Construction Foundation,Permit Issued,B00852677-I1,New Building,,,Permit Entire,5316.0,3,4,1000.0,354 DEAN STREET  BROOKLYN,198,132,302,JONICO CONSTRUCTION LLC,40.68315887451172,-73.97989654541016
BROOKLYN,3429498,2/14/2026,2/14/2025,B08053369-I1-GC,General Construction,Permit Issued,B08053369-I1,ALT-CO - New Building with Existing Elements to Remain,,Yes,Permit Entire,9689.0,2,3,2074900.0,406 WILLOUGHBY AVENUE  BROOKLYN,1763,37,303,THB CUSTOM BUILDERS INC,40.692970275878906,-73.9541015625
Brooklyn,3429501,2/22/2026,9/8/2025,32160102101NB06,NB,Issued,321601021,NB,,,PERMIT ISSUED - ENTIRE JOB/WORK,52524.0,44,5,0.0,575 PARK PLACE  Brooklyn,1163,90,308,MAGNUSSON ARCHITECTURE AND PLANN,40.67499923706055,-73.95881652832031
BROOKLYN,3429518,4/8/2026,6/3/2025,B00692150-S9-SE,Support of Excavation,Permit Issued,B00692150-S9,New Building,,,Permit Entire,5776.0,0,1,1000.0,15 FIELD DRIVE  BROOKLYN,4586,525,305,APEX BUILDING COMPANY INC,40.65460968017578,-73.86466217041016
Brooklyn,3429537,1/1/2026,12/11/2024,32159514501NB08,NB,Issued,321595145,NB,,,PERMIT ISSUED - ENTIRE JOB/WORK,374336.0,441,44,0.0,90 FLATBUSH AVENUE  Brooklyn,174,7502,302,ALLOY DESIGN  LLP,40.6856689453125,-73.97899627685547
Brooklyn,3429539,4/1/2026,8/27/2025,32158912501NB09,NB,Issued,321589125,NB,,,PERMIT ISSUED - ENTIRE JOB/WORK,49200.0,57,9,0.0,1038 BROADWAY  Brooklyn,1593,35,303,MARVEL ARCHITECTS,40.69524002075195,-73.9327163696289
BROOKLYN,3429553,5/9/2026,5/9/2025,B00813913-S3-ST,Structural,Permit Issued,B00813913-S3,New Building,,,Permit Entire,22157.0,3,6,100.0,60 GERRY STREET  BROOKLYN,2269,3,301,GALAXY DEVELOPERS LLC,40.70137023925781,-73.94757843017578
BROOKLYN,3429561,12/10/2025,12/10/2024,B00819474-I1-GC,General Construction,Permit Issued,B00819474-I1,New Building,,,Permit Entire,1695.0,0,1,1266126.0,20 FURMAN STREET  BROOKLYN,199,3,302,L&K PARTNERS  INC,40.699710845947266,-73.99809265136719
BROOKLYN,3429564,11/19/2025,8/8/2025,B00827360-S6-EW-SP,Sprinklers,Permit Issued,B00827360-S6,New Building,,,Permit Entire,4141.10009765625,2,4,10000.0,314 FENIMORE STREET  BROOKLYN,5044,23,309,EXPERT FIRE SPRINKLER LLC,40.658390045166016,-73.9520492553711
BROOKLYN,3429577,2/12/2026,2/12/2025,B00832545-S1-FN,Construction Fence,Permit Issued,B00832545-S1,New Building,,,Permit Entire,3150.0,1,3,0.0,47 AMHERST STREET  BROOKLYN,8727,47,315,GV IMPERIAL CONSTGROUP IN,40.58068084716797,-73.95233917236328
BROOKLYN,3429587,11/7/2025,11/7/2024,B00680820-I1-GC,General Construction,Permit Issued,B00680820-I1,New Building,,,Permit Entire,103891.0,110,13,1.0E8,77 KOSCIUSZKO STREET  BROOKLYN,1778,55,303,ON STAR MANAGEMENT LLC,40.690521240234375,-73.95233917236328
Brooklyn,3429595,10/29/2025,11/25/2024,32159011301NB06,NB,Issued,321590113,NB,,,PERMIT ISSUED - ENTIRE JOB/WORK,446433.0,569,51,0.0,180 ASHLAND PLACE  Brooklyn,2095,26,302,SLCE ARCHITECTS,40.68941116333008,-73.97881317138672
BROOKLYN,3429599,12/31/2025,9/11/2025,B00680267-S4-SE,Support of Excavation,Permit Issued,B00680267-S4,New Building,,,Permit Entire,448743.0,483,40,100.0,30 WHARF DRIVE  BROOKLYN,2570,30,301,NINTH AVE CONSTRUCTION GR,40.726470947265625,-73.96105194091797
Brooklyn,3429611,12/28/2025,2/24/2025,34080336701NB06,NB,Issued,340803367,NB,,,PERMIT ISSUED - ENTIRE JOB/WORK,33462.0,29,9,0.0,585 ARGYLE ROAD  Brooklyn,5199,37,314,CYCLE ARCHITECTURE + PLANNING,40.63499069213867,-73.9649429321289
BROOKLYN,3429618,5/13/2026,5/15/2025,B00871488-S3-GC-CX,Structural General Construction Foundation,Permit Issued,B00871488-S3,New Building,,,Permit Entire,6875.02978515625,9,4,0.0,1811 NOSTRAND AVENUE  BROOKLYN,4947,62,317,OVERHEAD MANAGEMENT LLC,40.64176940917969,-73.94859313964844
Brooklyn,3429620,11/13/2025,11/13/2024,32159803501NB03,NB,Issued,321598035,NB,,,PERMIT ISSUED - ENTIRE JOB/WORK,85757.0,0,5,0.0,15 PARKVILLE AVE  Brooklyn,5441,22,312,IMC ARCHITECTURE DPC,40.62855911254883,-73.97708129882812
Brooklyn,3429621,2/25/2026,2/25/2025,32160050301NB05,NB,Issued,321600503,NB,,,PERMIT ISSUED - ENTIRE JOB/WORK,389083.0,452,15,0.0,975 ERSKINE STREET  Brooklyn,4586,495,305,DATTNER ARCHITECTS,40.655391693115234,-73.86712646484375
BROOKLYN,3429628,1/18/2026,7/7/2025,B00885787-I1-GC-CX,Structural General Construction Foundation,Permit Issued,B00885787-I1,New Building,,,Permit Entire,3980.0,3,3,0.0,146 BAY   11 STREET  BROOKLYN,6395,67,311,DELTAMER  INC,40.607791900634766,-74.0112533569336
BROOKLYN,3429629,1/18/2026,7/7/2025,B00885297-I1-GC-CX,Structural General Construction Foundation,Permit Issued,B00885297-I1,New Building,,,Permit Entire,4330.0,3,3,0.0,148 BAY   11 STREET  BROOKLYN,6395,68,311,DELTAMER  INC,40.60773849487305,-74.01129913330078
Brooklyn,3429641,1/9/2026,1/9/2025,32160154801NB03,NB,Reissued,321601548,NB,,,PERMIT ISSUED - ENTIRE JOB/WORK,137111.0,142,13,0.0,350 LIVONIA AVENUE  Brooklyn,3811,17,316,MAGNUSSON ARCHITECTURE AND PLANN,40.66294860839844,-73.90460205078125
BROOKLYN,3429649,2/1/2026,3/25/2025,B00890375-S2-SE,Support of Excavation,Permit Issued,B00890375-S2,New Building,,,Permit Entire,11930.0,2,3,0.0,1216 56 STREET  BROOKLYN,5690,12,312,ALROSE CONSTRUCTION INC,40.631980895996094,-73.99810791015625
BROOKLYN,3429657,12/1/2025,4/24/2025,B00873882-S1-SE,Support of Excavation,Permit Issued,B00873882-S1,New Building,,,Permit Entire,79440.0,79,6,0.0,314 HINSDALE STREET  BROOKLYN,3766,42,305,MONADNOCK GEN'L CONT INC,40.6675910949707,-73.8998794555664
BROOKLYN,3429674,12/16/2025,12/16/2024,B00916023-S4-EW-SP,Sprinklers,Permit Issued,B00916023-S4,New Building,,,Permit Entire,12564.4501953125,10,6,0.0,221 FROST STREET  BROOKLYN,2857,54,301,VILLAGE P & H NY INC,40.71855163574219,-73.942138671875
BROOKLYN,3429678,12/1/2025,3/4/2025,B00851722-S4-ST,Structural,Permit Issued,B00851722-S4,New Building,,,Permit Entire,437724.0,386,15,0.0,30 INSPIRATION LANE  BROOKLYN,4434,10,305,MONADNOCK CONSTRUCTION IN,40.65203857421875,-73.88651275634766
Brooklyn,3429679,2/15/2026,3/26/2025,32158954401NB04,NB,Issued,321589544,NB,,,PERMIT ISSUED - ENTIRE JOB/WORK,2614.0,1,4,0.0,41 CHAUNCEY STREET  Brooklyn,1685,78,303,NV/DESIGN.ARCHITECTURE PLLC,40.68006896972656,-73.93427276611328
Brooklyn,3429682,2/15/2026,3/26/2025,32158953501NB04,NB,Issued,321589535,NB,,,PERMIT ISSUED - ENTIRE JOB/WORK,2453.0,1,3,0.0,39 CHAUNCEY STREET  Brooklyn,1685,78,303,NV/DESIGN.ARCHITECTURE PLLC,40.68000030517578,-73.93425750732422
BROOKLYN,3429688,12/1/2025,12/12/2024,B00616358-Z4-ST,Structural,Signed-off,B00616358-Z4,New Building,,,Permit Entire,232797.0,173,21,0.0,504 SACKETT STREET  BROOKLYN,431,12,306,URBAN ATELIER GROUP LLC,40.68001174926758,-73.98860931396484
BROOKLYN,3429696,12/11/2025,3/28/2025,B00578168-S5-PL,Plumbing,Permit Issued,B00578168-S5,New Building,,,Permit Entire,44160.0,26,11,1000.0,179 20 STREET  BROOKLYN,637,1,307,BEST MECHANICAL SVCS INC,40.663211822509766,-73.99466705322266
BROOKLYN,3429710,12/31/2025,9/11/2025,B00678680-S2-SE,Support of Excavation,Permit Issued,B00678680-S2,New Building,,,Permit Entire,132153.0,106,85,100.0,3 WEST STREET  BROOKLYN,2570,5,301,NINTH AVE CONSTRUCTION GR,40.726478576660156,-73.95928955078125
BROOKLYN,3429711,12/31/2025,9/11/2025,B00678516-S1-FO-EA,Foundation Earth Work,Permit Issued,B00678516-S1,New Building,,,Permit Entire,345447.0,303,29,100.0,7 WHARF DRIVE  BROOKLYN,2570,10,301,NINTH AVE CONSTRUCTION GR,40.72652816772461,-73.95955657958984
BROOKLYN,3429718,4/30/2026,9/30/2025,B00972461-S8-EW-SD,Standpipe,Permit Issued,B00972461-S8,New Building,,,Permit Entire,377208.0,327,14,0.0,275 CHESTNUT STREET  BROOKLYN,4143,3,305,M. EARLY PLBG & HTG CORP,40.68132019042969,-73.87438201904297
BROOKLYN,3429719,11/30/2025,1/22/2025,B00577160-S6-EW-SD,Standpipe,Permit Issued,B00577160-S6,New Building,,,Permit Entire,62405.0,63,8,100.0,151 CARLTON AVENUE  BROOKLYN,2073,21,302,TARGET PIPING NY LLC,40.69300842285156,-73.97252655029297
BROOKLYN,3429723,11/13/2025,1/2/2025,B00976212-S7-SE,Support of Excavation,Permit Issued,B00976212-S7,New Building,,,Permit Entire,8104.0,2,3,0.0,1428 55 STREET  BROOKLYN,5685,17,312,CITYSCAPE BUILDERS LLC,40.62969970703125,-73.99282836914062
BROOKLYN,3429733,11/15/2025,11/15/2024,B00986248-S4-EW-SP,Sprinklers,Permit Issued,B00986248-S4,New Building,,,Permit Entire,7534.259765625,8,5,0.0,3004 BRIGHTON    7 STREET  BROOKLYN,8676,46,313,AMOK INC,40.57950973510742,-73.96138000488281
BROOKLYN,3429743,1/7/2026,1/7/2025,B00600073-S2-ST,Structural,Permit Issued,B00600073-S2,New Building,,,Permit Entire,84131.0,70,9,1000.0,343 BOND STREET  BROOKLYN,445,1,306,TITANIUM CONSTRUCTION SER,40.67877960205078,-73.989990234375
BROOKLYN,3429754,1/16/2026,7/28/2025,B00969604-S2-ST,Structural,Permit Issued,B00969604-S2,New Building,,,Permit Entire,40231.0,0,7,0.0,927 41 STREET  BROOKLYN,5586,54,312,HIRSCHI GROUP LLC,40.64453887939453,-73.99533081054688
BROOKLYN,3429772,10/21/2025,10/21/2024,B00885893-S6-MS,Mechanical Systems,Permit Issued,B00885893-S6,New Building,,,Permit Entire,10974.0,6,6,0.0,78 1 PLACE  BROOKLYN,361,17,306,ACER CONSTRUCTION INC,40.68027877807617,-73.99787139892578
BROOKLYN,3429781,4/27/2026,6/20/2025,B00754062-S7-SE,Support of Excavation,Permit Issued,B00754062-S7,New Building,,,Permit Entire,652445.0,497,28,0.0,6202 8 AVENUE  BROOKLYN,5794,75,310,ON STAR MANAGEMENT LLC,40.63459014892578,-74.01212310791016
BROOKLYN,3429783,10/29/2025,5/22/2025,B00975043-I1-GC-CX,Structural General Construction Foundation Earth Work,Permit Issued,B00975043-I1,New Building,,,Permit Entire,240.0,1,1,0.0,2326GAR EAST    5 STREET  BROOKLYN,7156,40,315,BUILDERS JOSEPH AND SONS,40.59357833862305,-73.96636199951172
BROOKLYN,3429785,3/20/2026,3/20/2025,B01021392-I1-GC,General Construction,Permit Issued,B01021392-I1,New Building,,,Permit Entire,100.95999908447266,0,1,0.0,509 GAR QUENTIN ROAD  BROOKLYN,6637,53,315,RHY CONSTRUCTION LLC,40.60737991333008,-73.9683837890625
BROOKLYN,3429806,12/9/2025,12/9/2024,B00508976-S3-ST,Structural,Permit Issued,B00508976-S3,New Building,,,Permit Entire,3844.0,2,4,0.0,408 MONROE STREET  BROOKLYN,1820,139,303,NYC BUILDING SOLUTIONS CO,40.68621826171875,-73.94204711914062
BROOKLYN,3429809,1/17/2026,4/29/2025,B01034566-I1-GC,General Construction,Permit Issued,B01034566-I1,New Building,,,Permit Entire,100.83000183105469,0,1,0.0,1088 GAR EAST    8 STREET  BROOKLYN,6528,37,312,BARUCH BUILDERS CORP,40.6226806640625,-73.968017578125
BROOKLYN,3429813,12/11/2025,6/30/2025,B00712795-S9-PL,Plumbing,Permit Issued,B00712795-S9,New Building,,,Permit Entire,251012.703125,258,19,0.0,880 ATLANTIC AVENUE  BROOKLYN,1122,21,308,BEST MECHANICAL SVCS INC,40.68109130859375,-73.96576690673828
BROOKLYN,3429814,3/6/2026,3/6/2025,B00755555-Z6-SC,Suspended Scaffold,Permit Issued,B00755555-Z6,New Building,,,Permit Entire,60846.0,0,5,0.0,114 SNEDIKER AVENUE  BROOKLYN,3697,1,305,CRISTINA MICHAELS CONS MN,40.67258834838867,-73.90231323242188
BROOKLYN,3429818,1/10/2026,5/8/2025,B00919516-S2-SE,Support of Excavation,Permit Issued,B00919516-S2,New Building,,,Permit Entire,11818.5,0,3,0.0,2312 AVENUE U  BROOKLYN,7356,5,315,FORTRESS FORCE CONST. COR,40.599510192871094,-73.94801330566406
BROOKLYN,3429822,12/1/2025,1/28/2025,B01046312-S2-EW-SP,Sprinklers,Signed-off,B01046312-S2,New Building,,,Permit Entire,3952.0,3,3,0.0,518 THATFORD AVENUE  BROOKLYN,3626,148,316,PLBG P & H INC,40.657188415527344,-73.9068603515625
BROOKLYN,3429824,11/20/2025,2/18/2025,B01047928-S5-ST,Structural,Permit Issued,B01047928-S5,New Building,,,Permit Entire,6935.0,7,4,0.0,598 STERLING PLACE  BROOKLYN,1175,32,308,EMPIRE BUILDERS GROUP NY,40.67338943481445,-73.95880126953125
BROOKLYN,3429827,12/5/2025,6/24/2025,B00675610-S3-ST,Structural,Permit Issued,B00675610-S3,New Building,,,Permit Entire,26353.900390625,24,7,0.0,2404 CORTELYOU ROAD  BROOKLYN,5168,56,317,YCK DEVELOPERS LLC,40.6440315246582,-73.9544677734375
BROOKLYN,3429840,11/26/2025,11/26/2024,B00785125-S3-SE,Support of Excavation,Permit Issued,B00785125-S3,Alteration CO,Yes,Yes,Permit Entire,5124.0,1,2,1.0,2089 EAST FIRST STREET  BROOKLYN,7104,508,315,AVC GENERAL CONTRACTING L,40.597721099853516,-73.97035217285156
BROOKLYN,3429848,4/12/2026,8/11/2025,B01061790-S2-SE,Support of Excavation,Permit Issued,B01061790-S2,New Building,,,Permit Entire,6185.0,2,4,0.0,466 LAFAYETTE AVENUE  BROOKLYN,1950,16,303,BANAY CONSULTANTS LLC,40.689048767089844,-73.9565200805664
BROOKLYN,3429855,1/1/2026,6/25/2025,B00941733-S6-SE,Support of Excavation,Permit Issued,B00941733-S6,New Building,,,Permit Entire,59576.0,0,4,0.0,452 THOMAS S BOYLAND STREET  BROOKLYN,3496,4,316,GILBANE BUILDING COMPANY,40.66984939575195,-73.91422271728516
BROOKLYN,3429859,11/6/2025,11/6/2024,B08050677-S6-ST,Structural,Permit Issued,B08050677-S6,New Building,,,Permit Entire,117351.0,0,6,3000.0,115 55 STREET  BROOKLYN,820,58,307,SUFFOLK CONSTRUCTION COMP,40.647560119628906,-74.02146911621094
Brooklyn,3429863,10/10/2026,10/10/2025,34079548301NB02,NB,Issued,340795483,NB,,,PERMIT ISSUED - ENTIRE JOB/WORK,86021.0,121,7,0.0,1045 FLATBUSH AVENUE  Brooklyn,5132,80,314,MICHAEL KANG ARCHITECT  P.C.,40.645538330078125,-73.95771026611328
BROOKLYN,3429864,6/29/2026,6/30/2025,B01087711-S5-SE,Support of Excavation,Permit Issued,B01087711-S5,New Building,,,Permit Entire,136736.0,179,15,0.0,2952 WEST   28 STREET  BROOKLYN,7052,1,313,MEGA CONTRACTING GP LLC,40.57432174682617,-73.99439239501953
BROOKLYN,3429866,11/17/2025,9/3/2025,B01117086-S6-PL,Plumbing,Permit Issued,B01117086-S6,New Building,,,Permit Entire,3617.0,3,3,0.0,1063 57 STREET  BROOKLYN,5688,53,312,WNW & SONS PLBG & HTG INC,40.633758544921875,-74.00208282470703
BROOKLYN,3429880,12/1/2025,8/26/2025,B01072781-S7-SE,Support of Excavation,Permit Issued,B01072781-S7,New Building,,,Permit Entire,307443.0,0,6,0.0,242 SEIGEL STREET  BROOKLYN,3100,22,301,URBAN ATELIER GROUP LLC,40.70473098754883,-73.93643188476562
Brooklyn,3429883,6/9/2026,6/10/2025,32137228801NB05,NB,Issued,321372288,NB,,,PERMIT ISSUED - PARTIAL JOB,10548.0,2,3,0.0,1065 57 STREET  Brooklyn,5688,52,312,ASHER HERSHKOWITZ ARCHITECT PLLC,40.6338005065918,-74.00170135498047
BROOKLYN,3429884,1/1/2026,3/31/2025,B00740310-S3-SE,Support of Excavation,Permit Issued,B00740310-S3,New Building,,,Permit Entire,69973.359375,74,9,0.0,2900 NOSTRAND AVENUE  BROOKLYN,7690,73,315,NEW YORK MAJOR CONSTRUCTI,40.61370086669922,-73.94474029541016
Brooklyn,3429885,11/12/2025,9/8/2025,32158974001NB03,NB,Issued,321589740,NB,,,PERMIT ISSUED - ENTIRE JOB/WORK,5206.0,6,4,0.0,862 EAST 34 STREET  Brooklyn,5008,65,317,INFOCUS,40.63520050048828,-73.94429779052734
BROOKLYN,3429897,2/10/2026,9/16/2025,B01088716-S7-FN,Construction Fence,Permit Issued,B01088716-S7,New Building,,,Permit Entire,4747.10009765625,2,4,0.0,799 GREENE AVENUE  BROOKLYN,1615,82,303,MOD CONSULTANTS LLC,40.690338134765625,-73.9360580444336
BROOKLYN,3429900,10/30/2025,10/30/2024,B00805221-S5-ST,Structural,Permit Issued,B00805221-S5,New Building,,,Permit Entire,146252.0,0,9,0.0,1057 43 STREET  BROOKLYN,5596,23,312,PREFERRED GC GROUP INC,40.641841888427734,-73.99385833740234
Brooklyn,3429921,3/11/2026,7/14/2025,32159956001NB09,NB,Issued,321599560,NB,,,PERMIT ISSUED - ENTIRE JOB/WORK,216260.0,175,21,0.0,480 KENT AVENUE  Brooklyn,2134,1,301,HILL WEST ARCHITECTS,40.70764923095703,-73.96894836425781
Brooklyn,3429922,3/11/2026,4/18/2025,32159955101NB08,NB,Issued,321599551,NB,,,PERMIT ISSUED - ENTIRE JOB/WORK,263009.0,249,22,0.0,482 KENT AVENUE  Brooklyn,2134,1,301,HILL WEST ARCHITECTS,40.70764923095703,-73.96894836425781
Brooklyn,3429930,7/19/2026,7/28/2025,32159077401NB02,NB,Issued,321590774,NB,,,PERMIT ISSUED - ENTIRE JOB/WORK,23715.0,0,2,0.0,832 SHEPHERD AVE  Brooklyn,4363,11,305,SMITH-MILLER HAWKINSON ARCH  LLP,40.66392135620117,-73.87674713134766
BROOKLYN,3429947,12/12/2025,6/6/2025,B01120517-I1-GC-CX,Mechanical Systems Structural General Construction Foundation Earth Work,Permit Issued,B01120517-I1,New Building,,,Permit Entire,3274.5,2,2,0.0,1339 EAST   65 STREET  BROOKLYN,8365,25,318,J&J DESIGNS INC,40.621238708496094,-73.91590881347656
BROOKLYN,3429951,1/15/2026,10/16/2025,B00632806-Z2-MS,Mechanical Systems,Permit Issued,B00632806-Z2,New Building,,,Permit Entire,158509.0,188,17,0.0,336 DOUGLASS STREET  BROOKLYN,420,37,306,ARTIMUS LLC,40.67914962768555,-73.9822769165039
BROOKLYN,3429952,2/10/2026,8/1/2025,B01166463-I1-ST,Structural,Permit Issued,B01166463-I1,New Building,,,Permit Entire,4720.0,2,4,0.0,666 OSBORN STREET  BROOKLYN,3637,58,316,MOD CONSULTANTS LLC,40.655391693115234,-73.90538024902344
BROOKLYN,3429956,1/30/2026,6/6/2025,B00830930-S2-ST,Structural,Permit Issued,B00830930-S2,New Building,,,Permit Entire,312578.5625,371,8,0.0,498 COLUMBIA STREET  BROOKLYN,579,3,306,EXPRESS BUILDERS JB  INC,40.6744384765625,-74.00852966308594
BROOKLYN,3429960,11/13/2025,5/19/2025,B00983627-S2-SE,Support of Excavation,Permit Issued,B00983627-S2,New Building,,,Permit Entire,4758.0,2,3,0.0,1516 46 STREET  BROOKLYN,5436,13,312,CITYSCAPE BUILDERS LLC,40.633689880371094,-73.98538970947266
BROOKLYN,3429961,11/13/2025,5/16/2025,B00981937-S2-SE,Support of Excavation,Permit Issued,B00981937-S2,New Building,,,Permit Entire,4814.66015625,2,3,0.0,1520 46 STREET  BROOKLYN,5436,15,312,CITYSCAPE BUILDERS LLC,40.63365173339844,-73.9853286743164
BROOKLYN,3429985,1/2/2026,9/5/2025,B00660353-S5-EW-SP,Sprinklers,Permit Issued,B00660353-S5,New Building,,,Permit Entire,3945.889892578125,2,4,0.0,926 HERKIMER STREET  BROOKLYN,1713,24,303,CASE PLUMBING LLC,40.67795181274414,-73.92285919189453
BROOKLYN,3429993,1/9/2026,7/15/2025,B01159871-S4-SE,Support of Excavation,Permit Issued,B01159871-S4,New Building,,,Permit Entire,4114.72998046875,1,2,0.0,4037 BEDFORD AVENUE  BROOKLYN,7304,70,315,DAJ EMR LLC,40.60348129272461,-73.94730377197266
BROOKLYN,3429995,4/2/2026,4/2/2025,B00996246-S6-SE,Support of Excavation,Permit Issued,B00996246-S6,New Building,,,Permit Entire,18725.0,22,5,0.0,2954 BRIGHTON SIXTH STREET  BROOKLYN,8665,503,313,DEXTERA CONSTRUCTION LLC,40.580020904541016,-73.96263885498047
BROOKLYN,3429997,4/27/2026,6/23/2025,B01097098-S3-ST,Structural,Permit Issued,B01097098-S3,New Building,,,Permit Entire,110030.0,99,30,0.0,165 WILLOUGHBY STREET  BROOKLYN,2062,21,302,ON STAR MANAGEMENT LLC,40.69218826293945,-73.9822006225586
BROOKLYN,3430003,5/16/2026,9/25/2025,B01144775-S3-ST,Structural,Permit Issued,B01144775-S3,New Building,,,Permit Entire,4392.0,1,3,0.0,124 GIRARD STREET  BROOKLYN,8749,251,315,SAPOL CONSTRUCTION LLC,40.57946014404297,-73.94599914550781
BROOKLYN,3430014,2/10/2026,5/23/2025,B01112739-S4-FN,Construction Fence,Permit Issued,B01112739-S4,New Building,,,Permit Entire,500.0,8,4,0.0,60 BERRIMAN STREET  BROOKLYN,3973,50,305,MOD CONSULTANTS LLC,40.67741012573242,-73.8809585571289
BROOKLYN,3430016,4/27/2026,5/28/2025,B01097093-S3-ST,Structural,Permit Issued,B01097093-S3,New Building,,,Permit Entire,107774.0,99,30,0.0,283 FLATBUSH AVENUE EXTENSION  BROOKLYN,2062,1,302,ON STAR MANAGEMENT LLC,40.69232940673828,-73.98230743408203
Brooklyn,3430032,1/1/2026,2/7/2025,32159840001NB09,NB,Issued,321598400,NB,,,PERMIT ISSUED - ENTIRE JOB/WORK,322099.0,350,9,0.0,499 PRESIDENT STREET  Brooklyn,440,1,306,SLCE ARCHITECT  LLP,40.67845153808594,-73.9869384765625
Brooklyn,3430045,4/30/2026,8/14/2025,32091284801NB13,NB,Issued,320912848,NB,,,PERMIT ISSUED - ENTIRE JOB/WORK,8708.0,6,4,0.0,94 GUERNSEY STREET  Brooklyn,2644,60,301,ATTN ATTN ARCHITECTURE & DESIGN,40.72426986694336,-73.95279693603516
Brooklyn,3430064,3/30/2026,4/2/2025,32159062101NB05,NB,Issued,321590621,NB,,,PERMIT ISSUED - ENTIRE JOB/WORK,8821.0,3,5,0.0,76 NORTH 8TH STREET  Brooklyn,2317,18,301,PLISKIN ARCHITECTURE PLLC,40.720149993896484,-73.96041870117188
BROOKLYN,3430068,11/13/2025,8/22/2025,B01205527-S4-SE,Support of Excavation,Permit Issued,B01205527-S4,New Building,,,Permit Entire,6315.0,3,3,0.0,1118 57 STREET  BROOKLYN,5696,13,312,CITYSCAPE BUILDERS LLC,40.63283157348633,-74.00057220458984
BROOKLYN,3430069,11/13/2025,8/25/2025,B01206846-S4-SE,Support of Excavation,Permit Issued,B01206846-S4,New Building,,,Permit Entire,7122.0,3,3,0.0,1120 57 STREET  BROOKLYN,5696,14,312,CITYSCAPE BUILDERS LLC,40.6326904296875,-74.00080108642578
BROOKLYN,3430075,8/15/2026,10/14/2025,B01167795-I1-GC,General Construction,Permit Issued,B01167795-I1,New Building,,,Permit Entire,4940.77978515625,5,4,0.0,606 QUINCY STREET  BROOKLYN,1629,139,303,B36 SERVICES INC,40.688411712646484,-73.93628692626953
BROOKLYN,3430077,5/6/2026,6/11/2025,B01169586-S1-GC,General Construction,Permit Issued,B01169586-S1,New Building,,,Permit Entire,1.0,0,1,0.0,269 53 STREET  BROOKLYN,805,53,307,ATLAS CONSTRUCTION LLC,40.64649963378906,-74.01670837402344
BROOKLYN,3430082,1/10/2026,5/6/2025,B00655003-S5-ST,Structural,Permit Issued,B00655003-S5,New Building,,,Permit Entire,157250.0,174,27,2000.0,19 ROCKWELL PLACE  BROOKLYN,2095,10,302,NY DEVELOPERS & MANAGEMEN,40.68920135498047,-73.9791488647461
BROOKLYN,3430083,3/26/2026,9/11/2025,B00704929-S4-SE,Support of Excavation,Permit Issued,B00704929-S4,New Building,,,Permit Entire,18940.0,6,7,100.0,28 SKILLMAN STREET  BROOKLYN,1885,15,303,RIVERSIDE DEVELOPERS USA,40.697898864746094,-73.95803833007812
BROOKLYN,3430085,3/26/2026,8/19/2025,B00698051-S8-ST,Structural,Permit Issued,B00698051-S8,New Building,,,Permit Entire,90595.0,32,7,0.0,41 FRANKLIN AVENUE  BROOKLYN,1885,10,303,RIVERSIDE DEVELOPERS USA,40.69779968261719,-73.95835876464844
Brooklyn,3430103,2/12/2026,2/12/2025,32029556901NB02,NB,Issued,320295569,NB,,,PERMIT ISSUED - ENTIRE JOB/WORK,43383.0,15,7,0.0,435 FLUSHING AVE  Brooklyn,2262,36,301,SPECTOR DESIGN COMPANY,40.69908905029297,-73.957763671875
Brooklyn,3430136,3/8/2026,8/13/2025,32159849101NB06,NB,Issued,321598491,NB,,,PERMIT ISSUED - ENTIRE JOB/WORK,9127.0,6,6,0.0,684 DEAN STREET  Brooklyn,1138,14,308,BUILTD,40.67987060546875,-73.96752166748047
BROOKLYN,3430144,6/26/2026,7/17/2025,B01117992-S1-SE,Support of Excavation,Permit Issued,B01117992-S1,New Building,,,Permit Entire,51042.5,14,7,0.0,170 WILLIAMSBURG STREET EAST  BROOKLYN,2199,22,301,B CONTRACTORS GROUP LLC,40.70439147949219,-73.95892333984375
BROOKLYN,3430145,12/22/2025,5/1/2025,B00972089-S2-GC-CX,Structural General Construction Foundation,Permit Issued,B00972089-S2,New Building,,,Permit Entire,12826.0,1,3,0.0,1651 48 STREET  BROOKLYN,5443,72,312,SQUARE BUILDERS INC,40.63098907470703,-73.98345184326172
Brooklyn,3430154,3/25/2026,4/23/2025,32109137701NB01,NB,Issued,321091377,NB,,,PERMIT ISSUED - ENTIRE JOB/WORK,22237.0,15,6,0.0,63 SOUTH 6 STREET  Brooklyn,2455,34,301,BEAM ARCHITECTS D.P.C.,40.71126174926758,-73.96607971191406
BROOKLYN,3430160,3/6/2026,3/6/2025,B00560420-Z3-SC,Suspended Scaffold,Permit Issued,B00560420-Z3,New Building,,,Permit Entire,96064.0,0,0,0.0,366 BRISTOL STREET  BROOKLYN,3587,27,316,CRISTINA MICHAELS CONS MN,40.6619987487793,-73.9112319946289
Brooklyn,3430168,5/9/2026,5/9/2025,32119139401NB07,NB,Issued,321191394,NB,,,PERMIT ISSUED - ENTIRE JOB/WORK,81114.0,49,4,0.0,126 5TH AVENUE  Brooklyn,943,240,306,SLCE ARCHITECTS LLP,40.679229736328125,-73.97908020019531
BROOKLYN,3430176,1/20/2026,4/2/2025,B00515862-S5-PL,Plumbing,Permit Issued,B00515862-S5,New Building,,,Permit Entire,18358.0,0,5,60000.0,1427 49 STREET  BROOKLYN,5636,66,312,JODOM MECHANICAL  INC,40.63338851928711,-73.98895263671875
Brooklyn,3430179,12/10/2025,5/23/2025,32156693401NB04,NB,Issued,321566934,NB,,,PERMIT ISSUED - ENTIRE JOB/WORK,48038.0,51,8,0.0,2795 FULTON STREET  Brooklyn,3933,55,305,NIKOLAI KATZ ARCHITECT,40.67829132080078,-73.89144897460938
BROOKLYN,3430186,7/7/2026,7/7/2025,B00691370-S1-MS,Mechanical Systems,Signed-off,B00691370-S1,New Building,,,Permit Entire,6880.0,19,7,1000.0,1652 EAST   14 STREET  BROOKLYN,6776,7501,315,ALL BOROUGH GROUP SVC INC,40.60894012451172,-73.95954895019531
BROOKLYN,3430187,11/8/2025,3/11/2025,B00946807-S4-SE,Support of Excavation,Permit Issued,B00946807-S4,New Building,,,Permit Entire,10860.0,10,6,0.0,102 DOWNING STREET  BROOKLYN,1991,19,302,WMCM LLC,40.68259811401367,-73.96086120605469
Brooklyn,3430189,4/25/2026,4/25/2025,32159885601NB01,NB,Issued,321598856,NB,,,PERMIT ISSUED - ENTIRE JOB/WORK,3350.0,1,3,0.0,176 GAR WASHINGTON PARK  Brooklyn,2072,1,302,KANE ARCHITECTURE & URBAN DESIGN,40.69184112548828,-73.97332000732422
Brooklyn,3430200,9/22/2026,9/22/2025,32160126301NB05,NB,Issued,321601263,NB,,,PERMIT ISSUED - ENTIRE JOB/WORK,231260.0,236,10,0.0,2435 PACIFIC STREET  Brooklyn,1437,46,316,SLCE ARCHITECTS  LLP,40.67546081542969,-73.90525817871094
Brooklyn,3430202,9/12/2026,9/12/2025,32200281801NB05,NB,Issued,322002818,NB,,,PERMIT ISSUED - ENTIRE JOB/WORK,261665.0,247,18,0.0,85 4TH AVENUE  Brooklyn,934,7,306,STREKTE CORP.,40.681541442871094,-73.97985076904297
Brooklyn,3430206,12/10/2025,8/28/2025,32159031901NB01,NB,Issued,321590319,NB,,,PERMIT ISSUED - ENTIRE JOB/WORK,23963.0,28,6,0.0,582 GATES AVE  Brooklyn,1815,40,303,JEFFREY KAMEN  R.A.,40.686981201171875,-73.94197845458984
BROOKLYN,3430207,11/26/2025,1/22/2025,B00754304-S2-SE,Support of Excavation,Permit Issued,B00754304-S2,New Building,,,Permit Entire,262957.0,301,7,0.0,946 FRANKLIN AVENUE  BROOKLYN,1192,40,309,YS DEVELOPERS LLC,40.66590118408203,-73.96027374267578
BROOKLYN,3430208,5/5/2026,9/4/2025,B00727869-S4-SE,Support of Excavation,Permit Issued,B00727869-S4,New Building,,,Permit Entire,73768.5,64,10,0.0,224 3 AVENUE  BROOKLYN,426,36,306,INNOVATIVE CONSTR NYC LLC,40.67927932739258,-73.98512268066406
BROOKLYN,3430253,11/9/2025,8/21/2025,B01263191-S1-FN,Construction Fence,Permit Issued,B01263191-S1,New Building,,,Permit Entire,10597.0,7,4,0.0,2250 BATH AVENUE  BROOKLYN,6450,30,311,PICASSO DEVELOPMENT LLC,40.5972900390625,-73.99598693847656
BROOKLYN,3430273,12/30/2025,9/10/2025,B01063719-S5-SE,Support of Excavation,Permit Issued,B01063719-S5,New Building,,,Permit Entire,16809.41015625,11,5,0.0,1447 WEST    5 STREET  BROOKLYN,6580,45,311,L2 CONSTRUCTION INC,40.61153030395508,-73.97904205322266
Brooklyn,3430275,3/19/2026,6/30/2025,32159940901NB04,NB,Issued,321599409,NB,,,PERMIT ISSUED - ENTIRE JOB/WORK,8432.0,5,6,0.0,311 EASTERN PARKWAY  Brooklyn,1181,60,308,BOWERBIRD ARCHITECTS,40.671241760253906,-73.95855712890625
Brooklyn,3430279,5/6/2026,6/24/2025,32159085401NB03,NB,Issued,321590854,NB,,,PERMIT ISSUED - ENTIRE JOB/WORK,15332.0,8,5,0.0,109 DEVOE STREET  Brooklyn,2763,32,301,STUDIOSC ARCHITECTURE PLLC,40.71379852294922,-73.94654083251953
Brooklyn,3430302,5/5/2026,5/20/2025,32159244201NB03,NB,Issued,321592442,NB,,,PERMIT ISSUED - ENTIRE JOB/WORK,4752.0,7,4,0.0,161 VERONICA PLACE  Brooklyn,5137,45,317,NY BUILDING ASSOCIATES INC,40.646209716796875,-73.95243072509766
BROOKLYN,3430305,12/11/2025,12/11/2024,B00622668-S2-ST,Structural,Signed-off,B00622668-S2,New Building,,,Permit Entire,348597.0,328,9,1000.0,975 NOSTRAND AVENUE  BROOKLYN,1309,6,309,BROADWAY BUILDERS LLC,40.66463851928711,-73.95037841796875
BROOKLYN,3430308,11/17/2025,7/8/2025,B00645411-S9-EW-SP,Sprinklers,Permit Issued,B00645411-S9,New Building,,,Permit Entire,269666.0,295,43,1000.0,51 WILLOUGHBY STREET  BROOKLYN,147,44,302,WNW & SONS PLUMBING & HTG,40.69242858886719,-73.98686981201172
BROOKLYN,3801895,4/28/2026,4/28/2025,B01011329-S5-EW-SP,Sprinklers,Permit Issued,B01011329-S5,New Building,,,Permit Entire,5044.0,6,4,0.0,338 43 STREET  BROOKLYN,728,23,307,FLINT MECHANICAL CORP,40.650909423828125,-74.00982666015625
BROOKLYN,3804015,3/21/2026,3/21/2025,B08025552-S6-SE,Support of Excavation,Permit Issued,B08025552-S6,New Building,,,Permit Entire,5588.0,1,2,0.0,46 ADELPHI STREET  BROOKLYN,2031,52,302,WALKER RIDGE CONST NY LLC,40.69664001464844,-73.9727783203125
BROOKLYN,3806155,5/12/2026,7/3/2025,B00598688-S4-SE,Support of Excavation,Permit Issued,B00598688-S4,New Building,,,Permit Entire,10833.0,0,4,225.0,1045 BERGEN STREET  BROOKLYN,1212,70,308,THE J. PILLA GROUP LTD,40.67641830444336,-73.95176696777344
BROOKLYN,3807484,11/12/2025,7/17/2025,B01170044-S1-FN,Construction Fence,Permit Issued,B01170044-S1,New Building,,,Permit Entire,19192.0,21,7,0.0,1731 BROADWAY  BROOKLYN,3438,3,304,JOHN EVAN CONTRACTING COR,40.68326950073242,-73.91105651855469
Brooklyn,3807743,2/12/2026,10/7/2025,32193862201NB07,NB,Issued,321938622,NB,,,PERMIT ISSUED - ENTIRE JOB/WORK,2956.0,2,3,0.0,46 BUFFALO AV  Brooklyn,1710,47,303,KMP DESIGN AND ENGINEERING PLLC,40.677490234375,-73.92494201660156
Brooklyn,3810112,8/29/2026,8/29/2025,32022576001NB01,NB,Issued,320225760,NB,,,PERMIT ISSUED - PARTIAL JOB,9548.0,1,4,0.0,27 CRANBERRY STREET  Brooklyn,215,21,302,CHARLES SCHMITT ARCHITECTS,40.70016098022461,-73.99405670166016
BROOKLYN,3811727,10/29/2025,6/5/2025,B01112471-S2-SE,Support of Excavation,Permit Issued,B01112471-S2,New Building,,,Permit Entire,7900.6298828125,1,3,0.0,1878 EAST    9 STREET  BROOKLYN,6684,39,315,M.N.C. GENERAL CONTR CORP,40.603519439697266,-73.96311950683594
Brooklyn,3815353,10/26/2025,12/13/2024,32159926701NB02,NB,Issued,321599267,NB,,,PERMIT ISSUED - ENTIRE JOB/WORK,9996.0,7,3,0.0,151 FREEMAN STREET  Brooklyn,2504,50,301,PLISKIN ARCHITECTURE PLLC,40.734588623046875,-73.95575714111328
Brooklyn,3817138,12/31/2025,3/24/2025,32057650501NB13,NB,Issued,320576505,NB,,,PERMIT ISSUED - ENTIRE JOB/WORK,4090.0,2,4,0.0,322 GREENE AVENUE  Brooklyn,1967,28,303,JAMES  H. BAER-ARCHITECT,40.687400817871094,-73.95806884765625
Brooklyn,3817430,12/8/2025,1/6/2025,32118321401NB04,NB,Issued,321183214,NB,,,PERMIT ISSUED - ENTIRE JOB/WORK,5265.0,6,4,0.0,514 HALSEY STREET  Brooklyn,1665,27,303,KANE ARCHITECTURE & URBAN DESIGN,40.68341064453125,-73.93373107910156
Brooklyn,3817795,12/27/2025,12/23/2024,32160070901NB02,NB,Issued,321600709,NB,,,PERMIT ISSUED - ENTIRE JOB/WORK,5700.0,4,4,0.0,249 HART STREET  Brooklyn,1769,56,303,UNION STREET STUDIO  LLC,40.694271087646484,-73.94122314453125
Brooklyn,3819084,12/27/2025,12/23/2024,32160066501NB03,NB,Issued,321600665,NB,,,PERMIT ISSUED - ENTIRE JOB/WORK,6125.0,4,4,0.0,638 HOWARD AVENUE  Brooklyn,3511,64,316,UNION STREET STUDIO  LLC,40.66645812988281,-73.91999053955078
Brooklyn,3819133,6/11/2026,6/16/2025,32210972101DM04,DM,Issued,322109721,DM,,,PERMIT ISSUED - ENTIRE JOB/WORK,0.0,0,0,0.0,19 HUDSON AVE  Brooklyn,6,1,302,BREEZE NATIONAL INC,40.70450973510742,-73.98098754882812
BROOKLYN,3820417,1/23/2026,1/23/2025,B00955169-S2-EW-SP,Sprinklers,Permit Issued,B00955169-S2,New Building,,,Permit Entire,7443.5,7,4,0.0,386 KOSCIUSZKO STREET  BROOKLYN,1605,13,303,BRUCHE MECHANICAL NY LLC,40.69184875488281,-73.938720703125
Brooklyn,3821835,1/28/2026,2/24/2025,32203267001NB07,NB,Issued,322032670,NB,,,PERMIT ISSUED - ENTIRE JOB/WORK,3442.0,2,4,0.0,747 MONROE ST  Brooklyn,1638,86,303,HCN DESIGN & CONSULTING INC,40.68840026855469,-73.9267807006836
Brooklyn,3822353,12/27/2025,4/15/2025,32160077201NB01,NB,Issued,321600772,NB,,,PERMIT ISSUED - ENTIRE JOB/WORK,12197.0,10,6,0.0,772 MYRTLE AVENUE  Brooklyn,1754,16,303,GERALD J. CALIENDO  R.A.  A.I.A.,40.69486999511719,-73.9515609741211
BROOKLYN,3822838,12/12/2025,12/12/2024,B00813821-S6-EW-SP,Sprinklers,Permit Issued,B00813821-S6,New Building,,,Permit Entire,11359.0,0,4,0.0,5716 NEW UTRECHT AVENUE  BROOKLYN,5698,24,312,PIPING & PLUMBING SOLUTIO,40.62963104248047,-73.99627685546875
Brooklyn,3823969,6/29/2026,7/14/2025,32159929401NB05,NB,Issued,321599294,NB,,,PERMIT ISSUED - ENTIRE JOB/WORK,22689.0,26,7,0.0,306 PENNSYLVANIA AVENUE  Brooklyn,3754,31,305,PM ARCHITECTURE PC,40.669891357421875,-73.89572143554688
Brooklyn,3824728,12/27/2025,12/23/2024,32160064701NB02,NB,Issued,321600647,NB,,,PERMIT ISSUED - ENTIRE JOB/WORK,5763.0,4,4,0.0,1625 PROSPECT PLACE  Brooklyn,1363,60,308,UNION STREET STUDIO  LLC,40.67301940917969,-73.92263793945312
Brooklyn,3824802,2/10/2026,5/8/2025,32090832701NB14,NB,Issued,320908327,NB,,,PERMIT ISSUED - ENTIRE JOB/WORK,5966.0,2,4,0.0,728 PROSPECT PLACE  Brooklyn,1233,15,308,PRIME ZONE BUILDING CONSULTING,40.674251556396484,-73.95242309570312
BROOKLYN,3824850,11/19/2025,11/19/2024,B00847962-S3-MS,Mechanical Systems,Signed-off,B00847962-S3,New Building,,,Permit Entire,7297.64990234375,7,4,0.0,197 PULASKI STREET  BROOKLYN,1772,53,303,MOD CONSULTANTS LLC,40.693260192871094,-73.9434585571289
Brooklyn,3826549,5/1/2026,7/14/2025,32117340301NB02,NB,Issued,321173403,NB,,,PERMIT ISSUED - PARTIAL JOB,2900.0,0,2,0.0,139 SHEFFIELD AVE  Brooklyn,3703,13,305,BCD CONSULTANT,40.67393112182617,-73.89710235595703
Brooklyn,3831411,2/10/2026,6/16/2025,32118804001NB05,NB,Issued,321188040,NB,,,PERMIT ISSUED - ENTIRE JOB/WORK,7498.0,8,4,0.0,502 WILSON AVE.  Brooklyn,3397,36,304,GERALD J CALIENDO ARCHITECTS PC,40.69194030761719,-73.91082000732422
Brooklyn,3831786,4/16/2026,4/16/2025,32159895401NB02,NB,Issued,321598954,NB,,,PERMIT ISSUED - ENTIRE JOB/WORK,5242.0,3,3,0.0,432 WYONA STREET  Brooklyn,3791,28,305,PM ARCHITECTURE PC,40.6679801940918,-73.8922119140625
Brooklyn,3832996,12/27/2025,12/23/2024,32160069201NB02,NB,Issued,321600692,NB,,,PERMIT ISSUED - ENTIRE JOB/WORK,2277.0,2,3,0.0,2150 ATLANTIC AVENUE  Brooklyn,1433,19,316,UNION STREET STUDIO  LLC,40.67628860473633,-73.91549682617188
Brooklyn,3833650,1/10/2026,9/2/2025,32090985201NB05,NB,Issued,320909852,NB,,,PERMIT ISSUED - ENTIRE JOB/WORK,3856.0,3,3,0.0,1915 BERGEN STREET  Brooklyn,1446,56,316,JCA GROUP  P.C.,40.67457962036133,-73.91771697998047
BROOKLYN,3835116,11/25/2025,6/25/2025,B00669824-S6-SE,Support of Excavation,Permit Issued,B00669824-S6,New Building,,,Permit Entire,9046.0,10,6,0.0,431 7 AVENUE  BROOKLYN,1102,4,306,SAT CONSTRUCTION SERVICES,40.663429260253906,-73.98410034179688
Brooklyn,3841235,7/23/2026,10/17/2025,32118806801NB05,NB,Issued,321188068,NB,,,PERMIT ISSUED - ENTIRE JOB/WORK,1980.0,3,3,0.0,540 SCHENCK AVE  Brooklyn,4075,118,305,ORLI ESHKAR ARCHITECT PLLC,40.66722869873047,-73.8873062133789
Brooklyn,3842240,6/2/2026,6/2/2025,32216146901DM03,DM,Issued,322161469,DM,,,PERMIT ISSUED - ENTIRE JOB/WORK,0.0,0,0,0.0,15 HUDSON AVE  Brooklyn,6,1,302,BREEZE NATIONAL INC,40.70463943481445,-73.98097229003906
Brooklyn,3849006,10/29/2025,3/4/2025,32142209101NB15,NB,Issued,321422091,NB,,,PERMIT ISSUED - ENTIRE JOB/WORK,9636.0,0,2,0.0,607 AVENUE K  Brooklyn,6527,50,312,SULLIVAN ARCHITECTURE,40.622039794921875,-73.96956634521484
Brooklyn,3853823,10/17/2026,10/17/2025,32138309801NB02,NB,Issued,321383098,NB,,,PERMIT ISSUED - PARTIAL JOB,7563.0,10,4,0.0,371 NOSTRAND AVE  Brooklyn,1818,2,303,RIKE TECH ASSOCIATES LLC,40.68516159057617,-73.95025634765625
BROOKLYN,3853886,11/6/2025,12/9/2024,B00960234-S7-SE,Support of Excavation,Permit Issued,B00960234-S7,New Building,,,Permit Entire,5642.43017578125,7,4,0.0,269 BAINBRIDGE STREET  BROOKLYN,1682,48,303,WING JAY CONSTRUCTION INC,40.681758880615234,-73.92619323730469
Brooklyn,3854701,8/4/2026,8/4/2025,32159107801NB02,NB,Issued,321591078,NB,,,PERMIT ISSUED - ENTIRE JOB/WORK,2020.0,1,4,0.0,100 SULLIVAN STREET  Brooklyn,555,27,306,SIMINO ARCHITECT,40.67818069458008,-74.01248168945312
BROOKLYN,3855310,11/30/2025,12/5/2024,B00626235-I1-GC,General Construction,Permit Issued,B00626235-I1,New Building,,,Permit Entire,2241.0,2,3,350000.0,3707 CYPRESS AVENUE  BROOKLYN,6971,40,313,BUSKO REALTY CORP,40.57912826538086,-74.00377655029297
Brooklyn,3855779,12/7/2025,5/8/2025,32118364201NB16,NB,Issued,321183642,NB,,,PERMIT ISSUED - ENTIRE JOB/WORK,46672.0,0,6,0.0,305 CALYER STREET  Brooklyn,2580,1,301,MIELE ASSOCIATES LLP,40.73033142089844,-73.94808959960938
Brooklyn,3855993,10/29/2025,3/6/2025,34077958001NB06,NB,Issued,340779580,NB,,,PERMIT ISSUED - ENTIRE JOB/WORK,5915.0,8,4,0.0,140 CENTRAL AVE  Brooklyn,3184,38,304,DIEGO AGUILERA ARCHITECTS P.C.,40.699668884277344,-73.92843627929688
Brooklyn,3856218,12/27/2025,4/4/2025,32160078101NB01,NB,Issued,321600781,NB,,,PERMIT ISSUED - ENTIRE JOB/WORK,12933.0,10,6,0.0,890 MYRTLE AVENUE  Brooklyn,1755,40,303,GERALD J. CALIENDO  R.A.  A.I.A.,40.695430755615234,-73.94667053222656
Brooklyn,3856312,4/26/2026,5/19/2025,32158995501NB04,NB,Issued,321589955,NB,,,PERMIT ISSUED - ENTIRE JOB/WORK,2434.0,3,3,0.0,1725 BENSON AVENUE  Brooklyn,6367,10,311,S M TAM ARCHITECT  PLLC,40.606529235839844,-74.00560760498047
Brooklyn,3856320,4/16/2026,4/16/2025,32159891801NB02,NB,Issued,321598918,NB,,,PERMIT ISSUED - ENTIRE JOB/WORK,5415.0,3,3,0.0,510 VERMONT STREET  Brooklyn,3790,49,305,PM ARCHITECTURE PC,40.66682052612305,-73.89289093017578
Brooklyn,3859802,4/13/2026,5/2/2025,32125515501NB08,NB,Issued,321255155,NB,,,PERMIT ISSUED - ENTIRE JOB/WORK,18353.0,13,7,0.0,217 9TH STREET  Brooklyn,1003,51,306,GEE2000 ARCHITECT  PC,40.67107009887695,-73.98959350585938
MANHATTAN,1000821,1/1/2026,6/4/2025,M08025179-S1-ST,Structural,Permit Issued,M08025179-S1,Alteration CO,,Yes,Permit Entire,426744.34375,571,36,2000.0,49 BROAD STREET  MANHATTAN,25,1,101,55 BROAD GC LLC,40.70528030395508,-74.01104736328125
Manhattan,1000864,10/31/2025,11/19/2024,10440272701AL04,AL,Issued,104402727,A1,Y,Y,PERMIT ISSUED - ENTIRE JOB/WORK,438511.0,507,22,1.0E7,95 WALL STREET  Manhattan,33,11,101,CONCESSI ENGINEERING,40.704681396484375,-74.00758361816406
Manhattan,1001216,4/11/2026,4/9/2025,12242019301AL04,AL,Issued,122420193,A1,,Y,PERMIT ISSUED - ENTIRE JOB/WORK,0.0,123,15,7687500.0,17 JOHN STREET  Manhattan,79,10,101,MANCINI DUFFY,40.710018157958984,-74.0086669921875
MANHATTAN,1001245,12/31/2025,5/1/2025,M01084591-S3-ST,Structural,Permit Issued,M01084591-S3,Alteration CO,,Yes,Permit Entire,762175.0,784,32,8042960.0,212 BROADWAY  MANHATTAN,89,12,101,LEEDING BUILDERS GROUP LL,40.71086883544922,-74.00839233398438
Manhattan,1001330,10/30/2025,1/3/2025,12120745201AL01,AL,Issued,121207452,A1,,Y,PERMIT ISSUED - ENTIRE JOB/WORK,9624.0,4,6,1008305.0,107 SOUTH STREET  Manhattan,97,9,101,OPERA-STUDIO ARCHITECTURE,40.707061767578125,-74.00213623046875
Manhattan,1001528,11/15/2025,12/13/2024,12118532301AL14,AL,Issued,121185323,A1,,Y,PERMIT ISSUED - ENTIRE JOB/WORK,0.0,2,6,1500000.0,172 DUANE STREET  Manhattan,141,28,101,SIBERTEKTURE ARCHITECTS  PLLC,40.71689987182617,-74.0097427368164
MANHATTAN,1001637,10/28/2025,10/28/2024,M00665541-S9-EW-SD,Standpipe,Permit Issued,M00665541-S9,Alteration CO,,Yes,Permit Entire,27999.0,6,6,10000.0,62 READE STREET  MANHATTAN,150,4,101,STAT FIRE SPRINKLER NYC C,40.71516036987305,-74.00650787353516
Manhattan,1001923,2/19/2026,2/19/2025,12378670501AL04,AL,Issued,123786705,A1,Y,,PERMIT ISSUED - ENTIRE JOB/WORK,7016.0,3,4,975453.0,84 FRANKLIN STREET  Manhattan,175,7,101,CTA ARCHITECTS P.C.,40.718170166015625,-74.00462341308594
MANHATTAN,1002668,1/5/2026,10/15/2025,M01137896-S3-PMM,Protection and Mechanical Methods,Permit Issued,M01137896-S3,Full Demolition,,,Permit Entire,5400.0,0,0,5000.0,126 BAXTER STREET  MANHATTAN,207,15,102,STATE CONTRACTING CORP NY,40.71821975708008,-73.99913024902344
Manhattan,1002795,4/9/2026,9/23/2025,12154073301AL05,AL,Issued,121540733,A1,,Y,PERMIT ISSUED - ENTIRE JOB/WORK,0.0,0,7,1382500.0,53 BEACH STREET  Manhattan,214,1,101,SPACESMITH LLP,40.72092056274414,-74.00939178466797
MANHATTAN,1003354,11/12/2025,12/12/2024,M00718537-S5-ST,Structural,Permit Issued,M00718537-S5,ALT-CO - New Building with Existing Elements to Remain,,Yes,Permit Entire,4418.0,2,3,2500000.0,20 HENRY STREET  MANHATTAN,277,48,103,JOHN EVAN CONTRACTING COR,40.71271896362305,-73.99687957763672
MANHATTAN,1003521,2/24/2026,2/24/2025,M00894540-S4-EW-SP,Sprinklers,Permit Issued,M00894540-S4,ALT-CO - New Building with Existing Elements to Remain,,Yes,Permit Entire,11257.0,0,7,55000.0,17 DIVISION STREET  MANHATTAN,281,56,103,S & L PLUMBING INC,40.71392059326172,-73.99662017822266
Manhattan,1003732,12/16/2025,3/27/2025,12120573901AL01,AL,Issued,121205739,A1,Y,Y,PERMIT ISSUED - ENTIRE JOB/WORK,11960.0,8,5,1375934.0,235 E BROADWAY  Manhattan,286,33,103,ASKON ARCHITECTS  P.C.,40.714141845703125,-73.9864273071289
Manhattan,1003777,6/1/2026,6/11/2025,12312466201AL04,AL,Issued,123124662,A1,,Y,PERMIT ISSUED - ENTIRE JOB/WORK,4222.0,2,4,591080.0,10 ELDRIDGE ST  Manhattan,293,2,103,ANGELO NG & ANTHONY NG ARCHITECT,40.71464157104492,-73.9935531616211
MANHATTAN,1003818,11/30/2025,12/16/2024,M08014320-S5-SE,Support of Excavation,Permit Issued,M08014320-S5,New Building,,,Permit Entire,15874.0,8,9,1000.0,11 ESSEX STREET  MANHATTAN,297,24,103,AFFECT BUILD LLC,40.71508026123047,-73.99031066894531
Manhattan,1003985,5/8/2026,5/2/2025,12118413701AL11,AL,Issued,121184137,A1,Y,Y,PERMIT ISSUED - ENTIRE JOB/WORK,14760.0,8,7,2165300.0,57 ALLEN STREET  Manhattan,307,26,103,S M TAM ARCHITECT  PLLC,40.71699142456055,-73.99195098876953
Manhattan,1004113,4/1/2026,3/25/2025,12120858501AL05,AL,Issued,121208585,A1,,Y,PERMIT ISSUED - ENTIRE JOB/WORK,12680.0,1,3,1465047.0,48 CLINTON STREET  Manhattan,344,145,103,ONEILL ROSE ARCHITECTS,40.71968078613281,-73.98448181152344
Manhattan,1004274,11/30/2025,12/11/2024,12209897901AL08,AL,Issued,122098979,A1,,Y,PERMIT ISSUED - ENTIRE JOB/WORK,0.0,10,6,74000.0,171 ATTORNEY STREET  Manhattan,350,64,103,JUNG WOR CHIN - ARCHITECT,40.72090148925781,-73.98338317871094
Manhattan,1004276,11/30/2025,3/7/2025,12209895101AL08,AL,Issued,122098951,A1,,Y,PERMIT ISSUED - ENTIRE JOB/WORK,0.0,18,6,181150.0,163 ATTORNEY STREET  Manhattan,350,66,103,JUNG WOR CHIN - ARCHITECT,40.72079086303711,-73.9835205078125
Manhattan,1004277,11/30/2025,3/7/2025,12199684901AL08,AL,Issued,121996849,A1,,Y,PERMIT ISSUED - ENTIRE JOB/WORK,0.0,18,6,181150.0,161 ATTORNEY STREET  Manhattan,350,67,103,JUNG WOR CHIN - ARCHITECT,40.72071838378906,-73.98355102539062
Manhattan,1004377,11/19/2025,8/27/2025,12120807701NB14,NB,Issued,121208077,NB,,,PERMIT ISSUED - ENTIRE JOB/WORK,62623.0,75,13,0.0,270 EAST 2ND STREET  Manhattan,372,64,103,JCJ ARCHITECTURE,40.720970153808594,-73.98036193847656
MANHATTAN,1004504,1/10/2026,9/5/2025,M00974039-I1-GC,General Construction,Permit Issued,M00974039-I1,Alteration CO,Yes,Yes,Permit Entire,5805.85009765625,8,5,538960.0,356 EAST    8 STREET  MANHATTAN,377,10,103,FORTRESS FORCE CONST. COR,40.72431945800781,-73.97811889648438
Manhattan,1004906,5/2/2026,9/29/2025,12376581701NB08,NB,Issued,123765817,NB,,,PERMIT ISSUED - ENTIRE JOB/WORK,10000.0,12,8,0.0,183 AVENUE B  Manhattan,394,5,103,PLAN ARCHITECTURE,40.7276611328125,-73.97899627685547
Manhattan,1004945,3/18/2026,9/9/2025,12118536901NB07,NB,Issued,121185369,NB,,,PERMIT ISSUED - ENTIRE JOB/WORK,165207.0,197,24,0.0,644 EAST 14 ST  Manhattan,396,29,103,KARL FISCHER ARCHITECT,40.72829818725586,-73.97612762451172
Manhattan,1005569,6/17/2026,6/24/2025,10482241701AL18,AL,Issued,104822417,A1,Y,Y,PERMIT ISSUED - ENTIRE JOB/WORK,4731.0,2,7,305850.0,293 BROOME STREET  Manhattan,418,43,103,SCALAR ARCHITECTURE,40.71847152709961,-73.99202728271484
MANHATTAN,1005641,12/16/2025,5/5/2025,M00485503-S1-SE,Support of Excavation,Permit Issued,M00485503-S1,New Building,,,Permit Entire,8512.0,5,5,0.0,327 BROOME STREET  MANHATTAN,423,17,103,THE RINALDI GROUP OF NY,40.71902084350586,-73.9937973022461
Manhattan,1005709,6/1/2026,5/28/2025,12120511401AL04,AL,Issued,121205114,A1,Y,,PERMIT ISSUED - ENTIRE JOB/WORK,117579.0,0,8,3.7892532E7,235 BOWERY  Manhattan,426,12,103,COOPER ROBERTSON,40.72224044799805,-73.9928207397461
Manhattan,1005750,2/10/2026,7/31/2025,12118418201AL02,AL,Issued,121184182,A1,,Y,PERMIT ISSUED - ENTIRE JOB/WORK,8055.0,5,6,1148449.0,11 AVENUE A  Manhattan,429,39,103,ROBERT STRONG ARCHITECT,40.72270965576172,-73.98629760742188
Manhattan,1006081,10/1/2026,9/5/2025,12281222401AL05,AL,Issued,122812224,A1,Y,Y,PERMIT ISSUED - PARTIAL JOB,24094.0,0,4,1665800.0,32 2ND AVE  Manhattan,443,8,103,BONE LEVINE ARCHITECTS,40.72465896606445,-73.99014282226562
Manhattan,1006472,5/15/2026,8/1/2025,12303803301AL12,AL,Issued,123038033,A1,,Y,PERMIT ISSUED - ENTIRE JOB/WORK,12412.0,6,7,24455.0,180 SECOND AVENUE  Manhattan,453,4,103,WALTER B. MELVIN ARCHITECTS  LLC,40.73054122924805,-73.9858627319336
Manhattan,1007032,7/30/2026,7/30/2025,12120909401AL01,AL,Issued,121209094,A1,,Y,PERMIT ISSUED - ENTIRE JOB/WORK,10772.0,25,3,1423343.0,52 GREENE ST  Manhattan,474,6,102,POHL ARCHITECTURE,40.722110748291016,-74.00153350830078
MANHATTAN,1007076,12/20/2025,5/22/2025,M00975056-S7-SE,Support of Excavation,Permit Issued,M00975056-S7,Alteration CO,,Yes,Permit Entire,2388.0,4,6,20000.0,40 WOOSTER STREET  MANHATTAN,475,34,102,JS REALTY DEVELOPMENT LLC,40.72220993041992,-74.00247955322266
Manhattan,1007174,2/27/2026,2/27/2025,12381930501AL07,AL,Issued,123819305,A1,Y,,PERMIT ISSUED - ENTIRE JOB/WORK,33468.0,0,6,1300440.0,178 MOTT STREET  Manhattan,479,40,102,MW PROFESSIONAL ENGINEERING  P.C,40.7203483581543,-73.99578094482422
Manhattan,1007222,6/8/2026,8/27/2025,12387643001AL04,AL,Issued,123876430,A1,,Y,PERMIT ISSUED - ENTIRE JOB/WORK,11570.0,16,5,35000.0,212 LAFAYETTE STREET  Manhattan,482,31,102,WILLIAM LENART ARCHITECTURE PLLC,40.72182083129883,-73.99793243408203
MANHATTAN,1007357,1/6/2026,1/6/2025,M00782747-S6-SE,Support of Excavation,Permit Issued,M00782747-S6,ALT-CO - New Building with Existing Elements to Remain,Yes,,Permit Entire,4010.0,1,4,50000.0,188 SPRING STREET  MANHATTAN,489,22,102,AVIVA BUILDERS INC,40.72481918334961,-74.00309753417969
Manhattan,1008106,6/29/2026,6/27/2025,12132660801AL12,AL,Issued,121326608,A1,Y,Y,PERMIT ISSUED - PARTIAL JOB,0.0,1,4,1200000.0,19 CHARLTON STREET  Manhattan,519,55,102,THE BROOKLYN STUDIO,40.72724914550781,-74.00406646728516
Manhattan,1008479,11/24/2025,2/6/2025,12304625701AL06,AL,Issued,123046257,A1,,Y,PERMIT ISSUED - ENTIRE JOB/WORK,1.0,7,7,583655.0,39 GREAT JONES STREET  Manhattan,530,26,102,DAVID BERS ARCHITECTURE,40.72666931152344,-73.99295043945312
Manhattan,1008897,3/16/2026,6/18/2025,14096249301AL07,AL,Issued,140962493,A1,Y,Y,PERMIT ISSUED - ENTIRE JOB/WORK,7135.0,1,6,1000000.0,73 WASHINGTON PLACE  Manhattan,552,65,102,SUK DESIGN GROUP LLP,40.73208999633789,-73.99952697753906
Manhattan,1009135,3/10/2026,3/10/2025,12120916501NB01,NB,Issued,121209165,NB,,,PERMIT ISSUED - ENTIRE JOB/WORK,37325.0,23,11,0.0,815 BROADWAY  Manhattan,563,33,102,ISSAC & STERN ARCHITECTS  PC,40.733028411865234,-73.9914779663086
Manhattan,1009237,4/1/2026,4/18/2025,14094803601AL09,AL,Issued,140948036,A1,Y,,PERMIT ISSUED - ENTIRE JOB/WORK,9453.0,1,4,2000000.0,24 EAST 10TH STREET  Manhattan,567,18,102,STEVEN HARRIS ARCHITECTS LLP,40.73270034790039,-73.99432373046875
Manhattan,1009430,3/17/2026,4/30/2025,12120675601NB05,NB,Issued,121206756,NB,,,PERMIT ISSUED - ENTIRE JOB/WORK,100275.0,14,18,0.0,16 FIFTH AVENUE  Manhattan,572,41,102,HILL-WEST ARCHITECTS,40.73265075683594,-73.99646759033203
MANHATTAN,1010194,1/1/2026,7/10/2025,M01069372-S1-PMM,Protection and Mechanical Methods,Permit Issued,M01069372-S1,Full Demolition,,,Permit Entire,2841.0,0,0,5000.0,327 BLEECKER STREET  MANHATTAN,591,45,102,L & Z RESTORATION CORP,40.73334884643555,-74.00399780273438
Manhattan,1010310,1/30/2026,1/30/2025,12120667601NB02,NB,Issued,121206676,NB,,,PERMIT ISSUED - ENTIRE JOB/WORK,14829.0,15,6,0.0,289 HUDSON ST  Manhattan,594,79,102,SRA ARCHITECTURE + ENGINEERING,40.725711822509766,-74.00782012939453
MANHATTAN,1010866,11/1/2025,12/9/2024,M00969305-S4-GC-CX,Structural General Construction Foundation Earth Work,Permit Issued,M00969305-S4,Alteration CO,Yes,Yes,Permit Entire,5053.0,1,5,55000.0,36 PERRY STREET  MANHATTAN,612,13,102,SIGNATURE AUDIO DESIGN LL,40.73545837402344,-74.00250244140625
MANHATTAN,1010911,4/1/2026,10/3/2025,M00679231-I1-GC,General Construction,Permit Issued,M00679231-I1,Alteration CO,Yes,,Permit Entire,5451.0,1,4,849968.8125,244 WEST   11 STREET  MANHATTAN,613,13,102,NEW WAVE DESIGN & CONTRAC,40.736061096191406,-74.00312042236328
Manhattan,1010929,7/1/2026,6/30/2025,14096774601AL06,AL,Issued,140967746,A1,,Y,PERMIT ISSUED - ENTIRE JOB/WORK,9748.0,1,5,3531750.0,37 PERRY STREET  Manhattan,613,38,102,STEVEN HARRIS ARCHITECTS,40.735801696777344,-74.00272369384766
Manhattan,1011044,8/22/2026,8/8/2025,12120871801AL05,AL,Issued,121208718,A1,,Y,PERMIT ISSUED - ENTIRE JOB/WORK,4641.0,1,4,350000.0,4 JANE STREET  Manhattan,615,75,102,NEWMAN DESIGN ARCHITECTS PLLC,40.73799133300781,-74.00237274169922
Manhattan,1011047,6/5/2026,6/19/2025,12211972301AL11,AL,Issued,122119723,A1,Y,Y,PERMIT ISSUED - ENTIRE JOB/WORK,0.0,2,4,312000.0,107 GREENWICH AVENUE  Manhattan,615,79,102,BOJIDAR KADIEV ARCHITECT,40.73788070678711,-74.00213623046875
MANHATTAN,1011278,10/31/2025,10/31/2024,M00785892-S1-ST,Structural,Permit Issued,M00785892-S1,ALT-CO - New Building with Existing Elements to Remain,Yes,Yes,Permit Entire,9834.0,1,5,253266.0,81 CHARLES STREET  MANHATTAN,621,76,102,REIS EY  INC,40.73490905761719,-74.00440216064453
MANHATTAN,1011435,11/8/2025,7/10/2024,M08021623-S2-ST,Structural,Permit Issued,M08021623-S2,Alteration CO,,Yes,Permit Entire,4542.7001953125,1,5,185000.0,46 JANE STREET  MANHATTAN,625,31,102,J. COSTA CONSTRUCTION COR,40.73796844482422,-74.0048828125
MANHATTAN,1011670,2/20/2026,10/7/2025,M01177754-S1-ST,Structural,Permit Issued,M01177754-S1,Alteration CO,,Yes,Permit Entire,4318.0,1,4,96000.0,829 GREENWICH STREET  MANHATTAN,627,1,102,TRIBORO CONSTR ASSOC INC,40.73899841308594,-74.0062484741211
Manhattan,1011870,5/29/2026,5/29/2025,12286461301NB12,NB,Issued,122864613,NB,,,PERMIT ISSUED - ENTIRE JOB/WORK,28692.0,1,5,0.0,145 PERRY STREET  Manhattan,633,37,102,LEROY STREET STUDIO ARCH PC,40.735069274902344,-74.0081787109375
MANHATTAN,1011916,12/4/2025,3/14/2025,M00540697-S5-ST,Structural,Permit Issued,M00540697-S5,Alteration CO,,Yes,Permit Entire,3660.0,1,5,1000.0,96 BANK STREET  MANHATTAN,634,57,102,HAWK. AA LLC,40.73632049560547,-74.00643920898438
Manhattan,1012096,5/29/2026,5/29/2025,12383462701AL10,AL,Issued,123834627,A1,,Y,PERMIT ISSUED - ENTIRE JOB/WORK,35238.0,3,3,6476180.0,775 WASHINGTON STREET  Manhattan,641,75,102,LEROY STREET STUDIO ARCH D.P.C,40.73775100708008,-74.00787353515625
Manhattan,1012147,12/31/2025,12/5/2024,12339408601AL11,AL,Issued,123394086,A1,Y,,PERMIT ISSUED - ENTIRE JOB/WORK,10541.0,1,4,2251000.0,75 JANE STREET  Manhattan,642,65,102,ALLEN & KILLCOYNE ARCHITECTS LLP,40.738319396972656,-74.00711822509766
Manhattan,1012275,10/23/2025,10/23/2024,12120487401NB07,NB,Issued,121204874,NB,,,PERMIT ISSUED - ENTIRE JOB/WORK,316939.0,277,45,0.0,606 WEST 30 STREET  Manhattan,675,39,104,ISMAEL LEYVA ARCHITECTS  PC,40.753379821777344,-74.00470733642578
MANHATTAN,1012498,4/18/2026,4/18/2025,M01005541-S2-PMM,Protection and Mechanical Methods,Permit Issued,M01005541-S2,Full Demolition,,,Permit Entire,6500.0,0,0,5000.0,522 WEST   37 STREET  MANHATTAN,708,48,104,GRAMERCY GROUP  INC,40.75680923461914,-73.9991226196289
Manhattan,1012589,5/28/2026,6/5/2025,12341014801AL06,AL,Issued,123410148,A1,Y,,PERMIT ISSUED - ENTIRE JOB/WORK,6018.0,1,4,2000000.0,418 WEST 20TH STREET  Manhattan,717,53,104,WEST CHIN ARCHITECT,40.74483871459961,-74.00382995605469
Manhattan,1012835,10/31/2025,8/8/2025,12118518101NB05,NB,Issued,121185181,NB,,,PERMIT ISSUED - PARTIAL JOB,120309.0,220,25,0.0,432 WEST 31 STREET  Manhattan,728,55,104,STONEHILL & TAYLOR ARCHITECT PC,40.751930236816406,-73.99939727783203
Manhattan,1012874,2/27/2026,2/27/2025,14096754001AL01,AL,Issued,140967540,A1,Y,Y,PERMIT ISSUED - ENTIRE JOB/WORK,18986.0,9,10,3484600.0,440 WEST 36 STREET  Manhattan,733,59,104,PINNACLE ENGINEERING  P.C.,40.75522994995117,-73.99727630615234
Manhattan,1013192,2/22/2026,3/12/2025,12118791901AL05,AL,Issued,121187919,A1,,Y,PERMIT ISSUED - ENTIRE JOB/WORK,3100.0,1,3,960500.0,148 NINTH AVENUE  Manhattan,743,1,104,PRAINITO DESIGN GROUP LLC,40.7440299987793,-74.00279235839844
Manhattan,1013732,8/11/2026,10/16/2025,12039972801AL02,AL,Issued,120399728,A1,Y,,PERMIT ISSUED - ENTIRE JOB/WORK,0.0,15,5,128340.0,201 WEST 14 STREET  Manhattan,764,37,104,SOYU ARCHITECTURE,40.738861083984375,-73.99970245361328
MANHATTAN,1013856,6/19/2026,7/25/2025,M01163529-I1-FD,Full Demolition,Permit Issued,M01163529-I1,Full Demolition,,,Permit Entire,5300.0,0,0,70000.0,244 WEST   18 STREET  MANHATTAN,767,67,104,W.V CONTRACTORS NIC CORP,40.74174118041992,-74.00003814697266
Manhattan,1014081,2/24/2026,10/7/2025,12199162001AL17,AL,Issued,121991620,A1,Y,Y,PERMIT ISSUED - ENTIRE JOB/WORK,0.0,1,6,850000.0,224 WEST 22 ST  Manhattan,771,52,104,TURETT COLLABORATIVE ARCHITECTS,40.74361038208008,-73.99714660644531
Manhattan,1014109,6/3/2026,8/6/2025,12118947201AL14,AL,Issued,121189472,A1,,Y,PERMIT ISSUED - ENTIRE JOB/WORK,7612.0,1,6,1988000.0,259 WEST 22 STREET  Manhattan,772,15,104,GRO ARCHITECTS,40.744361877441406,-73.99775695800781
MANHATTAN,1014167,3/10/2026,3/10/2025,M00696323-S7-EW-SD,Standpipe,Signed-off,M00696323-S7,New Building,,,Permit Entire,94550.0,104,12,0.0,280 EIGHTH AVENUE  MANHATTAN,774,1,104,METRO FIRE PROTECTION INC,40.74597930908203,-73.99754333496094
Manhattan,1014251,4/1/2026,4/1/2025,12330082801AL08,AL,Issued,123300828,A1,Y,,PERMIT ISSUED - ENTIRE JOB/WORK,112623.0,0,10,1.0412E8,220 WEST 28TH STREET  Manhattan,777,18,105,SHOP ARCHITECTS  PC,40.74736022949219,-73.99474334716797
MANHATTAN,1014759,2/17/2026,9/9/2025,M00766992-S6-SE,Support of Excavation,Permit Issued,M00766992-S6,ALT-CO - New Building with Existing Elements to Remain,,Yes,Permit Entire,80775.0,22,13,1000.0,142 WEST   21 STREET  MANHATTAN,796,63,104,TITANIUM CONSTRUCTION SER,40.74222946166992,-73.99575805664062
MANHATTAN,1014950,1/5/2026,1/7/2025,M01145303-S2-FN,Construction Fence,Permit Issued,M01145303-S2,Full Demolition,,,Permit Entire,14250.0,0,0,5000.0,131 WEST   23 STREET  MANHATTAN,799,24,104,STATE CONTRACTING CORP NY,40.74367141723633,-73.99356842041016
MANHATTAN,1015226,4/2/2026,9/16/2025,M00931421-I1-GC,General Construction,Permit Issued,M00931421-I1,Alteration CO,,Yes,Permit Entire,313294.0,0,12,4869000.0,1333 BROADWAY  MANHATTAN,811,7502,105,JRM CONSTRUCTION MGMT LLC,40.75117111206055,-73.9881362915039
Manhattan,1015293,7/10/2026,7/10/2025,12118644801NB08,NB,Issued,121186448,NB,,,PERMIT ISSUED - ENTIRE JOB/WORK,13545.0,9,10,0.0,20 WEST 15 STREET  Manhattan,816,54,105,RAYMOND CHAN ARCHITECT,40.73701095581055,-73.99437713623047
Manhattan,1015414,8/6/2026,8/11/2025,12375216201NB08,NB,Issued,123752162,NB,,,PERMIT ISSUED - ENTIRE JOB/WORK,26425.0,13,14,0.0,21 WEST 17 STREET  Manhattan,819,26,105,VIKATOS ARCHITECT,40.73862075805664,-73.99334716796875
Manhattan,1015425,8/6/2026,8/7/2025,12375215301NB09,NB,Issued,123752153,NB,,,PERMIT ISSUED - ENTIRE JOB/WORK,19845.0,9,10,0.0,16 WEST 18 STREET  Manhattan,819,55,105,VIKATOS ARCHITECT,40.73884963989258,-73.99317932128906
Manhattan,1015729,2/23/2026,2/28/2025,12241400201AL19,AL,Issued,122414002,A1,Y,Y,PERMIT ISSUED - ENTIRE JOB/WORK,0.0,153,23,3.9844232E7,250 5TH AVE  Manhattan,830,37,105,PERKINS EASTMAN,40.74502182006836,-73.98760986328125
Manhattan,1015733,3/17/2026,3/11/2025,12287490601NB05,NB,Issued,122874906,NB,,,PERMIT ISSUED - ENTIRE JOB/WORK,137459.0,41,54,0.0,262 FIFTH AVENUE  Manhattan,830,44,105,SLCE ARCHITECTS  LLP,40.74531936645508,-73.98724365234375
Manhattan,1015751,3/25/2026,3/25/2025,12120441901NB07,NB,Issued,121204419,NB,,,PERMIT ISSUED - ENTIRE JOB/WORK,92147.0,101,27,0.0,842 6 AVENUE  Manhattan,831,4,105,ISSAC & STERN ARCHITECTS  P.C,40.746849060058594,-73.98947143554688
MANHATTAN,1017107,2/19/2026,5/9/2025,M01062289-S6-SE,Support of Excavation,Permit Issued,M01062289-S6,New Building,,,Permit Entire,172797.0,137,18,0.0,38 EAST   35 STREET  MANHATTAN,864,47,106,CM AND ASSOCIATES CONST,40.74787139892578,-73.98169708251953
MANHATTAN,1017916,12/31/2025,7/29/2025,M08009976-S4-ST,Structural,Permit Issued,M08009976-S4,Alteration CO,Yes,No,Permit Entire,8529.0,2,4,275000.0,80 IRVING PLACE  MANHATTAN,875,26,106,S. DONADIC INC,40.73704147338867,-73.9862289428711
MANHATTAN,1017995,11/1/2025,12/3/2024,M00479971-I1-GC,General Construction,Permit Issued,M00479971-I1,Alteration CO,,Yes,Permit Entire,8137.0,1,6,974400.0,40 GRAMERCY PARK NORTH  MANHATTAN,877,34,106,SIGNATURE AUDIO DESIGN LL,40.73802185058594,-73.98461151123047
Manhattan,1019941,2/2/2026,9/3/2025,12317122701AL09,AL,Issued,123171227,A1,Y,Y,PERMIT ISSUED - ENTIRE JOB/WORK,801.0,5,4,673000.0,212 EAST 30 STREET  Manhattan,910,55,106,SA-DA ARCHITECTURE,40.74271011352539,-73.9793930053711
Manhattan,1020353,6/11/2026,10/2/2025,12391772501DM02,DM,Issued,123917725,DM,,,PERMIT ISSUED - ENTIRE JOB/WORK,0.0,0,0,0.0,211 EAST 38TH STREET  Manhattan,919,9,106,BREEZE NATIONAL INC,40.7481803894043,-73.97554779052734
Manhattan,1020354,6/11/2026,10/2/2025,12391768101DM02,DM,Issued,123917681,DM,,,PERMIT ISSUED - ENTIRE JOB/WORK,0.0,0,0,0.0,213 EAST 38TH STREET  Manhattan,919,10,106,BREEZE NATIONAL INC,40.74814987182617,-73.97547912597656
Manhattan,1020355,6/11/2026,10/2/2025,12391773401DM02,DM,Issued,123917734,DM,,,PERMIT ISSUED - ENTIRE JOB/WORK,0.0,0,0,0.0,215 EAST 38TH STREET  Manhattan,919,11,106,BREEZE NATIONAL INC,40.748111724853516,-73.97540283203125
MANHATTAN,1020572,1/1/2026,10/7/2025,M01107668-S2-PMM,Protection and Mechanical Methods,Permit Issued,M01107668-S2,Full Demolition,,,Permit Entire,30000.0,0,0,6000.0,329 EAST   22 STREET  MANHATTAN,928,17,106,CELTIC SERVICES NYC INC,40.736759185791016,-73.97972106933594
Manhattan,1022581,11/1/2025,10/22/2024,10163410801AL06,AL,Issued,101634108,A1,,Y,PERMIT ISSUED - ENTIRE JOB/WORK,109060.0,0,25,18310.0,1 TIMES SQUARE  Manhattan,995,1,105,WILLIAM J COMMER ASSOCIATES,40.75619888305664,-73.98652648925781
MANHATTAN,1022687,12/31/2025,6/23/2025,M00498287-S6-ST,Structural,Permit Issued,M00498287-S6,New Building,,,Permit Entire,137859.0,419,33,0.0,170 WEST 48 STREET  MANHATTAN,1000,64,105,FLINTLOCK CONSTR SERV LLC,40.75946044921875,-73.98397064208984
Manhattan,1024743,1/1/2026,12/10/2024,12210631801AL05,AL,Issued,122106318,A1,,Y,PERMIT ISSUED - ENTIRE JOB/WORK,56938.0,136,26,9571810.0,224 WEST 47TH STREET  Manhattan,1018,44,105,MATT MARKOWITZ  ARCHITECTS,40.75947952270508,-73.98584747314453
MANHATTAN,1024785,1/21/2026,1/23/2025,M00630979-S4-SE,Support of Excavation,Permit Issued,M00630979-S4,New Building,,,Permit Entire,133314.0,138,28,1000.0,250 WEST   49 STREET  MANHATTAN,1020,59,105,CITY BUILDERS NYC LLC,40.76115036010742,-73.98538208007812
MANHATTAN,1024873,2/19/2026,2/24/2025,M00940950-S9-SE,Support of Excavation,Permit Issued,M00940950-S9,Alteration CO,,Yes,Permit Entire,85378.0,42,17,600000.0,245 WEST   55 STREET  MANHATTAN,1027,7,105,CM AND ASSOCIATES CONST,40.76531982421875,-73.98298645019531
Manhattan,1024945,3/31/2026,4/30/2025,12120730901NB07,NB,Reissued,121207309,NB,,,PERMIT ISSUED - ENTIRE JOB/WORK,367934.0,330,32,0.0,312 WEST 43RD STREET  Manhattan,1033,25,104,HANDEL ARCHITECTS LLP,40.757930755615234,-73.99030303955078
Manhattan,1026634,11/3/2025,6/5/2025,12120538301AL05,AL,Issued,121205383,A1,Y,Y,PERMIT ISSUED - ENTIRE JOB/WORK,11882.0,6,6,1991546.0,435 WEST 48TH STREET  Manhattan,1058,113,104,STRATA ARCHITECTS PLLC,40.76314163208008,-73.99141693115234
Manhattan,1026890,4/4/2026,8/8/2025,12114527901AL17,AL,Issued,121145279,A1,Y,Y,PERMIT ISSUED - ENTIRE JOB/WORK,0.0,1,6,1500000.0,408 WEST 58TH STREET  Manhattan,1067,37,104,FAULDING  ARHITECTURE,40.76860809326172,-73.9858627319336
MANHATTAN,1026951,5/6/2026,5/6/2025,M01020109-S3-ST,Structural,Permit Issued,M01020109-S3,New Building,,,Permit Entire,102816.0,98,14,0.0,622 11 AVENUE  MANHATTAN,1074,63,104,B CONTRACTORS GROUP LLC,40.76298141479492,-73.99639129638672
MANHATTAN,1027184,12/12/2025,12/12/2024,M00744166-S3-ST,Structural,Permit Issued,M00744166-S3,Alteration CO,Yes,Yes,Permit Entire,270524.0,0,2,2.5E7,755 12 AVENUE  MANHATTAN,1109,100,104,JT MAGEN & COMPANY INC,40.76924133300781,-73.99617767333984
Manhattan,1028168,10/1/2026,10/1/2025,12119020001NB20,NB,Issued,121190200,NB,,,PERMIT ISSUED - ENTIRE JOB/WORK,669012.0,121,39,0.0,36 WEST 66TH STREET  Manhattan,1118,45,107,SLCE ARCHITECTS  LLP,40.77265930175781,-73.98033142089844
MANHATTAN,1028235,6/11/2026,7/18/2025,M01180442-S1-PMM,Protection and Mechanical Methods,Permit Issued,M01180442-S1,Full Demolition,,,Permit Entire,99769.0,0,0,10000.0,149 COLUMBUS AVENUE  MANHATTAN,1119,61,107,BREEZE NATIONAL INC,40.773868560791016,-73.9808578491211
Manhattan,1028643,7/9/2026,9/2/2025,10136184801AL05,AL,Issued,101361848,A1,,Y,PERMIT ISSUED - ENTIRE JOB/WORK,6166.0,10,4,42000.0,40 WEST   73 STREET  Manhattan,1125,59,107,JOSEPH FEINGOLD AIA,40.77764892578125,-73.97781372070312
MANHATTAN,1028700,11/1/2025,7/31/2025,M00707865-I1-GC,General Construction,Permit Issued,M00707865-I1,Alteration CO,,Yes,Permit Entire,8120.0,1,6,625650.0,43 WEST   74 STREET  MANHATTAN,1127,11,107,AGENCIE GROUP LLC NY,40.77848815917969,-73.97667694091797
MANHATTAN,1028816,12/31/2025,1/23/2025,M00479012-S6-ST,Structural,Permit Issued,M00479012-S6,Alteration CO,Yes,No,Permit Entire,1.0,0,4,3555839.0,170 CENTRAL PARK WEST  MANHATTAN,1129,29,107,TURNER CONSTRUCTION COMPA,40.77928924560547,-73.97438049316406
MANHATTAN,1030860,12/5/2025,9/19/2025,M01169408-I1-FD,Full Demolition,Permit Issued,M01169408-I1,Full Demolition,,,Permit Entire,8466.0,0,0,500000.0,2160 BROADWAY  MANHATTAN,1168,21,107,V.A.N. CONSTRUCTION CORP,40.78171157836914,-73.98066711425781
Manhattan,1030971,4/1/2026,8/25/2025,12123701801AL12,AL,Issued,121237018,A1,,Y,PERMIT ISSUED - ENTIRE JOB/WORK,39107.0,18,9,2224800.0,340 WEST 72ND STREET  Manhattan,1183,50,107,MONTROY ANDERSEN DEMARCO,40.78022003173828,-73.98619842529297
Manhattan,1030972,4/1/2026,8/25/2025,12123702701AL17,AL,Issued,121237027,A1,Y,Y,PERMIT ISSUED - ENTIRE JOB/WORK,168095.0,93,14,1.5042942E7,344 WEST 72ND STREET  Manhattan,1183,53,107,MONTROY ANDERSEN DEMARCO,40.780189514160156,-73.98651885986328
MANHATTAN,1031078,11/24/2025,8/15/2025,M08031399-S4-ST,Structural,Permit Issued,M08031399-S4,Alteration CO,Yes,,Permit Entire,6820.2998046875,1,5,350000.0,320 WEST   77 STREET  MANHATTAN,1185,85,107,TOMCHRIS CONTRACTING CORP,40.78321838378906,-73.9831771850586
MANHATTAN,1031127,12/16/2025,12/16/2024,M00607879-I1-GC,General Construction,Permit Issued,M00607879-I1,Alteration CO,Yes,No,Permit Entire,126047.0,110,16,400000.0,393 WEST END AVENUE  MANHATTAN,1186,7501,107,PRESS BUILDERS INC,40.78424072265625,-73.98165130615234
Manhattan,1031667,5/13/2026,5/21/2025,12118821301AL10,AL,Issued,121188213,A1,,Y,PERMIT ISSUED - ENTIRE JOB/WORK,4427.0,1,3,1064725.0,47 WEST 94TH STREET  Manhattan,1208,16,107,S3 ARCHITECTURE  LLC,40.791168212890625,-73.96697235107422
Manhattan,1031728,4/1/2026,3/11/2025,12120813901AL11,AL,Issued,121208139,A1,Y,,PERMIT ISSUED - ENTIRE JOB/WORK,174951.0,93,16,3000000.0,360 CENTRAL PARK WEST  Manhattan,1209,7502,107,CETRA/CRI ARCHITECTURE  PLLC,40.79148864746094,-73.96526336669922
Manhattan,1031993,7/30/2026,8/18/2025,12204230601AL17,AL,Issued,122042306,A1,Y,Y,PERMIT ISSUED - ENTIRE JOB/WORK,0.0,7,7,1243200.0,140 WEST 81ST STREET  Manhattan,1211,50,107,GACE CONSULTING ENGINEERS DPC,40.783748626708984,-73.97625732421875
Manhattan,1032579,11/4/2025,10/1/2025,12133368101AL10,AL,Issued,121333681,A1,,Y,PERMIT ISSUED - ENTIRE JOB/WORK,5598.0,2,6,967848.0,130 WEST 95 STREET  Manhattan,1225,145,107,SKODA DESIGN + ARCHITECTURE PLLC,40.79249954223633,-73.9693374633789
MANHATTAN,1033105,6/8/2026,9/12/2025,M00728230-S9-EW-SD,Standpipe,Permit Issued,M00728230-S9,New Building,,,Permit Entire,227743.0,45,18,0.0,211 WEST   84 STREET  MANHATTAN,1232,14,107,PLUMBING WORKS NYC INC,40.78696060180664,-73.97682189941406
MANHATTAN,1033221,11/4/2025,7/7/2025,M08004006-I1-GC,General Construction,Permit Issued,M08004006-I1,Alteration CO,Yes,Yes,Permit Entire,6000.0,4,4,510000.0,254 WEST   88 STREET  MANHATTAN,1235,56,107,RECORD GROUP INC,40.789649963378906,-73.9761962890625
Manhattan,1033691,3/17/2026,3/11/2025,12358006201AL05,AL,Issued,123580062,A1,,Y,PERMIT ISSUED - ENTIRE JOB/WORK,265173.0,131,16,2.121384E7,720 WEST END AVENUE  Manhattan,1243,1,107,MORRIS ADJMI ARCHITECTS,40.79460906982422,-73.97313690185547
Manhattan,1033982,7/22/2026,10/6/2025,12302511801AL09,AL,Issued,123025118,A1,Y,,PERMIT ISSUED - ENTIRE JOB/WORK,5011.0,8,5,180000.0,318 WEST 88 STREET  Manhattan,1249,43,107,GREGG ROTHSTEIN  ARCHITECT,40.790409088134766,-73.97799682617188
Manhattan,1034218,4/1/2026,4/1/2025,12118995301NB05,NB,Issued,121189953,NB,,,PERMIT ISSUED - PARTIAL JOB,195807.0,310,41,0.0,1150 6TH AVE  Manhattan,1260,4,105,STONEHILL & TAYLOR ARCHITECTS  P,40.75632095336914,-73.98258209228516
MANHATTAN,1034510,12/31/2025,1/8/2025,M00967572-I1-GC,General Construction,Permit Issued,M00967572-I1,Alteration CO,Yes,,Permit Entire,1925995.0,0,43,5767339.0,1290 AVENUE OF THE AMERICAS  MANHATTAN,1267,1,105,PAVARINI MCGOVERN LLC,40.76047134399414,-73.9788818359375
MANHATTAN,1035066,1/1/2026,9/29/2025,M00879385-S2-PMM,Protection and Mechanical Methods,Permit Issued,M00879385-S2,Full Demolition,,,Permit Entire,5856.0,0,0,5000.0,37 WEST   57 STREET  MANHATTAN,1273,12,105,VOLK INDUSTRIAL SERVICES,40.76409912109375,-73.9759521484375
MANHATTAN,1035721,12/12/2025,12/12/2024,M00505081-S3-ST,Structural,Permit Issued,M00505081-S3,New Building,,,Permit Entire,197075.0,0,28,1000.0,665 5 AVENUE  MANHATTAN,1288,69,105,PAVARINI MCGOVERN LLC,40.76008987426758,-73.97560119628906
MANHATTAN,1036085,5/28/2026,5/28/2025,M01032680-S4-PMM,Protection and Mechanical Methods,Permit Issued,M01032680-S4,Full Demolition,,,Permit Entire,35146.0,0,0,10000.0,613 MADISON AVENUE  MANHATTAN,1294,46,105,BREEZE NATIONAL INC,40.763118743896484,-73.97122192382812
MANHATTAN,1037552,1/9/2026,5/29/2025,M01075133-S3-ST,Structural,Permit Issued,M01075133-S3,Alteration CO,,Yes,Permit Entire,728956.0,927,37,4000000.0,229 EAST   42 STREET  MANHATTAN,1316,23,106,235 GC LLC,40.750389099121094,-73.97251892089844
Manhattan,1038561,8/21/2026,8/21/2025,12120656901NB02,NB,Issued,121206569,NB,,,PERMIT ISSUED - ENTIRE JOB/WORK,51138.0,29,19,0.0,1009 SECOND AVENUE  Manhattan,1327,23,106,ISSAC & STERN ARCHITECTS  PC,40.75714874267578,-73.96724700927734
Manhattan,1038767,9/9/2026,9/9/2025,12119266301NB01,NB,Issued,121192663,NB,,,PERMIT ISSUED - PARTIAL JOB,112612.0,131,35,0.0,303 E 44 ST  Manhattan,1337,105,106,ODA-ARCHITECTURE LPC,40.751121520996094,-73.97065734863281
MANHATTAN,1040810,6/11/2026,7/14/2025,M01134364-S2-PMM,Protection and Mechanical Methods,Permit Issued,M01134364-S2,Full Demolition,,,Permit Entire,6740.0,0,0,50000.0,39 EAST   60 STREET  MANHATTAN,1375,127,108,BREEZE NATIONAL INC,40.76411056518555,-73.97013092041016
Manhattan,1040852,10/22/2025,10/22/2024,12087015601AL16,AL,Issued,120870156,A1,Y,Y,PERMIT ISSUED - ENTIRE JOB/WORK,0.0,0,6,1733425.0,27 EAST 61ST STREET  Manhattan,1376,24,108,C3D ARCHITECTURE  PLLC,40.76485061645508,-73.96994018554688
Manhattan,1041107,12/28/2025,9/29/2025,12341738301AL09,AL,Issued,123417383,A1,,Y,PERMIT ISSUED - ENTIRE JOB/WORK,9985.0,5,6,1495695.0,46 EAST 65 ST  Manhattan,1379,144,108,TURETT COLLABORATIVE ARCHITECTS,40.76681900024414,-73.96803283691406
Manhattan,1041141,1/1/2026,1/20/2025,12239928901AL10,AL,Issued,122399289,A1,Y,Y,PERMIT ISSUED - ENTIRE JOB/WORK,0.0,1,5,1137090.0,56 E 66 ST  Manhattan,1380,44,108,SPAN ARCHITECTURE,40.76744842529297,-73.96756744384766
Manhattan,1041189,4/1/2026,3/20/2025,11045958401AL28,AL,Issued,110459584,A1,Y,,PERMIT ISSUED - ENTIRE JOB/WORK,0.0,1,6,1.00548E7,14 EAST 67TH STREET  Manhattan,1381,61,108,ROBER FERRIS & PARTNERS LLC,40.76865005493164,-73.9684829711914
MANHATTAN,1041196,5/18/2026,7/22/2025,M00895355-S4-EW-SP,Sprinklers,Permit Issued,M00895355-S4,Alteration CO,Yes,,Permit Entire,25716.0,3,6,1842375.0,854 5 AVENUE  MANHATTAN,1381,72,108,KG SPRINKLER CORP,40.76884841918945,-73.96923065185547
Manhattan,1041213,7/1/2026,6/30/2025,12120868301AL05,AL,Issued,121208683,A1,Y,,PERMIT ISSUED - ENTIRE JOB/WORK,1883.0,2,5,606460.0,793 MADISON AVENUE  Manhattan,1382,24,108,SAWICKI TARELLA ARCHITECTURE + D,40.76858901977539,-73.96745300292969
MANHATTAN,1041500,2/20/2026,3/6/2025,M07996984-S1-SE,Support of Excavation,Permit Issued,M07996984-S1,Alteration CO,,Yes,Permit Entire,11028.0,1,5,20000.0,51 EAST   73 STREET  MANHATTAN,1388,30,108,TRIBORO CONSTR ASSOC INC,40.772281646728516,-73.96391296386719
MANHATTAN,1041663,10/31/2025,4/21/2025,M00670804-I1-GC,General Construction,Permit Issued,M00670804-I1,Alteration CO,Yes,Yes,Permit Entire,10651.33984375,1,6,2250000.0,38 EAST   75 STREET  MANHATTAN,1389,45,108,JRL SKYLINE INC,40.77323913574219,-73.96343994140625
Manhattan,1041863,4/20/2026,6/17/2025,11005472501AL04,AL,Issued,110054725,A1,Y,Y,PERMIT ISSUED - ENTIRE JOB/WORK,26050.0,0,6,6000000.0,25 EAST   78 STREET  Manhattan,1393,14,108,STUDIOS ARCHITECTURE,40.77587890625,-73.96280670166016
Manhattan,1041875,4/1/2026,4/9/2025,12262023501AL12,AL,Issued,122620235,A1,Y,Y,PERMIT ISSUED - ENTIRE JOB/WORK,0.0,1,6,1463880.0,890 PARK AVENUE  Manhattan,1393,37,108,MURDOCK SOLON ARCHITECTS,40.775428771972656,-73.96105194091797
Manhattan,1042018,6/1/2026,6/5/2025,12239630801AL14,AL,Issued,122396308,A1,Y,,PERMIT ISSUED - ENTIRE JOB/WORK,0.0,1,4,781650.0,152 E 62 ST  Manhattan,1396,143,108,STEVEN KRATCHMAN  AIA,40.76353073120117,-73.9660415649414
Manhattan,1042125,2/12/2026,6/24/2025,12345144201AL10,AL,Issued,123451442,A1,Y,,PERMIT ISSUED - ENTIRE JOB/WORK,8102.0,1,5,5431000.0,141 EAST 63RD STREET  Manhattan,1398,123,108,DHD ARCHITECTURE PC,40.76475143432617,-73.9658203125
Manhattan,1042467,11/1/2025,10/31/2024,12336299401AL09,AL,Issued,123362994,A1,,Y,PERMIT ISSUED - ENTIRE JOB/WORK,1.0,51,11,2024000.0,655 PARK AVENUE  Manhattan,1402,1,108,GEORGIS & MIRGORODKSY ARCHITECT,40.76805877685547,-73.96552276611328
MANHATTAN,1042733,11/15/2025,11/15/2024,M00726765-I1-GC,General Construction,Permit Issued,M00726765-I1,Alteration CO,Yes,No,Permit Entire,10814.0,1,3,540700.0,163 EAST   70 STREET  MANHATTAN,1405,27,108,BBM DEVELOPMENT INC,40.76900863647461,-73.96233367919922
Manhattan,1042766,1/1/2026,12/18/2024,12283193501AL15,AL,Issued,122831935,A1,Y,Y,PERMIT ISSUED - ENTIRE JOB/WORK,0.0,1,4,1075000.0,152 EAST 71ST STREET  Manhattan,1405,148,108,TODD ZWIGARD ARCHTITECT,40.76934051513672,-73.96234893798828
Manhattan,1043061,12/1/2025,11/19/2024,12133032701AL17,AL,Issued,121330327,A1,,Y,PERMIT ISSUED - ENTIRE JOB/WORK,0.0,1,6,3003000.0,134 EAST 74TH STREET  Manhattan,1408,59,108,PETER PENNOYER ARCHITECTS,40.77172088623047,-73.96167755126953
Manhattan,1043211,5/5/2026,6/18/2025,12337476701AL08,AL,Issued,123374767,A1,,Y,PERMIT ISSUED - ENTIRE JOB/WORK,21576.0,14,6,278350.0,138 EAST 78TH STREET  Manhattan,1412,57,108,WILLIAM LEGGIO ARCHITECT LLC,40.7741584777832,-73.95970916748047
MANHATTAN,1043926,1/1/2026,7/10/2025,M01140399-S1-PMM,Protection and Mechanical Methods,Permit Issued,M01140399-S1,Full Demolition,,,Permit Entire,7500.0,0,0,160.0,1343 2 AVENUE  MANHATTAN,1425,26,108,VOLK INDUSTRIAL SERVICES,40.768001556396484,-73.95928955078125
MANHATTAN,1043927,1/1/2026,7/10/2025,M01140410-S1-PMM,Protection and Mechanical Methods,Permit Issued,M01140410-S1,Full Demolition,,,Permit Entire,7500.0,0,0,160.0,1345 2 AVENUE  MANHATTAN,1425,27,108,VOLK INDUSTRIAL SERVICES,40.76805877685547,-73.95924377441406
MANHATTAN,1043928,1/1/2026,7/10/2025,M01140415-S1-PMM,Protection and Mechanical Methods,Permit Issued,M01140415-S1,Full Demolition,,,Permit Entire,7910.0,0,0,160.0,1347 2 AVENUE  MANHATTAN,1425,28,108,VOLK INDUSTRIAL SERVICES,40.768131256103516,-73.95919799804688
MANHATTAN,1043932,1/1/2026,7/7/2025,M01140418-S1-PMM,Protection and Mechanical Methods,Permit Issued,M01140418-S1,Full Demolition,,,Permit Entire,11195.0,0,0,160.0,242 EAST   71 STREET  MANHATTAN,1425,128,108,VOLK INDUSTRIAL SERVICES,40.76810836791992,-73.95942687988281
Manhattan,1044019,7/1/2026,5/28/2025,12118833901AL03,AL,Issued,121188339,A1,Y,,PERMIT ISSUED - ENTIRE JOB/WORK,7838.0,31,5,645000.0,1291 3RD AVENUE  Manhattan,1429,1,108,SLCE ARCHITECTS,40.77104949951172,-73.95929718017578
Manhattan,1044020,7/1/2026,5/28/2025,12118832001AL03,AL,Issued,121188320,A1,Y,,PERMIT ISSUED - ENTIRE JOB/WORK,14144.0,16,5,645000.0,1293 3RD AVENUE  Manhattan,1429,2,108,SLCE ARCHITECTS,40.7711296081543,-73.9592514038086
MANHATTAN,1045862,1/1/2026,9/5/2025,M01228687-S2-FN,Construction Fence,Permit Issued,M01228687-S2,Full Demolition,,,Permit Entire,4502.0,0,0,5000.0,1356 1 AVENUE  MANHATTAN,1467,7501,108,VOLK INDUSTRIAL SERVICES,40.76823043823242,-73.95530700683594
Manhattan,1046258,10/1/2026,9/24/2025,12120557901AL07,AL,Issued,121205579,A1,Y,Y,PERMIT ISSUED - ENTIRE JOB/WORK,93994.0,0,14,1.44E8,537 EAST 71 STREET  Manhattan,1483,23,108,EWINGCOLE,40.765560150146484,-73.95218658447266
MANHATTAN,1046655,6/1/2026,7/31/2025,M08046639-I1-GC,General Construction,Permit Issued,M08046639-I1,Alteration CO,Yes,Yes,Permit Entire,9488.0,2,6,892480.0,50 EAST   81 STREET  MANHATTAN,1492,142,108,RTR CONSTRUCTION CO INC,40.777061462402344,-73.96038818359375
Manhattan,1046783,3/5/2026,2/28/2025,12304360601AL05,AL,Issued,123043606,A1,Y,,PERMIT ISSUED - ENTIRE JOB/WORK,41135.0,31,9,1.3930976E7,1109 MADISON AVENUE  Manhattan,1495,21,108,FRADKIN MCALPIN ARCHITECTS,40.77901077270508,-73.95989990234375
MANHATTAN,1046789,2/19/2026,7/14/2025,M00952569-S1-ST,Structural,Permit Issued,M00952569-S1,New Building,,,Permit Entire,113062.6015625,22,18,0.0,1122 MADISON AVENUE  MANHATTAN,1495,56,108,CM AND ASSOCIATES CONST,40.779441833496094,-73.96013641357422
Manhattan,1046966,6/1/2026,5/27/2025,12353965201AL09,AL,Issued,123539652,A1,Y,,PERMIT ISSUED - ENTIRE JOB/WORK,15751.0,1,7,2200000.0,1083 5 AVENUE  Manhattan,1501,4,108,ZIVKOVIC CONNOLLY ARCHITECTS,40.78361129760742,-73.95850372314453
Manhattan,1047037,1/5/2026,2/3/2025,12094113301AL07,AL,Issued,120941133,A1,,Y,PERMIT ISSUED - ENTIRE JOB/WORK,28969.0,10,7,3700000.0,1290 MADISON AVENUE  Manhattan,1503,56,108,PAGE AYRES COWLEY ARCHITECTS  LL,40.784549713134766,-73.95633697509766
MANHATTAN,1047120,12/31/2025,7/29/2025,M08031325-I1-GC,General Construction,Permit Issued,M08031325-I1,Alteration CO,Yes,Yes,Permit Entire,3845.0,1,4,384500.0,63 EAST   93 STREET  MANHATTAN,1505,28,108,BLACK SQUARE BUILDERS COR,40.785160064697266,-73.95467376708984
MANHATTAN,1047521,1/1/2026,3/5/2025,M01164972-S1-PMM,Protection and Mechanical Methods,Permit Issued,M01164972-S1,Full Demolition,,,Permit Entire,1540.0,0,0,10000.0,1410 3 AVENUE  MANHATTAN,1509,33,108,CELTIC SERVICES NYC INC,40.775299072265625,-73.95700073242188
MANHATTAN,1047522,1/1/2026,3/6/2025,M01165010-S1-PMM,Protection and Mechanical Methods,Permit Issued,M01165010-S1,Full Demolition,,,Permit Entire,2730.0,0,0,10000.0,1412 3 AVENUE  MANHATTAN,1509,34,108,CELTIC SERVICES NYC INC,40.775299072265625,-73.95700073242188
MANHATTAN,1047547,1/1/2026,3/5/2025,M01164570-S1-PMM,Protection and Mechanical Methods,Permit Issued,M01164570-S1,Full Demolition,,,Permit Entire,3000.0,0,0,10000.0,185 EAST   80 STREET  MANHATTAN,1509,133,108,CELTIC SERVICES NYC INC,40.775299072265625,-73.95700073242188
MANHATTAN,1048289,11/8/2025,8/11/2025,M01054309-S7-ST,Structural,Permit Issued,M01054309-S7,ALT-CO - New Building with Existing Elements to Remain,Yes,No,Permit Entire,5135.6298828125,1,5,250000.0,1149 PARK AVENUE  MANHATTAN,1520,3,108,DLG INTERIORS RENOVATIONS,40.78348159790039,-73.9543685913086
MANHATTAN,1048693,12/5/2025,9/10/2025,M00986017-I1-FD,Full Demolition,Permit Issued,M00986017-I1,Full Demolition,,,Permit Entire,7527.0,0,0,100000.0,1477 3 AVENUE  MANHATTAN,1529,4,108,V.A.N. CONSTRUCTION CORP,40.77701950073242,-73.95488739013672
MANHATTAN,1050309,3/3/2026,3/3/2025,M00799130-S3-SE,Support of Excavation,Permit Issued,M00799130-S3,ALT-CO - New Building with Existing Elements to Remain,Yes,Yes,Permit Entire,177058.0,0,9,175808.0,309 EAST   94 STREET  MANHATTAN,1557,8,108,JRM CONSTRUCTION MGMT LLC,40.782711029052734,-73.94676208496094
Manhattan,1050753,11/19/2025,11/19/2024,14099339801AL03,AL,Issued,140993398,A1,,Y,PERMIT ISSUED - ENTIRE JOB/WORK,19015.0,21,7,950750.0,419 EAST 91ST STREET  Manhattan,1571,14,108,J FRANKL ARCHITECTS,40.77975082397461,-73.9457015991211
MANHATTAN,1052167,10/31/2025,10/31/2024,M08010615-I1-GC,General Construction,Permit Issued,M08010615-I1,Alteration CO,Yes,,Permit Entire,12444.0,0,3,3355436.0,174 EAST  110 STREET  MANHATTAN,1637,141,111,SHAWMUT WOODWORKING & SUP,40.79417037963867,-73.9434814453125
MANHATTAN,1055151,12/31/2025,8/11/2025,M01208069-I1-GC,General Construction,Permit Issued,M01208069-I1,Alteration CO,Yes,Yes,Permit Entire,5330.52001953125,2,5,520157.5,233 WEST  113 STREET  MANHATTAN,1829,21,110,OMADA CONSTRUCTION CORP,40.80192184448242,-73.95484924316406
MANHATTAN,1055263,9/3/2026,9/3/2025,M01073641-S2-SE,Support of Excavation,Permit Issued,M01073641-S2,Alteration CO,,Yes,Permit Entire,56953.0,0,7,700571.0,361 CENTRAL PARK WEST  MANHATTAN,1832,29,107,SHAWMUT WOODWORKING & SUP,40.792049407958984,-73.96489715576172
Manhattan,1058657,8/7/2026,8/6/2025,12118744701NB24,NB,Issued,121187447,NB,,,PERMIT ISSUED - ENTIRE JOB/WORK,375187.0,191,29,0.0,233 WEST 125TH STREET  Manhattan,1931,17,110,AUFGANG ARCHITECTS  LLC,40.809959411621094,-73.9493637084961
Manhattan,1059420,4/20/2026,4/24/2025,12012212501AL03,AL,Issued,120122125,A1,,Y,PERMIT ISSUED - ENTIRE JOB/WORK,0.0,16,5,540000.0,2461 8TH AVENUE  Manhattan,1958,23,110,TOBIAS GUGGENHEIMER ARCHITECT PC,40.81462097167969,-73.94833374023438
Manhattan,1060461,8/14/2026,9/3/2025,12120404401NB03,NB,Issued,121204044,NB,,,PERMIT ISSUED - PARTIAL JOB,82268.0,72,8,0.0,210 WEST 145TH STREET  Manhattan,2030,38,110,AUFGANG ARCHITECTS,40.82170104980469,-73.93998718261719
Manhattan,1060663,11/14/2025,8/19/2025,12287389001AL07,AL,Issued,122873890,A1,Y,Y,PERMIT ISSUED - ENTIRE JOB/WORK,6199.0,2,5,629500.0,311 WEST 138 STREET  Manhattan,2041,42,110,MICHAEL SCADUTO ARCHITECT PLLC,40.818878173828125,-73.94564056396484
Manhattan,1061522,6/17/2026,7/22/2025,12359800801AL05,AL,Issued,123598008,A1,,Y,PERMIT ISSUED - PARTIAL JOB,5505.0,2,4,558781.0,414 WEST 149 STREET  Manhattan,2063,41,109,RODNEY LEON ARCHITECTS PLLC,40.826778411865234,-73.94397735595703
Manhattan,1063574,11/25/2025,11/27/2024,12028762501AL19,AL,Issued,120287625,A1,Y,Y,PERMIT ISSUED - PARTIAL JOB,0.0,0,8,1251867.0,76 WADSWORTH AVENUE  Manhattan,2145,51,112,COGEN ARCHITECTS  PC,40.84695816040039,-73.93743133544922
Manhattan,1066773,10/27/2025,5/23/2025,12318636401AL10,AL,Issued,123186364,A1,,Y,PERMIT ISSUED - ENTIRE JOB/WORK,0.0,0,7,1367500.0,430 WEST BROADWAY  Manhattan,502,25,102,MORRIS ADJMI ARCHITECTS,40.725521087646484,-74.00147247314453
Manhattan,1071616,8/28/2026,8/28/2025,12125378501NB02,NB,Issued,121253785,NB,,,PERMIT ISSUED - ENTIRE JOB/WORK,133585.0,149,21,0.0,215 EAST 45TH STREET  Manhattan,1319,8,106,DATTNER ARCHITECTS,40.752540588378906,-73.97209167480469
Manhattan,1072932,6/3/2026,6/4/2025,10182149601AL05,AL,Issued,101821496,A1,Y,,PERMIT ISSUED - ENTIRE JOB/WORK,194045.0,94,31,26000.0,30 EAST   85 STREET  Manhattan,1496,7501,108,LINEA LLP,40.78007125854492,-73.95977783203125
MANHATTAN,1075637,6/11/2026,7/21/2025,M01179112-S1-PMM,Protection and Mechanical Methods,Permit Issued,M01179112-S1,Full Demolition,,,Permit Entire,133835.0,0,0,10000.0,141 COLUMBUS AVENUE  MANHATTAN,1119,1,107,BREEZE NATIONAL INC,40.77362823486328,-73.98104095458984
Manhattan,1076207,12/1/2025,11/26/2024,12120928101NB08,NB,Issued,121209281,NB,,,PERMIT ISSUED - ENTIRE JOB/WORK,436619.0,453,45,0.0,550 10TH AVE  Manhattan,1050,61,104,HANDEL ARCHITECTS,40.75851058959961,-73.99591064453125
Manhattan,1078027,5/31/2026,5/28/2025,12290008501AL11,AL,Issued,122900085,A1,Y,,PERMIT ISSUED - ENTIRE JOB/WORK,66282.0,7,7,755509.0,595 FDR DRIVE  Manhattan,323,1,103,NELLIGAN WHITE ARCHITECTS PLLC,40.717430114746094,-73.97781372070312
Manhattan,1078028,5/31/2026,5/28/2025,12290012901AL08,AL,Issued,122900129,A1,Y,,PERMIT ISSUED - ENTIRE JOB/WORK,2150375.0,134,14,2140896.0,571 FDR DRIVE  Manhattan,323,1,103,NELLIGAN WHITE ARCHITECTS PLLC,40.717430114746094,-73.97781372070312
Manhattan,1078029,5/31/2026,5/28/2025,12290758701AL08,AL,Issued,122907587,A1,Y,,PERMIT ISSUED - ENTIRE JOB/WORK,0.0,134,14,2070700.0,549 FDR DRIVE  Manhattan,323,1,103,NELLIGAN WHITE ARCHITECTS PLLC,40.717430114746094,-73.97781372070312
Manhattan,1078030,5/31/2026,5/28/2025,12290009401AL08,AL,Issued,122900094,A1,Y,,PERMIT ISSUED - ENTIRE JOB/WORK,0.0,132,14,2070700.0,521 FDR DRIVE  Manhattan,323,1,103,NELLIGAN WHITE ARCHITECTS PLLC,40.717430114746094,-73.97781372070312
Manhattan,1078031,5/31/2026,5/28/2025,12290011001AL08,AL,Issued,122900110,A1,Y,,PERMIT ISSUED - ENTIRE JOB/WORK,0.0,134,14,1715930.0,62 BARUCH DRIVE  Manhattan,323,1,103,NELLIGAN WHITE ARCHITECTS PLLC,40.717430114746094,-73.97781372070312
Manhattan,1078032,5/31/2026,5/28/2025,12280582001AL09,AL,Issued,122805820,A1,Y,,PERMIT ISSUED - ENTIRE JOB/WORK,2948300.0,132,14,4183516.0,70 BARUCH DRIVE  Manhattan,323,1,103,NELLIGAN WHITE ARCHITECTS PLLC,40.717430114746094,-73.97781372070312
Manhattan,1078033,5/31/2026,5/28/2025,12290007601AL11,AL,Issued,122900076,A1,Y,,PERMIT ISSUED - ENTIRE JOB/WORK,0.0,134,14,1450808.0,80 BARUCH DRIVE  Manhattan,323,1,103,NELLIGAN WHITE ARCHITECTS PLLC,40.717430114746094,-73.97781372070312
Manhattan,1078034,5/31/2026,5/28/2025,12290016501AL08,AL,Issued,122900165,A1,Y,,PERMIT ISSUED - ENTIRE JOB/WORK,0.0,134,14,1489084.0,110 BARUCH DRIVE  Manhattan,323,1,103,NELLIGAN WHITE ARCHITECTS PLLC,40.717430114746094,-73.97781372070312
Manhattan,1078040,5/31/2026,6/20/2025,12290112801AL09,AL,Issued,122901128,A1,Y,,PERMIT ISSUED - ENTIRE JOB/WORK,118046.0,130,14,1437035.0,80 COLUMBIA ST  Manhattan,323,1,103,NELLIGAN WHITE ARCHITECTS PLLC,40.717430114746094,-73.97781372070312
MANHATTAN,1078945,12/30/2025,7/17/2025,M01003637-I1-GC-CX,Structural General Construction,Permit Issued,M01003637-I1,Alteration CO,Yes,,Permit Entire,8525.0,8,5,293000.0,99 MADISON STREET  MANHATTAN,277,13,103,L2 CONSTRUCTION INC,40.712440490722656,-73.99539947509766
Manhattan,1079109,5/18/2026,6/25/2025,12067500001AL03,AL,Issued,120675000,A1,,Y,PERMIT ISSUED - PARTIAL JOB,0.0,2,5,215000.0,325 BOWERY  Manhattan,458,1,103,SCALAR ARCHITECTURE,40.72563934326172,-73.99170684814453
Manhattan,1079154,3/2/2026,4/9/2025,10255627101AL24,AL,Issued,102556271,A1,,Y,PERMIT ISSUED - ENTIRE JOB/WORK,45721.0,14,10,600000.0,8 WARREN STREET  Manhattan,0,0,101,LINES LLP,40.714080810546875,-74.00721740722656
Manhattan,1079308,1/1/2026,1/10/2025,12379755101AL04,AL,Issued,123797551,A1,Y,,PERMIT ISSUED - ENTIRE JOB/WORK,341997.0,209,12,167000.0,750 COLUMBUS AVENUE  Manhattan,1851,7501,107,M G NEW YORK ARCHITECTS,40.79341125488281,-73.96774291992188
Manhattan,1079377,4/1/2026,5/28/2025,12084192801AL19,AL,Issued,120841928,A1,,Y,PERMIT ISSUED - ENTIRE JOB/WORK,0.0,199,14,775200.0,235 WEST 75TH STREET  Manhattan,1167,11,107,MONTROY ANDERSON DEMARCO,40.781558990478516,-73.98165893554688
Manhattan,1079406,6/17/2026,10/15/2025,12338060701AL07,AL,Issued,123380607,A1,Y,,PERMIT ISSUED - ENTIRE JOB/WORK,3292.0,8,5,213980.0,89 MULBERRY STREET  Manhattan,199,18,103,ZHENG ENGINEERING PLLC,40.71678161621094,-73.99907684326172
MANHATTAN,1079839,1/28/2026,1/28/2025,M01042621-S9-SF,Supported Scaffold,Permit Issued,M01042621-S9,ALT-CO - New Building with Existing Elements to Remain,,Yes,Permit Entire,45030.0,18,6,1000.0,220 EAST    9 STREET  MANHATTAN,464,20,103,PLATINUM SERVICES NY LLC,40.729469299316406,-73.98838806152344
Manhattan,1080217,6/1/2026,5/28/2025,12119269001NB15,NB,Issued,121192690,NB,,,PERMIT ISSUED - ENTIRE JOB/WORK,35091.0,0,10,0.0,256 WEST 14 STREET  Manhattan,618,5,102,GENE KAUFMAN ARCHITECT PC,40.73945999145508,-74.00237274169922
Manhattan,1080352,4/1/2026,6/6/2025,12118864101NB10,NB,Issued,121188641,NB,,,PERMIT ISSUED - ENTIRE JOB/WORK,269979.0,379,51,0.0,450 11TH AVENUE  Manhattan,708,65,104,GAD ASHOORI P.E,40.75735855102539,-74.00042724609375
Manhattan,1081213,6/1/2026,5/27/2025,12118879401AL08,AL,Issued,121188794,A1,Y,,PERMIT ISSUED - ENTIRE JOB/WORK,196040.0,0,9,1.79725856E8,1 EAST 70 STREET  Manhattan,1385,1,108,BEYER BLINDER BELLE ARCHITECTS,40.77122116088867,-73.96719360351562
Manhattan,1083026,11/1/2025,10/23/2024,12118935601AL13,AL,Issued,121189356,A1,Y,,PERMIT ISSUED - ENTIRE JOB/WORK,1742860.0,0,31,1.6E8,2 PENN PLAZA  Manhattan,781,2,105,MDEAS ARCHITECTS,40.74998092651367,-73.99212646484375
Manhattan,1083425,1/1/2026,3/28/2025,11030760401NB07,NB,Issued,110307604,NB,,,PERMIT ISSUED - ENTIRE JOB/WORK,7043.0,0,4,0.0,156 RIVINGTON STREET  Manhattan,349,33,103,PAUL A. CASTRUCCI ARCHITECT,40.71937942504883,-73.98533630371094
Manhattan,1083616,7/28/2026,7/28/2025,12120672901AL03,AL,Issued,121206729,A1,Y,Y,PERMIT ISSUED - ENTIRE JOB/WORK,73215.0,186,26,1.35E7,321 WEST 38 STREET  Manhattan,762,23,104,GENE KAUFMAN ARCHITECT PC,40.75532913208008,-73.99252319335938
Manhattan,1083671,7/1/2026,7/22/2025,12345052201AL07,AL,Issued,123450522,A1,,Y,PERMIT ISSUED - ENTIRE JOB/WORK,9045.0,0,4,2199458.0,504 WEST 140 STREET  Manhattan,2071,27,109,MICHIELLI + WYETZNER ARCHITECTS,40.82212829589844,-73.95065307617188
Manhattan,1083858,8/10/2026,8/13/2025,12158285801AL12,AL,Issued,121582858,A1,,Y,PERMIT ISSUED - ENTIRE JOB/WORK,59894.0,0,13,452000.0,550 FIFTH AVENUE  Manhattan,1261,36,105,JOSEPH PELL LOMBARDI &ASSOC ARCH,40.75579071044922,-73.97960662841797
MANHATTAN,1084198,12/30/2025,7/21/2025,M01036737-S5-SE,Support of Excavation,Permit Issued,M01036737-S5,New Building,,,Permit Entire,507119.0,0,16,0.0,635 WEST  165 STREET  MANHATTAN,2138,40,112,CONSIGLI CONSTRUCTION CO,40.8406982421875,-73.94164276123047
Manhattan,1084612,6/1/2026,9/29/2025,12120536501NB06,NB,Issued,121205365,NB,,,PERMIT ISSUED - ENTIRE JOB/WORK,135288.0,80,19,0.0,59 HENRY STREET  Manhattan,280,15,103,S9 ARCHITECTURE,40.71316909790039,-73.99532318115234
Manhattan,1085949,8/7/2026,8/11/2025,12388181601AL07,AL,Issued,123881816,A1,Y,,PERMIT ISSUED - ENTIRE JOB/WORK,103334.0,62,24,1.55001E7,1 PARK ROW  Manhattan,90,1,101,FOGARTY FINGER PLLC,40.711181640625,-74.00813293457031
Manhattan,1086089,5/1/2026,4/30/2025,12332934401AL15,AL,Issued,123329344,A1,Y,,PERMIT ISSUED - ENTIRE JOB/WORK,1125784.0,332,21,2.053E7,85 COLUMBIA STREET  Manhattan,333,1,103,LAWLESS & MANGIONE,40.71788024902344,-73.98084259033203
MANHATTAN,1086429,1/24/2026,1/24/2025,M01068543-S6-SE,Support of Excavation,Permit Issued,M01068543-S6,ALT-CO - New Building with Existing Elements to Remain,,,Permit Entire,14292.0,0,3,39997.5,114 ANDES ROAD  MANHATTAN,1,112,101,NOBLE CONSTRUCTION GR LLC,40.692928314208984,-74.01834869384766
Manhattan,1087603,3/20/2026,7/4/2025,10130666801NB07,NB,Issued,101306668,NB,,,PERMIT ISSUED - ENTIRE JOB/WORK,32655.0,0,2,0.0,1815 RIVERSIDE DRIVE  Manhattan,2246,115,112,F. FERANADO AIA,40.8660888671875,-73.92926788330078
MANHATTAN,1087604,1/1/2026,6/6/2025,M00775346-S4-MS,Mechanical Systems,Signed-off,M00775346-S4,New Building,,,Permit Entire,32650.0,12,4,1000.0,3972 10 AVENUE  MANHATTAN,2229,25,112,PROCIDA CONSTRUCTION CORP,40.86758041381836,-73.91705322265625
MANHATTAN,1088177,12/11/2025,7/30/2025,M00479953-I1-GC,General Construction,Permit Issued,M00479953-I1,New Building,,,Permit Entire,28937.0,16,10,1.0,345 EAST   17 STREET  MANHATTAN,923,26,106,LEVEL 10 CONSTRUCTION GR*,40.73373031616211,-73.98174285888672
Manhattan,1088498,12/8/2025,3/25/2025,10487039201NB39,NB,Issued,104870392,NB,,,PERMIT ISSUED - ENTIRE JOB/WORK,39064.0,98,17,0.0,139 ORCHARD STREET  Manhattan,415,67,103,GENE KAUFMAN ARCHITECT PC,40.720130920410156,-73.98950958251953
Manhattan,1088860,12/16/2025,12/16/2024,12120609701NB09,NB,Issued,121206097,NB,,,PERMIT ISSUED - ENTIRE JOB/WORK,309311.0,357,29,0.0,430 MAIN STREET  Manhattan,1373,10,108,HANDEL ARCHITECTS  LLP,40.75830078125,-73.95195770263672
Manhattan,1088966,9/29/2026,9/29/2025,12119229901NB02,NB,Issued,121192299,NB,,,PERMIT ISSUED - ENTIRE JOB/WORK,447730.0,462,64,0.0,111 WASHINGTON STREET  Manhattan,53,12,101,HANDEL ARCHITECTS  LLP,40.70878982543945,-74.01392364501953
Manhattan,1089057,3/8/2026,5/28/2025,12296541601NB10,NB,Issued,122965416,NB,,,PERMIT ISSUED - ENTIRE JOB/WORK,25700.0,22,8,0.0,308 EAST 106 STREET  Manhattan,1677,46,111,KR DESIGN GROUP LLC,40.79011154174805,-73.94194030761719
Manhattan,1089192,8/27/2026,8/27/2025,12118914101NB05,NB,Issued,121189141,NB,,,PERMIT ISSUED - ENTIRE JOB/WORK,599021.0,611,30,0.0,375 WEST 207 STREET  Manhattan,2188,7501,112,AUFGANG ARCHITECTS,40.86376953125,-73.91607666015625
Manhattan,1089288,4/1/2026,5/27/2025,12120580001NB08,NB,Issued,121205800,NB,,,PERMIT ISSUED - ENTIRE JOB/WORK,16370.0,20,8,0.0,349 WEST 141TH STREET  Manhattan,2051,6,109,LEAF ARCHITECTURE  PLLC,40.821231842041016,-73.94544219970703
Manhattan,1089434,1/1/2026,5/30/2025,12123763301NB20,NB,Issued,121237633,NB,,,PERMIT ISSUED - PARTIAL JOB,400480.0,0,16,0.0,524 EAST 74TH STREET  Manhattan,1485,115,108,ENNEAD ARCHITECTS LLP,40.76723861694336,-73.9515609741211
Manhattan,1089691,9/18/2026,9/18/2025,12118670501NB11,NB,Issued,121186705,NB,,,PERMIT ISSUED - PARTIAL JOB,560776.0,1,14,0.0,400 11TH AVENUE  Manhattan,706,1,104,FXFOWLE ARCHITECTS  LLP,40.75592041015625,-74.0011978149414
Manhattan,1089807,8/31/2026,8/29/2025,12119030801NB18,NB,Issued,121190308,NB,,,PERMIT ISSUED - ENTIRE JOB/WORK,900762.0,355,36,0.0,76 11TH AVENUE  Manhattan,689,17,104,WOODS BAGOT,40.74470138549805,-74.0074234008789
Manhattan,1090122,10/31/2025,10/31/2024,12288542201NB14,NB,Issued,122885422,NB,,,PERMIT ISSUED - ENTIRE JOB/WORK,2216567.0,0,66,0.0,66 HUDSON BOULEVARD EAST  Manhattan,706,17,104,ADAMSON ASSOCIATES ARCHITECTS,40.75522994995117,-73.99958801269531
Manhattan,1090388,5/31/2026,5/28/2025,12308512401NB12,NB,Issued,123085124,NB,,,PERMIT ISSUED - ENTIRE JOB/WORK,5202.0,0,1,0.0,78 BARUCH DRIVE  Manhattan,323,1,103,NELLIGAN WHITE ARCHITECTS PLLC,40.717430114746094,-73.97781372070312
Manhattan,1090443,8/7/2026,8/6/2025,12119198601NB31,NB,Issued,121191986,NB,,,PERMIT ISSUED - ENTIRE JOB/WORK,420108.0,401,38,0.0,1227 BROADWAY  Manhattan,831,68,105,VOA ARCHITECTURE  PLLC,40.74658966064453,-73.98889923095703
Manhattan,1090459,3/4/2026,3/4/2025,12274510001NB26,NB,Issued,122745100,NB,,,PERMIT ISSUED - ENTIRE JOB/WORK,137581.0,365,35,0.0,255 WEST 34TH STREET  Manhattan,784,12,105,STONEHILL & TAYLOR ARCHITECTS PC,40.75205993652344,-73.992431640625
MANHATTAN,1090627,2/4/2026,9/18/2025,M00643592-S6-SE,Support of Excavation,Permit Issued,M00643592-S6,New Building,,,Permit Entire,369675.0,311,70,1000.0,100 WEST   37 STREET  MANHATTAN,812,45,105,VERTCON BUILDERS LLC,40.75162124633789,-73.9868392944336
Manhattan,1090634,1/1/2026,9/22/2025,12133266401NB14,NB,Issued,121332664,NB,,,PERMIT ISSUED - ENTIRE JOB/WORK,80809.0,200,22,0.0,36 WEST 38TH STREET  Manhattan,839,67,105,MATT MARKOWITZ ARCHITECT,40.75143814086914,-73.98445129394531
Manhattan,1090697,4/1/2026,2/10/2025,12118849101NB08,NB,Issued,121188491,NB,,,PERMIT ISSUED - ENTIRE JOB/WORK,355455.0,348,34,0.0,50 EAST 112 STREET  Manhattan,1617,20,111,HANDEL ARCHITECTS  LLP,40.79706954956055,-73.94661712646484
Manhattan,1090761,6/14/2026,7/1/2025,12118923001NB16,NB,Issued,121189230,NB,,,PERMIT ISSUED - ENTIRE JOB/WORK,167744.0,93,16,0.0,410 WEST 126TH STREET  Manhattan,1966,77,109,STUDIO C ARCHITECTS,40.81224060058594,-73.95440673828125
Manhattan,1090788,4/1/2026,9/3/2025,12119205701NB13,NB,Issued,121192057,NB,,,PERMIT ISSUED - ENTIRE JOB/WORK,35081.0,13,10,0.0,173 CHRYSTIE STREET  Manhattan,425,28,103,ODA-ARCHITECTURE LPC,40.72098159790039,-73.99276733398438
Manhattan,1090814,1/5/2026,1/3/2025,12118581301NB17,NB,Issued,121185813,NB,,,PERMIT ISSUED - ENTIRE JOB/WORK,166908.0,87,20,0.0,215 WEST 28TH STREET  Manhattan,778,31,105,WASA - WANK ADAMS SLAVIN ASSOCIA,40.747779846191406,-73.99408721923828
Manhattan,1090815,1/5/2026,1/3/2025,12119104901NB19,NB,Issued,121191049,NB,,,PERMIT ISSUED - ENTIRE JOB/WORK,154820.0,112,20,0.0,225 WEST 28TH STREET  Manhattan,778,25,105,DXA STUDIO,40.74790954589844,-73.99440002441406
Manhattan,1090819,4/1/2026,3/4/2025,12119049701NB13,NB,Issued,121190497,NB,,,PERMIT ISSUED - ENTIRE JOB/WORK,82834.0,23,10,0.0,59 WARREN ST  Manhattan,133,15,101,BKSK ARCHITECTS LLP,40.7146110534668,-74.00968170166016
Manhattan,1090832,4/22/2026,4/22/2025,12118379901NB18,NB,Issued,121183799,NB,,,PERMIT ISSUED - ENTIRE JOB/WORK,474167.0,272,72,0.0,22 THAMES STREET  Manhattan,51,14,101,SLCE ARCHITECTS  LLC,40.70909881591797,-74.01277160644531
Manhattan,1090972,6/30/2026,8/11/2025,12119102101NB17,NB,Issued,121191021,NB,,,PERMIT ISSUED - ENTIRE JOB/WORK,300692.0,90,40,0.0,42 TRINITY PLACE  Manhattan,19,7501,101,FXFOWLE ARCHITECTS  LLP,40.707359313964844,-74.01358032226562
Manhattan,1091010,9/18/2026,9/8/2025,12120560401NB09,NB,Reissued,121205604,NB,,,PERMIT ISSUED - ENTIRE JOB/WORK,2498577.0,0,57,0.0,270 PARK AVENUE  Manhattan,1283,21,105,AAI ARCHITECTS PC,40.7559814453125,-73.97599029541016
Manhattan,1091036,5/23/2026,5/23/2025,12120528501NB07,NB,Issued,121205285,NB,,,PERMIT ISSUED - ENTIRE JOB/WORK,24512.0,16,11,0.0,355 WEST 39TH STREET  Manhattan,763,7501,104,HANY RIZKALLA ARCHITECT PLLC,40.75651931762695,-73.99349975585938
Manhattan,1091054,6/1/2026,6/5/2025,12118785701NB07,NB,Issued,121187857,NB,,,PERMIT ISSUED - ENTIRE JOB/WORK,84267.0,0,6,0.0,144 WEST 125 STREET  Manhattan,1909,9,110,COOPER ROBERTSON,40.808231353759766,-73.94769287109375
Manhattan,1091067,3/6/2026,4/11/2025,12120655001NB07,NB,Issued,121206550,NB,,,PERMIT ISSUED - ENTIRE JOB/WORK,260703.0,0,26,0.0,125 WEST 57TH STREET  Manhattan,1010,15,105,FXCOLLABORATIVE ARCHITECTS LLP,40.76512908935547,-73.97836303710938
Manhattan,1091577,9/16/2026,9/16/2025,12118782001NB06,NB,Issued,121187820,NB,,,PERMIT ISSUED - ENTIRE JOB/WORK,211060.0,34,20,0.0,540 WEST 21ST STREET  Manhattan,692,53,104,SLICE ARCHITECTS,40.747100830078125,-74.00733184814453
MANHATTAN,1091583,12/17/2025,12/17/2024,M00627851-S1-MS,Mechanical Systems,Permit Issued,M00627851-S1,New Building,,,Permit Entire,6757.89990234375,4,5,1000.0,273 5 AVENUE  MANHATTAN,859,4,105,ARCHSTONE BUILDERS LLC,40.74544906616211,-73.986328125
Manhattan,1091602,4/1/2026,2/10/2025,12120565901NB08,NB,Issued,121205659,NB,,,PERMIT ISSUED - ENTIRE JOB/WORK,414313.0,171,18,0.0,126 WEST 126 STREET  Manhattan,1910,2,110,BEYER BLINDER BELLE ARCH/PLANNER,40.80855941772461,-73.94627380371094
Manhattan,1091630,8/21/2026,10/17/2025,12120750401NB01,NB,Issued,121207504,NB,,,PERMIT ISSUED - ENTIRE JOB/WORK,533534.0,614,15,0.0,180 EAST 125TH STREET  Manhattan,1773,20,111,S9 ARCHITECTURE AND ENGINEERING,40.8036003112793,-73.93663024902344
Manhattan,1091635,1/1/2026,1/17/2025,12120668501NB12,NB,Issued,121206685,NB,,,PERMIT ISSUED - ENTIRE JOB/WORK,184296.0,142,34,0.0,600 WEST 125TH STREET  Manhattan,1995,26,109,CETRARUDDY ARCHITECTURE DPC,40.81581115722656,-73.9588394165039
Manhattan,1091641,11/15/2025,9/19/2025,12118900701NB12,NB,Issued,121189007,NB,,,PERMIT ISSUED - ENTIRE JOB/WORK,38616.0,28,7,0.0,443 WEST 54TH STREET  Manhattan,1064,9,104,ODA-ARCHITECTURE,40.766998291015625,-73.98890686035156
Manhattan,1091645,2/2/2026,6/11/2025,12120681801NB03,NB,Issued,121206818,NB,,,PERMIT ISSUED - ENTIRE JOB/WORK,116830.0,97,8,0.0,1975 MADISON AVENUE  Manhattan,1751,20,111,DXA STUDIO ARCHITECTURE PLLC,40.80643081665039,-73.93965148925781
Manhattan,1091648,4/1/2026,2/10/2025,12120472101NB10,NB,Issued,121204721,NB,,,PERMIT ISSUED - ENTIRE JOB/WORK,403661.0,361,15,0.0,60 EAST 112TH STREET  Manhattan,1617,20,111,HANDEL ARCHITECTS  LLP,40.79706954956055,-73.94661712646484
Manhattan,1091657,1/21/2026,1/28/2025,12120782601NB07,NB,Issued,121207826,NB,,,PERMIT ISSUED - ENTIRE JOB/WORK,12290.0,10,7,0.0,107 MOTT STREET  Manhattan,205,25,102,GROUP PROJECTS ARCHITECTURE DPC,40.717491149902344,-73.99764251708984
Manhattan,1091677,6/6/2026,7/2/2025,12311195201NB15,NB,Issued,123111952,NB,,,PERMIT ISSUED - ENTIRE JOB/WORK,104732.0,178,36,0.0,58 WEST 39TH STREET  Manhattan,840,81,105,PETER F. POON ARCHITECT P.C.,40.75246047973633,-73.98493957519531
Manhattan,1091704,11/7/2025,11/7/2024,12120794201NB01,NB,Issued,121207942,NB,,,PERMIT ISSUED - ENTIRE JOB/WORK,150079.0,160,22,0.0,162 EAST 36 STREET  Manhattan,891,44,106,ISMAEL LEYVA ARCHITECTS  P.C.,40.74694061279297,-73.97763061523438
MANHATTAN,1091709,12/1/2025,3/10/2025,M00602001-S1-FO-EA,Foundation Earth Work,Permit Issued,M00602001-S1,New Building,,,Permit Entire,68841.0,6,3,1000.0,687 LENOX AVENUE  MANHATTAN,2013,29,110,URBAN ATELIER GROUP LLC,40.82061004638672,-73.9374771118164
MANHATTAN,1091710,12/1/2025,3/10/2025,M00601915-S1-FO-EA,Foundation Earth Work,Permit Issued,M00601915-S1,New Building,,,Permit Entire,68841.0,6,3,1000.0,689 LENOX AVENUE  MANHATTAN,2013,29,110,URBAN ATELIER GROUP LLC,40.82020950317383,-73.93695068359375
Manhattan,1091728,3/1/2026,9/9/2025,12120809501NB05,NB,Issued,121208095,NB,,,PERMIT ISSUED - ENTIRE JOB/WORK,152084.0,97,25,0.0,18 WEST 55 STREET  Manhattan,1270,44,105,MORRIS ADJMI ARCHITECTS,40.76185989379883,-73.9759292602539
Manhattan,1091739,8/31/2026,10/18/2025,12120764801NB07,NB,Issued,121207648,NB,,,PERMIT ISSUED - ENTIRE JOB/WORK,239567.0,0,10,0.0,40 WEST 137 STREET  Manhattan,1734,2,110,SKIDMORE OWINGS & MERRILL LLP,40.81435012817383,-73.9383773803711
MANHATTAN,1091740,1/21/2026,6/27/2025,M00542354-S1-SE,Support of Excavation,Permit Issued,M00542354-S1,New Building,,,Permit Entire,98997.0,101,16,2500.0,185 EAST  109 STREET  MANHATTAN,1637,33,111,CITY BUILDERS NYC LLC,40.793800354003906,-73.94345092773438
MANHATTAN,1091743,11/3/2025,8/5/2025,M00826434-S6-SE,Support of Excavation,Permit Issued,M00826434-S6,New Building,,,Permit Entire,55295.69921875,47,13,0.0,101 EAST  122 STREET  MANHATTAN,1771,1,111,LETTIRE CONSTRUCTION CORP,40.8031005859375,-73.94000244140625
MANHATTAN,1091745,12/23/2025,12/23/2024,M08015986-S1-SE,Support of Excavation,Permit Issued,M08015986-S1,New Building,,,Permit Entire,679952.0,131,34,1000.0,80 CLARKSON STREET  MANHATTAN,596,30,102,SUFFOLK CONSTRUCTION COMP,40.72941970825195,-74.00995635986328
MANHATTAN,1091758,12/31/2025,3/20/2025,M00936068-S4-ST,Structural,Permit Issued,M00936068-S4,New Building,,,Permit Entire,72457.0,0,5,0.0,800 DIVISION ROAD  MANHATTAN,1,10,101,NAVILLUS TILE INC,40.68878173828125,-74.0186996459961
MANHATTAN,1091764,2/2/2026,2/24/2025,M08034119-S4-PL,Plumbing,Permit Issued,M08034119-S4,New Building,,,Permit Entire,3223.0,0,1,1.0,2941 8 AVENUE  MANHATTAN,2106,3,110,V. C. VITANZA SONS INC,40.830989837646484,-73.93782043457031
MANHATTAN,1091768,11/13/2025,12/31/2024,M00580473-S3-SE,Support of Excavation,Permit Issued,M00580473-S3,New Building,,,Permit Entire,140496.0,158,7,100000.0,509 WEST   48 STREET  MANHATTAN,1077,29,104,J.E. LEVINE BUILDER INC,40.764060974121094,-73.9931869506836
Manhattan,1091773,3/1/2026,8/4/2025,12120960001NB06,NB,Issued,121209600,NB,,,PERMIT ISSUED - ENTIRE JOB/WORK,30576.0,26,9,0.0,170 WEST 22ND STREET  Manhattan,797,80,104,AMIE GROSS ARCHITECTS,40.74317932128906,-73.99600982666016
MANHATTAN,1091775,11/22/2025,1/28/2025,M00492685-S5-PL,Plumbing,Permit Issued,M00492685-S5,New Building,,,Permit Entire,64569.0,28,11,100.0,66 UNIVERSITY PLACE  MANHATTAN,568,7501,102,JOHN FITZGERALD PLBG &HTG,40.73311996459961,-73.99385833740234
MANHATTAN,1091776,1/13/2026,1/13/2025,M00798756-S3-ST,Structural,Permit Issued,M00798756-S3,New Building,,,Permit Entire,252502.0,62,33,1000.0,255 EAST   77 STREET  MANHATTAN,1432,21,108,NEW LINE STRUCTURES & DEV,40.772369384765625,-73.95616912841797
Manhattan,1091777,9/12/2026,9/12/2025,12120832601NB05,NB,Issued,121208326,NB,,,PERMIT ISSUED - ENTIRE JOB/WORK,885902.0,1808,59,0.0,740 EIGHTH AVENUE  Manhattan,1017,61,105,SLCE ARCHITECTS LP,40.759281158447266,-73.9876937866211
Manhattan,1091781,10/1/2026,10/16/2025,12120898701NB07,NB,Issued,121208987,NB,,,PERMIT ISSUED - ENTIRE JOB/WORK,226250.0,529,33,0.0,32 WEST 48TH STREET  Manhattan,1263,56,105,SLCE ARCHITECTS LP,40.7576789855957,-73.9798583984375
MANHATTAN,1091782,12/31/2025,10/6/2025,M08022114-S5-SE,Support of Excavation,Permit Issued,M08022114-S5,New Building,,,Permit Entire,104328.0,104,24,1000.0,130 LAFAYETTE STREET  MANHATTAN,209,21,102,LEEDING BUILDERS GROUP LL,40.71894836425781,-74.00041961669922
Manhattan,1091784,10/1/2026,9/10/2025,12118805301NB05,NB,Issued,121188053,NB,,,PERMIT ISSUED - ENTIRE JOB/WORK,271020.0,250,38,0.0,7 PLATT STREET  Manhattan,69,53,101,HILL WEST ARCHITECTS,40.707679748535156,-74.00618743896484
MANHATTAN,1091786,5/21/2026,5/21/2025,M00771039-S3-ST,Structural,Permit Issued,M00771039-S3,New Building,,,Permit Entire,81469.8984375,59,11,1000.0,489 9 AVENUE  MANHATTAN,735,25,104,WARNER CONSTRUCTION SERVI,40.75558090209961,-73.99514770507812
MANHATTAN,1091787,8/24/2026,9/23/2025,M00771041-S3-ST,Structural,Permit Issued,M00771041-S3,New Building,,,Permit Entire,77941.203125,63,12,1000.0,501 9 AVENUE  MANHATTAN,735,35,104,WARNER CONSTRUCTION SERVI,40.7558708190918,-73.99491882324219
MANHATTAN,1091788,12/31/2025,6/16/2025,M00672872-S8-ST,Structural,Permit Issued,M00672872-S8,New Building,,,Permit Entire,163888.0,157,20,0.0,255 EAST   39 STREET  MANHATTAN,920,28,106,TISHMAN CONSTRUCTION CORP,40.748260498046875,-73.97371673583984
MANHATTAN,1091791,11/25/2025,11/25/2024,M00688136-S9-EW-SD,Standpipe,Permit Issued,M00688136-S9,New Building,,,Permit Entire,285693.0,209,18,1000.0,205 EAST 110 STREET  MANHATTAN,1660,1,111,FIREQUEST CORP,40.79399871826172,-73.94246673583984
MANHATTAN,1091801,12/3/2025,12/3/2024,M00771011-S4-SE,Support of Excavation,Permit Issued,M00771011-S4,New Building,,,Permit Entire,62708.8984375,40,12,1000.0,439 WEST   36 STREET  MANHATTAN,734,10,104,ZDJ CONSTRUCTION INC,40.75566864013672,-73.9971694946289
MANHATTAN,1091803,12/31/2025,12/31/2024,M00537657-S6-EW-SD,Standpipe,Permit Issued,M00537657-S6,New Building,,,Permit Entire,260585.0,222,22,1000.0,2035 5 AVENUE  MANHATTAN,1750,1,111,AURA PLUMBING INC,40.80664825439453,-73.94171142578125
Manhattan,1091805,7/9/2026,7/9/2025,12120936101NB02,NB,Issued,121209361,NB,,,PERMIT ISSUED - ENTIRE JOB/WORK,69408.0,54,13,0.0,350 EAST 18 STREET  Manhattan,923,35,106,SLCE ARCHITECTS LLP,40.73379135131836,-73.98116302490234
MANHATTAN,1091807,12/5/2025,12/5/2024,M00547165-I1-GC,General Construction,Permit Issued,M00547165-I1,New Building,,,Permit Entire,234215.765625,128,32,1000.0,250 EAST   83 STREET  MANHATTAN,1528,28,108,CAULDWELL WINGATE CO LLC,40.77585983276367,-73.95362091064453
MANHATTAN,1091809,12/1/2025,12/9/2024,M00912091-S3-SE,Support of Excavation,Permit Issued,M00912091-S3,New Building,,,Permit Entire,19694.76953125,12,7,0.0,125 EAST   29 STREET  MANHATTAN,885,19,105,345 MANAGEMENT GROUP INC,40.74346923828125,-73.98220825195312
MANHATTAN,1091812,12/31/2025,7/3/2025,M00908898-S3-ST,Structural,Permit Issued,M00908898-S3,New Building,,,Permit Entire,53110.0,55,12,0.0,125 CHRYSTIE STREET  MANHATTAN,424,35,103,BRITT REALTY LLC,40.71931838989258,-73.99349975585938
MANHATTAN,1091813,1/12/2026,7/23/2025,M00785688-S2-SE,Support of Excavation,Permit Issued,M00785688-S2,New Building,,,Permit Entire,174670.0,52,18,1000.0,252 EAST   72 STREET  MANHATTAN,1426,25,108,SKY CONSTRUCTION NY INC,40.76866912841797,-73.95879364013672
MANHATTAN,1091816,12/31/2025,9/9/2025,M00755303-S3-SE,Support of Excavation,Permit Issued,M00755303-S3,New Building,,,Permit Entire,175810.0,0,13,0.0,1578 LEXINGTON AVENUE  MANHATTAN,1628,57,111,SD BUILDERS AND CONSTRUCT,40.789039611816406,-73.94915771484375
MANHATTAN,1091817,11/7/2025,11/7/2024,M00556884-S2-ST,Structural,Permit Issued,M00556884-S2,New Building,,,Permit Entire,207783.0,145,28,1000.0,126 EAST 57TH ST  MANHATTAN,1311,13,105,PLAZA CONSTRUCTION LLC,40.76060104370117,-73.96977996826172
MANHATTAN,1091828,5/5/2026,5/5/2025,M01116049-S3-ST,Structural,Permit Issued,M01116049-S3,New Building,,,Permit Entire,57750.0,59,14,0.0,554 WEST   46 STREET  MANHATTAN,1074,60,104,B CONTRACTORS GROUP LLC,40.76295852661133,-73.99610900878906
Manhattan,1091833,3/28/2026,3/28/2025,10421415501NB03,NB,Issued,104214155,NB,,,PERMIT ISSUED - ENTIRE JOB/WORK,108152.0,0,6,0.0,3761 10TH AVENUE  Manhattan,2198,1,112,NYC SCHOOL CONSTRUCTION AUTH.,40.86083984375,-73.92102813720703
MANHATTAN,1091835,11/15/2025,3/5/2025,M00990455-S3-ST,Structural,Permit Issued,M00990455-S3,New Building,,,Permit Entire,37389.0,10,11,0.0,500 EAST   81 STREET  MANHATTAN,1577,49,108,RYBAK DEVELOPMENT CORP,40.7724609375,-73.94922637939453
MANHATTAN,1091842,5/31/2026,6/23/2025,M00741415-S2-ST,Structural,Permit Issued,M00741415-S2,New Building,,,Permit Entire,107130.0,0,14,1000.0,615 WEST   46 STREET  MANHATTAN,1094,23,104,PBBROWN NYC LLC,40.76390075683594,-73.99710845947266
MANHATTAN,1091844,9/30/2026,10/1/2025,M00903689-Z2-ST,Structural,Permit Issued,M00903689-Z2,New Building,,,Permit Entire,777004.0,686,55,0.0,1710 BROADWAY  MANHATTAN,1026,21,105,WBC SERVICES INC,40.7641716003418,-73.98210144042969
Manhattan,1091855,6/1/2026,5/28/2025,12118796401NB05,NB,Issued,121187964,NB,,,PERMIT ISSUED - ENTIRE JOB/WORK,139437.0,41,33,0.0,1299 3 AVENUE  Manhattan,1429,4,108,SLCE ARCHITECTS,40.771240234375,-73.95922088623047
Manhattan,1091857,11/15/2025,4/14/2025,12118877601NB07,NB,Issued,121188776,NB,,,PERMIT ISSUED - ENTIRE JOB/WORK,35439.0,16,7,0.0,38 WEST 8TH STREET  Manhattan,553,24,102,MORRIS ADJMI ARCHITECTS,40.73292922973633,-73.99833679199219
Manhattan,1091858,2/1/2026,3/11/2025,12120382001NB06,NB,Issued,121203820,NB,,,PERMIT ISSUED - ENTIRE JOB/WORK,8676.0,7,6,0.0,509 WEST 167 STREET  Manhattan,2123,104,112,OMF ARCHITECTS PC,40.83977127075195,-73.93797302246094
MANHATTAN,1091859,11/24/2025,4/7/2025,M00600672-Z5-EW-SD,Standpipe,Signed-off,M00600672-Z5,New Building,,,Permit Entire,210151.0,188,7,0.0,335 8 AVENUE  MANHATTAN,751,20,104,TT MECHANICAL CORP,40.747711181640625,-73.99742126464844
Manhattan,1091865,4/1/2026,3/27/2025,12120957501NB02,NB,Issued,121209575,NB,,,PERMIT ISSUED - ENTIRE JOB/WORK,81991.0,92,9,0.0,39 WEST 128TH  Manhattan,1726,17,110,MAGNUSSON ARCHITECTURE AND PLANN,40.80918884277344,-73.94229125976562
MANHATTAN,1091871,12/9/2025,12/9/2024,M00574359-S4-PL,Plumbing,Permit Issued,M00574359-S4,New Building,,,Permit Entire,115834.0,70,22,1000.0,300 EAST 83 STREET  MANHATTAN,1545,49,108,E.A.S. PLUMBING  INC,40.77565002441406,-73.95301818847656
MANHATTAN,1091872,11/25/2025,3/4/2025,M00683925-S9-EW-SD,Standpipe,Permit Issued,M00683925-S9,New Building,,,Permit Entire,123569.203125,108,31,0.0,1026 THIRD AVENUE  MANHATTAN,1395,39,108,STAT FIRE SPRINKLER NYC C,40.76272964477539,-73.9660873413086
MANHATTAN,1091876,2/19/2026,5/8/2025,M00951363-S3-SE,Support of Excavation,Permit Issued,M00951363-S3,New Building,,,Permit Entire,173523.0,83,29,0.0,401 EAST 51 STREET  MANHATTAN,1363,1,106,CM AND ASSOCIATES CONST,40.75453186035156,-73.96527099609375
Manhattan,1091887,9/11/2026,9/11/2025,12120919201NB06,NB,Issued,121209192,NB,,,PERMIT ISSUED - ENTIRE JOB/WORK,452134.0,100,71,0.0,520 FIFTH AVENUE  Manhattan,1259,35,105,KOHN PEDERSEN FOX ASSOCIATES PC,40.75447082519531,-73.98062896728516
Manhattan,1091890,4/1/2026,6/2/2025,12120477601NB06,NB,Issued,121204776,NB,,,PERMIT ISSUED - ENTIRE JOB/WORK,86716.0,10,13,0.0,760 MADISON AVENUE  Manhattan,1380,7502,108,COOKFOX ARCHITECTS  DPC,40.76765823364258,-73.96874237060547
MANHATTAN,1803087,11/3/2025,8/25/2025,M00719204-S2-ST,Structural,Permit Issued,M00719204-S2,New Building,,,Permit Entire,7521.2001953125,7,5,1000.0,338 EAST  117 STREET  MANHATTAN,1688,34,111,LETTIRE CONSTRUCTION CORP,40.79676818847656,-73.93572235107422
MANHATTAN,1803136,11/3/2025,8/25/2025,M00719554-S2-ST,Structural,Permit Issued,M00719554-S2,New Building,,,Permit Entire,17246.0,18,6,1000.0,507 EAST  118 STREET  MANHATTAN,1815,6,111,LETTIRE CONSTRUCTION CORP,40.796321868896484,-73.93151092529297
Manhattan,1806525,10/24/2025,11/29/2024,12391935901NB03,NB,Issued,123919359,NB,,,PERMIT ISSUED - ENTIRE JOB/WORK,6694.0,2,7,0.0,410 WEST 49TH STREET  Manhattan,1058,38,104,SBLM ARCHITECTS,40.76298904418945,-73.99011993408203
MANHATTAN,1807342,12/31/2025,10/1/2025,M00543303-S3-ST,Structural,Permit Issued,M00543303-S3,New Building,,,Permit Entire,5598.0,2,4,100000.0,68 WEST  128 STREET  MANHATTAN,1725,68,110,ADI AL CONSTRUCTION INC,40.80924987792969,-73.94364929199219
Manhattan,1811290,12/12/2025,6/17/2025,12213210101NB09,NB,Issued,122132101,NB,,,PERMIT ISSUED - ENTIRE JOB/WORK,3488.0,2,6,0.0,275 PLEASANT AVENUE  Manhattan,1708,25,111,CAESAR BUSTAMANTE  AIA,40.7942008972168,-73.93414306640625
MANHATTAN,1812225,12/31/2025,9/5/2025,M00632762-S2-SE,Support of Excavation,Permit Issued,M00632762-S2,New Building,,,Permit Entire,67000.0,399,28,1000.0,250 WATER STREET  MANHATTAN,98,1,101,SUFFOLK CONSTRUCTION COMP,40.70820999145508,-74.00267791748047
Manhattan,1813138,8/23/2026,8/26/2025,12120870901NB09,NB,Issued,121208709,NB,,,PERMIT ISSUED - ENTIRE JOB/WORK,20191.0,21,6,0.0,205 CABRINI BOULEVARD  Manhattan,2179,154,112,RISE ARCHITECTURE,40.85429000854492,-73.93865203857422
Manhattan,1814160,4/1/2026,7/3/2025,14094433401NB03,NB,Issued,140944334,NB,,,PERMIT ISSUED - ENTIRE JOB/WORK,850.0,0,1,0.0,177 EAST 128TH STREET  Manhattan,1777,90,111,NYC DEPT OF PARKS & RECREATION,40.80583953857422,-73.93486022949219
QUEENS,4000460,10/26/2025,9/3/2025,Q00785605-S7-PL,Plumbing,Permit Issued,Q00785605-S7,New Building,,,Permit Entire,116496.0,115,7,1000.0,11-36 45 ROAD  QUEENS,54,6,402,GREAT CITY MECHANICAL INC,40.7464714050293,-73.9487075805664
Queens,4000846,3/28/2026,3/28/2025,42110023001NB05,NB,Issued,421100230,NB,,,PERMIT ISSUED - ENTIRE JOB/WORK,76151.0,0,5,0.0,47-10 BARNETT AVENUE  Queens,125,10,402,NYC SCHOOL CONSTRUCTION AUTH.,40.74974822998047,-73.91593170166016
QUEENS,4001289,10/25/2025,10/25/2024,Q00636484-S2-SE,Support of Excavation,Permit Issued,Q00636484-S2,New Building,,,Permit Entire,51384.19921875,55,8,200000.0,43-12 50 STREET  QUEENS,138,25,402,LEMLE & WOLFF CONSTR CORP,40.744049072265625,-73.91502380371094
QUEENS,4001952,12/28/2025,9/11/2025,Q01167548-S2-PMM,Protection and Mechanical Methods,Permit Issued,Q01167548-S2,Full Demolition,,,Permit Entire,16000.0,0,0,160.0,42-17 QUEENS BOULEVARD  QUEENS,163,37,402,HEXAGON INDUSTRIES INC,40.744049072265625,-73.92166900634766
Queens,4002493,8/12/2026,7/31/2025,42162425501AL07,AL,Issued,421624255,A1,Y,Y,PERMIT ISSUED - PARTIAL JOB,18089.0,20,6,3000000.0,39-31 QUEENS BLVD  Queens,190,2,402,GAD ASHOORI PE,40.744258880615234,-73.92472076416016
Queens,4003108,12/30/2025,2/11/2025,42094552501AL08,AL,Issued,420945525,A1,,Y,PERMIT ISSUED - ENTIRE JOB/WORK,0.0,0,5,68500.0,34-18 NORTHERN BLVD.  Queens,214,249,401,NSC ARCHITECTURE  PC,40.75175857543945,-73.9291763305664
QUEENS,4003139,11/25/2025,8/29/2025,Q00872004-S3-EW-SP,Sprinklers,Permit Issued,Q00872004-S3,New Building,,,Permit Entire,180802.0,0,2,0.0,38-15 QUEENS BOULEVARD  QUEENS,219,34,402,STAT FIRE SPRINKLER NYC C,40.745140075683594,-73.92630004882812
Queens,4003741,4/1/2026,5/6/2025,40245673901AL17,AL,Issued,402456739,A1,Y,Y,PERMIT ISSUED - ENTIRE JOB/WORK,19462.0,0,3,225000.0,38-60 REVIEW AVENUE  Queens,312,350,402,PENCILOPY ENGINEERING PC,40.730430603027344,-73.93390655517578
Queens,4003957,10/28/2025,12/18/2024,42190566501NB04,NB,Issued,421905665,NB,,,PERMIT ISSUED - ENTIRE JOB/WORK,5000.0,4,4,0.0,35-21 10TH STREET  Queens,330,17,401,URBAN OFFICE ARCHITECTURE,40.76240921020508,-73.93990325927734
QUEENS,4004575,2/6/2026,2/6/2025,Q08043398-S2-ST,Structural,Permit Issued,Q08043398-S2,New Building,,,Permit Entire,16600.0,20,7,0.0,33-10 38 AVENUE  QUEENS,380,7,401,VITAL DEVELOPMENT GROUP I,40.75257873535156,-73.9302978515625
Queens,4004659,11/1/2025,2/26/2025,42113388301NB04,NB,Issued,421133883,NB,,,PERMIT ISSUED - ENTIRE JOB/WORK,76007.0,50,7,0.0,28-08 38TH AVENUE  Queens,385,9,401,ANGELO NG & ANTHONY NG ARCHITECT,40.7546501159668,-73.93428802490234
QUEENS,4004827,12/30/2025,1/3/2025,Q00835504-S1-ST,Structural,Permit Issued,Q00835504-S1,New Building,,,Permit Entire,8524.9501953125,6,4,400000.0,28-10 39 AVENUE  QUEENS,398,24,401,LLNY GROUP LLC,40.753570556640625,-73.93505859375
Queens,4004867,9/30/2026,10/6/2025,42126531101NB13,NB,Issued,421265311,NB,,,PERMIT ISSUED - ENTIRE JOB/WORK,27850.0,20,5,0.0,40-09 29 STREET  Queens,402,24,401,UNFOLD ARCHITECT PC,40.751861572265625,-73.93565368652344
QUEENS,4004940,1/26/2026,9/22/2025,Q01062018-S4-ST,Structural,Permit Issued,Q01062018-S4,ALT-CO - New Building with Existing Elements to Remain,Yes,Yes,Permit Entire,8563.0,6,4,564050.0,23-06 40 AVENUE  QUEENS,408,23,401,MEGA GENERAL CONSTRUCTION,40.753990173339844,-73.93936920166016
Queens,4004997,1/1/2026,9/23/2025,42065637401NB01,NB,Issued,420656374,NB,,,PERMIT ISSUED - PARTIAL JOB,25090.0,24,13,0.0,41-41 24TH ST.  Queens,414,12,401,KARL FISCHER ARCHITECT,40.75151824951172,-73.9405517578125
Queens,4005002,5/28/2026,5/28/2025,42106863101NB09,NB,Issued,421068631,NB,,,PERMIT ISSUED - ENTIRE JOB/WORK,191548.0,184,26,0.0,41-08 CRESCENT STREET  Queens,414,23,401,DAN IONESCU ARCHITECTS,40.752201080322266,-73.939697265625
Queens,4005080,5/1/2026,9/10/2025,42181240801DM01,DM,Issued,421812408,DM,,,PERMIT ISSUED - ENTIRE JOB/WORK,0.0,0,0,0.0,42-61 24 STREET  Queens,429,3,402,LMW ENGINEERING GROUP  LLC,40.7494010925293,-73.94242858886719
Queens,4005402,11/28/2025,2/25/2025,42165402501NB06,NB,Issued,421654025,NB,,,PERMIT ISSUED - ENTIRE JOB/WORK,2731.0,0,2,0.0,38-16 10 STREET  Queens,475,40,401,TERRAFORM ARCHITECTURE PLLC,40.75838851928711,-73.94304656982422
Queens,4005532,10/22/2025,7/8/2025,42177961301AL04,AL,Issued,421779613,A1,Y,Y,PERMIT ISSUED - ENTIRE JOB/WORK,2055.0,2,2,344100.0,11-50 WELLING COURT  Queens,506,64,401,N/A,40.7712287902832,-73.93222045898438
QUEENS,4005625,2/13/2026,7/30/2025,Q01081356-S7-SE,Support of Excavation,Permit Issued,Q01081356-S7,New Building,,,Permit Entire,20564.880859375,9,5,0.0,11-08 MAIN AVENUE  QUEENS,513,15,401,CELATECH CONSTRUCTION COR,40.77190017700195,-73.93163299560547
QUEENS,4005800,12/30/2025,6/12/2025,Q00858542-I1-FD,Full Demolition,Permit Issued,Q00858542-I1,Full Demolition,,,Permit Entire,11152.0,0,0,65000.0,14-27 BROADWAY  QUEENS,531,12,401,STAR COMPANIESS LLC,40.76601028442383,-73.9324722290039
Queens,4005806,6/27/2026,7/14/2025,42171576301AL08,AL,Issued,421715763,A1,Y,Y,PERMIT ISSUED - PARTIAL JOB,9736.0,12,6,916360.0,31-65 14TH STREET  Queens,531,30,401,CHRISTOPHER V. PAPA ARCHITECT PC,40.7664794921875,-73.93312072753906
QUEENS,4005856,2/10/2026,8/5/2025,Q00908267-S1-FN,Construction Fence,Permit Issued,Q00908267-S1,ALT-CO - New Building with Existing Elements to Remain,Yes,Yes,Permit Entire,6007.0,7,7,5000.0,31-25 14 STREET  QUEENS,532,23,401,ASSURED BUILDERS INC,40.767478942871094,-73.93228912353516
Queens,4005916,1/1/2026,1/28/2025,42173666001AL06,AL,Issued,421736660,A1,Y,Y,PERMIT ISSUED - ENTIRE JOB/WORK,6234.0,6,4,407240.0,30-99 14 STREET  Queens,534,24,401,ARCHITECTURAL CONCEPT INC.,40.76839065551758,-73.93171691894531
Queens,4006047,12/31/2025,1/30/2025,44062079401NB04,NB,Issued,440620794,NB,,,PERMIT ISSUED - ENTIRE JOB/WORK,26332.0,28,8,0.0,29-10 21 ST  Queens,537,43,401,M.S. SAVANI ARCHITECT  PC,40.770408630371094,-73.92780303955078
QUEENS,4006049,2/20/2026,4/28/2025,Q00595231-I1-GC-CX,General Construction Foundation Earth Work,Permit Issued,Q00595231-I1,New Building,,,Permit Entire,4995.0,7,4,15000.0,14-45 29 AVENUE  QUEENS,538,2,401,NY PROCONSTRUCITON INC,40.77098083496094,-73.92772674560547
Queens,4006295,8/28/2026,10/9/2025,42163494901NB03,NB,Issued,421634949,NB,,,PERMIT ISSUED - ENTIRE JOB/WORK,9835.0,10,6,0.0,30-09 21ST STREET  Queens,549,16,401,KAMBERIS ENGINEERING PLLC,40.769439697265625,-73.92774963378906
QUEENS,4006311,1/7/2026,8/14/2025,Q00946534-S6-ST,Structural,Permit Issued,Q00946534-S6,New Building,,,Permit Entire,7356.52978515625,8,5,0.0,30-16 23 STREET  QUEENS,549,35,401,FEDERICI BUILDERS CORP,40.76897048950195,-73.92711639404297
QUEENS,4007096,5/28/2026,7/1/2025,Q00963181-I1-GC,General Construction,Permit Issued,Q00963181-I1,New Building,,,Permit Entire,26817.900390625,27,7,0.0,30-78 29 STREET  QUEENS,578,40,401,IDENTITY CONSTRUCTION LLC,40.76585006713867,-73.92478942871094
QUEENS,4007566,1/5/2026,9/5/2025,Q01157851-S6-ST,Structural,Permit Issued,Q01157851-S6,ALT-CO - New Building with Existing Elements to Remain,Yes,Yes,Permit Entire,11107.0,10,6,333210.0,31-60 31 STREET  QUEENS,589,65,401,DCI ENTERPRISES LLC,40.76298904418945,-73.92495727539062
QUEENS,4007618,10/31/2025,10/31/2024,Q00817126-S2-ST,Structural,Permit Issued,Q00817126-S2,New Building,,,Permit Entire,37646.53125,33,7,10000.0,30-33 29 STREET  QUEENS,592,12,401,ABACUS BUILDING INNOVATIO,40.76665115356445,-73.9234619140625
QUEENS,4007622,4/15/2026,10/7/2025,Q00725448-S1-PL,Plumbing,Permit Issued,Q00725448-S1,ALT-CO - New Building with Existing Elements to Remain,Yes,Yes,Permit Entire,10455.0,10,6,378000.0,29-34 30 AVENUE  QUEENS,592,28,401,TRI STATE PLBG & HTG INC,40.7672004699707,-73.92266082763672
Queens,4007796,3/8/2026,6/10/2025,42171561001NB05,NB,Issued,421715610,NB,,,PERMIT ISSUED - PARTIAL JOB,11610.0,12,6,0.0,26-79 30 ST.  Queens,598,2,401,CARUSONE & CHERRES ARCHITECTS,40.76845932006836,-73.92079162597656
QUEENS,4008494,11/6/2025,11/6/2024,Q00985440-S3-EW-SP,Sprinklers,Permit Issued,Q00985440-S3,New Building,,,Permit Entire,7917.39990234375,7,5,0.0,30-24 32 STREET  QUEENS,615,46,401,PIPING & PLUMBING SOLUTIO,40.7659912109375,-73.92135620117188
Queens,4008844,4/10/2026,6/2/2025,40085204701NB02,NB,Issued,400852047,NB,,,PERMIT ISSUED - ENTIRE JOB/WORK,396.0,0,1,0.0,32-30REAR 35 STREET  Queens,622,57,401,HP CONSULTANT,40.759830474853516,-73.92305755615234
Queens,4009443,1/23/2026,7/14/2025,42143674301NB12,NB,Issued,421436743,NB,,,PERMIT ISSUED - ENTIRE JOB/WORK,10588.0,10,5,0.0,25-40 36TH STREET  Queens,633,56,401,KMP DESIGN AND ENGINEERING PLLC,40.76826858520508,-73.91513061523438
Queens,4009646,10/28/2025,8/20/2025,42180835101DM03,DM,Issued,421808351,DM,,,PERMIT ISSUED - ENTIRE JOB/WORK,0.0,0,0,0.0,34-29 37 STREET  Queens,645,15,401,CITYSCAPE ENGINEERING  PLLC,40.7564811706543,-73.92288970947266
QUEENS,4010098,8/29/2026,9/29/2025,Q01089908-I1-GC,General Construction,Permit Issued,Q01089908-I1,Alteration CO,Yes,Yes,Permit Entire,2796.0,2,3,367000.0,24-58 37 STREET  QUEENS,652,47,401,JOANNE'S CONSTRUCTION CO,40.7688102722168,-73.91354370117188
QUEENS,4011799,1/8/2026,10/1/2025,Q01200076-S2-PMM,Protection and Mechanical Methods,Permit Issued,Q01200076-S2,Full Demolition,,,Permit Entire,1581.0,0,0,1200.0,31-06 43 STREET  QUEENS,692,45,401,PROJECT EYE CONSULTANTS I,40.7601318359375,-73.91516876220703
QUEENS,4012169,3/1/2026,7/14/2025,Q00919009-I1-GC-CX,Mechanical Systems General Construction Earth Work,Permit Issued,Q00919009-I1,Alteration CO,Yes,Yes,Permit Entire,4253.0,2,4,700000.0,25-37 42 STREET  QUEENS,701,29,401,CONTRACTING NYC LLC,40.76615905761719,-73.91060638427734
Queens,4012964,11/19/2025,6/6/2025,42178786401AL09,AL,Issued,421787864,A1,Y,Y,PERMIT ISSUED - ENTIRE JOB/WORK,4311.0,4,3,853578.0,28-50 47TH STREET  Queens,720,45,401,NODE ARCH  ENGIN  CONSULT  PC,40.761749267578125,-73.90933990478516
Queens,4013242,2/16/2026,3/26/2025,42174707901AL02,AL,Issued,421747079,A1,Y,Y,PERMIT ISSUED - ENTIRE JOB/WORK,3015.0,2,2,200000.0,31-22 48 STREET  Queens,727,48,401,ECOPLUS DESIGN,40.75783157348633,-73.91143035888672
Queens,4016017,3/30/2026,3/31/2025,42179501601AL07,AL,Issued,421795016,A1,Y,Y,PERMIT ISSUED - ENTIRE JOB/WORK,3161.0,2,3,275000.0,21-27 37  STREET  Queens,808,23,401,ANTHONY CUCICH R.A.,40.77490997314453,-73.90579986572266
QUEENS,4016142,12/31/2025,1/15/2025,Q08015743-I1-GC,General Construction,Permit Issued,Q08015743-I1,New Building,,,Permit Entire,3670.0,2,3,800000.0,36-08 24 AVENUE  QUEENS,817,14,401,JAT CONSTRUCTION GROUP IN,40.77014923095703,-73.91285705566406
QUEENS,4016384,7/2/2026,9/23/2025,Q01137810-S4-ST,Structural,Permit Issued,Q01137810-S4,Alteration CO,,Yes,Permit Entire,3540.0,2,2,51660.0,22-48 37 STREET  QUEENS,821,51,401,SCLAFMORE CONSTRUCTION LL,40.77299880981445,-73.90894317626953
QUEENS,4018242,10/31/2025,10/31/2024,Q00961361-S1-EW-SP,Sprinklers,Signed-off,Q00961361-S1,Alteration CO,,Yes,Permit Entire,3418.0,3,3,60000.0,26-02 DITMARS BOULEVARD  QUEENS,856,29,401,RITE WAY FIRE SPINKLER CO,40.77804183959961,-73.91385650634766
QUEENS,4018713,2/7/2026,2/7/2025,Q00614938-S1-PL,Plumbing,Permit Issued,Q00614938-S1,Alteration CO,Yes,Yes,Permit Entire,3582.0,2,3,82000.0,25-06 23 AVENUE  QUEENS,864,36,401,AURA PLUMBING INC,40.77667999267578,-73.91661071777344
Queens,4019090,3/25/2026,7/29/2025,42178090501NB04,NB,Issued,421780905,NB,,,PERMIT ISSUED - ENTIRE JOB/WORK,10479.0,11,4,0.0,25-13 23 ST  Queens,872,39,401,GKA DESIGN GROUP  INC,40.773399353027344,-73.92272186279297
QUEENS,4020110,4/18/2026,5/20/2025,Q00774462-S2-PL,Plumbing,Permit Issued,Q00774462-S2,Alteration CO,Yes,Yes,Permit Entire,2572.050048828125,2,3,15000.0,23-18 21 STREET  QUEENS,890,95,401,G.P. MECHANICAL CORP,40.7784309387207,-73.91976928710938
Queens,4020165,11/10/2025,11/14/2024,42126361601AL10,AL,Issued,421263616,A1,Y,,PERMIT ISSUED - ENTIRE JOB/WORK,0.0,3,3,326100.0,22-02 21 ST  Queens,891,36,401,N/A,40.7805290222168,-73.91719818115234
QUEENS,4021305,12/9/2025,2/25/2025,Q00903208-I1-GC-CX,Mechanical Systems Structural General Construction Foundation,Permit Issued,Q00903208-I1,New Building,,,Permit Entire,4423.64990234375,1,2,0.0,21-16 74 STREET  QUEENS,969,13,401,ARISTON CONSTRUCTION CO I,40.769649505615234,-73.89579772949219
Queens,4021362,4/15/2026,4/21/2025,44064236001AL04,AL,Issued,440642360,A1,Y,Y,PERMIT ISSUED - ENTIRE JOB/WORK,3160.0,1,2,474000.0,21-47 74TH STREET  Queens,970,41,401,JLS DESIGNS,40.768829345703125,-73.89508056640625
QUEENS,4022470,1/1/2026,3/17/2025,Q01110685-S3-EW-SP,Sprinklers,Permit Issued,Q01110685-S3,Alteration CO,Yes,Yes,Permit Entire,3538.31005859375,1,3,37000.0,22-44 81 STREET  QUEENS,1012,26,401,KATAN PLBG & HTG INC,40.767578125,-73.88878631591797
QUEENS,4022510,1/1/2026,5/16/2025,Q08019212-I1-GC-CX,Structural General Construction Foundation Earth Work,Permit Issued,Q08019212-I1,New Building,,,Permit Entire,9853.0,0,3,900000.0,23-25 49 STREET  QUEENS,1016,550,401,MULLEN CONSTRUCTION CO IN,40.76620101928711,-73.9024887084961
QUEENS,4022748,2/16/2026,9/24/2025,Q01119285-I1-GC-CX,General Construction Foundation Earth Work,Permit Issued,Q01119285-I1,Alteration CO,Yes,Yes,Permit Entire,3809.93994140625,2,2,851425.0,23-49 81 STREET  QUEENS,1034,47,403,JUAHOL CONSTRUCTION INC,40.76551055908203,-73.8878402709961
Queens,4023005,8/14/2026,10/2/2025,42195899201AL06,AL,Issued,421958992,A1,,Y,PERMIT ISSUED - ENTIRE JOB/WORK,3046.0,2,3,83380.0,25-06 73RD STREET  Queens,1049,12,403,DJL ARCHITECT P.C.,40.761871337890625,-73.89533233642578
QUEENS,4026513,3/31/2026,3/31/2025,Q00941207-S1-GC-CX,Structural General Construction Foundation,Signed-off,Q00941207-S1,New Building,,,Permit Entire,2468.219970703125,0,1,0.0,73-01 NORTHERN BOULEVARD  QUEENS,1169,49,403,COOK & KRUPA LLC,40.75505065917969,-73.89354705810547
QUEENS,4027375,12/31/2025,6/16/2025,Q01077238-S5-EW-SP,Sprinklers,Permit Issued,Q01077238-S5,Alteration CO,,Yes,Permit Entire,18562.0,0,2,241306.0,59-01 37 AVENUE  QUEENS,1198,7,402,FIVE BOROUGH NYC LLC,40.750091552734375,-73.90308380126953
QUEENS,4027544,11/9/2025,8/25/2025,Q00916740-I1-GC,General Construction,Permit Issued,Q00916740-I1,Alteration CO,,Yes,Permit Entire,1941.0,1,2,166425.0,5336 37 ROAD  QUEENS,1206,22,402,PADMA CONTRACTING CORP,40.75048828125,-73.9083023071289
Queens,4027657,6/29/2026,10/18/2025,41007123801NB11,NB,Issued,410071238,NB,,,PERMIT ISSUED - ENTIRE JOB/WORK,8094.0,0,3,0.0,57-14 37   AVENUE  Queens,1212,9,402,TOWER CONSULTING ENGINEERS,40.750030517578125,-73.90474700927734
Queens,4027816,10/28/2025,11/19/2024,42066637201AL05,AL,Issued,420666372,A1,Y,Y,PERMIT ISSUED - ENTIRE JOB/WORK,22291.0,11,4,4725594.0,37-55 61 ST  Queens,1216,14,402,S M TAM ARCHITECT  PLLC,40.74789810180664,-73.90191650390625
Queens,4030411,11/1/2025,10/28/2024,40171107301NB05,NB,Issued,401711073,NB,,,PERMIT ISSUED - ENTIRE JOB/WORK,5826.0,8,4,0.0,40-29 72 STREET  Queens,1304,16,404,JOSE A. VELASQUEZ  P.E.,40.74576950073242,-73.89311981201172
QUEENS,4031074,11/18/2025,9/23/2025,Q00652900-S2-GC-CX,Structural General Construction Foundation Earth Work,Permit Issued,Q00652900-S2,New Building,,,Permit Entire,9552.099609375,9,6,0.0,56-12 ROOSEVELT AVENUE  QUEENS,1327,39,402,GREEN JJ MANAGEMENT INC,40.74494934082031,-73.90817260742188
Queens,4031141,4/1/2026,8/27/2025,42020047301AL13,AL,Issued,420200473,A1,Y,Y,PERMIT ISSUED - ENTIRE JOB/WORK,0.0,0,3,2120000.0,41-32 58 STREET  Queens,1328,72,402,UNIVERSAL DESIGN & CONST. MGMT.,40.74354934692383,-73.90740203857422
QUEENS,4031397,12/31/2025,2/24/2025,Q00790556-S2-SE,Support of Excavation,Permit Issued,Q00790556-S2,New Building,,,Permit Entire,127623.90625,131,12,1500000.0,58-01 QUEENS BOULEVARD  QUEENS,1334,1,402,NEW EMPIRE BUILDER CORP,40.74222946166992,-73.90699005126953
Queens,4035077,1/15/2026,1/31/2025,42121171701AL07,AL,Issued,421211717,A1,Y,,PERMIT ISSUED - ENTIRE JOB/WORK,0.0,2,3,90000.0,98-07 NORTHERN BOULEVARD  Queens,1428,40,403,MHM ENGINEERING  P.C,40.75743865966797,-73.87010955810547
Queens,4036619,5/29/2026,9/30/2025,41007670501AL06,AL,Issued,410076705,A1,Y,,PERMIT ISSUED - ENTIRE JOB/WORK,0.0,0,2,30000.0,95-27 ROOSEVELT AVE  Queens,1483,45,403,TECHNO CONSULTANT INC,40.749229431152344,-73.87081146240234
QUEENS,4038009,12/31/2025,9/17/2025,Q01168925-I1-GC-CX,Structural General Construction Foundation,Permit Issued,Q01168925-I1,Alteration CO,Yes,No,Permit Entire,2014.699951171875,2,2,370000.0,42-25 79 STREET  QUEENS,1525,95,404,MJDAQUIAL CONSTR CORP,40.74300003051758,-73.88578033447266
Queens,4038628,12/24/2025,5/6/2025,42169554301AL01,AL,Issued,421695543,A1,Y,,PERMIT ISSUED - ENTIRE JOB/WORK,1492.0,0,1,205675.0,82-11 QUEENS BLVD  Queens,1542,1,404,NASIR J. KHANZADA  LLC,40.737789154052734,-73.8809585571289
Queens,4038667,3/11/2026,5/5/2025,42163998001NB03,NB,Issued,421639980,NB,,,PERMIT ISSUED - ENTIRE JOB/WORK,36440.0,29,8,0.0,83-12 BROADWAY  Queens,1544,35,404,ABC ENGINEERING PLLC,40.74066162109375,-73.8798599243164
Queens,4039441,3/11/2026,3/14/2025,40072433801AL25,AL,Issued,400724338,A1,Y,,PERMIT ISSUED - ENTIRE JOB/WORK,17400.0,12,5,60000.0,1 CLAREMONT TERRACE  Queens,1580,13,404,THE JGC GROUP  ARCHITECTS,40.741310119628906,-73.87890625
QUEENS,4040546,2/6/2026,2/6/2025,Q00791534-S1-SE,Support of Excavation,Permit Issued,Q00791534-S1,New Building,,,Permit Entire,10426.0,1,3,62640.0,47-19 JUNCTION BOULEVARD  QUEENS,1621,7,404,JJK BUILDING CONSULTING,40.742740631103516,-73.8672103881836
Queens,4042045,4/4/2026,6/10/2025,40147088601AL08,AL,Issued,401470886,A1,Y,,PERMIT ISSUED - ENTIRE JOB/WORK,9178.0,4,3,80000.0,32-50 104 STREET  Queens,1698,34,403,THE HUDSON GROUP INTERNATIONAL,40.758201599121094,-73.86502075195312
Queens,4042095,3/24/2026,4/7/2025,42130857901AL07,AL,Issued,421308579,A1,,Y,PERMIT ISSUED - ENTIRE JOB/WORK,0.0,8,4,340530.0,104-03 NORTHERN BLVD  Queens,1699,43,403,DAVI ARCHITECTURE  PC,40.75796890258789,-73.86447143554688
Queens,4042767,2/12/2026,8/28/2025,42133291701NB01,NB,Issued,421332917,NB,,,PERMIT ISSUED - PARTIAL JOB,3060.0,3,3,0.0,10717 34 AVE  Queens,1722,27,403,SHAHRISH CONSULTING LLC,40.75651931762695,-73.86094665527344
QUEENS,4042793,12/7/2025,6/6/2025,Q01179437-I1-GC-CX,Structural General Construction Foundation,Permit Issued,Q01179437-I1,Alteration CO,Yes,Yes,Permit Entire,694.9000244140625,2,2,255900.0,33-34 109 STREET  QUEENS,1723,18,403,W.JAKE CONSTRUCTION CORP,40.75688171386719,-73.86023712158203
QUEENS,4044234,3/3/2026,9/26/2025,Q01242296-S4-SE,Support of Excavation,Permit Issued,Q01242296-S4,New Building,,,Permit Entire,7549.0,6,4,0.0,37-58 103 STREET  QUEENS,1768,39,403,EXCELLENT METROPOLITAN,40.751708984375,-73.86392974853516
Queens,4044747,4/1/2026,9/10/2025,42066592501NB03,NB,Issued,420665925,NB,,,PERMIT ISSUED - PARTIAL JOB,8769.0,0,2,0.0,37-39 108TH STREET  Queens,1778,83,403,FC ARCHITECT PLLC,40.753028869628906,-73.85961151123047
Queens,4045593,1/21/2026,2/25/2025,42085198301AL13,AL,Issued,420851983,A1,Y,,PERMIT ISSUED - ENTIRE JOB/WORK,34870.0,2,3,4500000.0,90-56 CORONA AVENUE  Queens,1847,16,404,FRANK PETRUSO ARCHITECT P.C.,40.74222183227539,-73.87355041503906
QUEENS,4047597,3/18/2026,6/27/2025,Q00577002-I1-GC-CX,General Construction Foundation Earth Work,Permit Issued,Q00577002-I1,ALT-CO - New Building with Existing Elements to Remain,Yes,Yes,Permit Entire,6363.0,6,4,350030.0,104-22 CORONA AVENUE  QUEENS,1935,6,404,THC CONSTRUCTION INC,40.74374008178711,-73.8579330444336
Queens,4048473,1/16/2026,3/3/2025,42195871401AL06,AL,Issued,421958714,A1,Y,Y,PERMIT ISSUED - ENTIRE JOB/WORK,3037.0,7,4,640000.0,60-11 WALDRON ST  Queens,1970,59,404,JOE LIEBERMAN PE,40.73863983154297,-73.85015106201172
Queens,4048873,1/18/2026,4/14/2025,42102468901AL07,AL,Issued,421024689,A1,Y,,PERMIT ISSUED - ENTIRE JOB/WORK,0.0,3,3,54375.0,42-06 108 STREET  Queens,1986,37,404,SOHAIL HYMAYUN  P.E,40.74903106689453,-73.85823822021484
Queens,4049277,3/1/2026,3/12/2025,42082598601AL03,AL,Revoked,420825986,A1,Y,Y,PERMIT ISSUED - ENTIRE JOB/WORK,0.0,2,2,65000.0,108-25 42 AVENUE  Queens,1997,58,404,HAKIME ALTINE  P.E.,40.74985885620117,-73.85713958740234
Queens,4050530,11/4/2025,9/3/2025,42066630901NB04,NB,Issued,420666309,NB,,,PERMIT ISSUED - ENTIRE JOB/WORK,7470.0,5,3,0.0,62-17 99 STREET  Queens,2107,1,406,RIKE TECH LLC,40.73455047607422,-73.85777282714844
QUEENS,4050934,12/31/2025,7/10/2025,Q01120496-S1-ST,Structural,Permit Issued,Q01120496-S1,Alteration CO,,Yes,Permit Entire,2701.52001953125,1,2,20000.0,99-30 65 ROAD  QUEENS,2116,19,406,IMG MANAGEMENT INC,40.72908020019531,-73.85405731201172
Queens,4051123,1/21/2026,4/3/2025,40047792501AL05,AL,Issued,400477925,A1,,Y,PERMIT ISSUED - ENTIRE JOB/WORK,14174.0,0,2,300000.0,63-04 YELLOWSTONE BOULEVARD  Queens,2124,40,406,PAUL MOK P.E,40.73405075073242,-73.85301208496094
QUEENS,4051396,12/12/2025,12/12/2024,Q00770147-I1-GC,General Construction,Permit Issued,Q00770147-I1,Alteration CO,Yes,Yes,Permit Entire,4067.0,1,2,328030.0,105-21 63 ROAD  QUEENS,2146,51,406,L&L CONSTRUCTION DEVELOP,40.73411178588867,-73.85182189941406
QUEENS,4051841,1/2/2026,4/15/2025,Q01050399-I1-GC-CX,Structural General Construction Foundation Earth Work,Permit Issued,Q01050399-I1,ALT-CO - New Building with Existing Elements to Remain,Yes,Yes,Permit Entire,3980.0,1,2,880000.0,108-25 66 ROAD  QUEENS,2174,52,406,GENGRIC DESIGN LLC,40.73012924194336,-73.84696960449219
QUEENS,4052247,4/2/2026,4/2/2025,Q00533064-I1-GC,General Construction,Permit Issued,Q00533064-I1,ALT-CO - New Building with Existing Elements to Remain,Yes,,Permit Entire,4384.0,1,2,444570.0,108-34 68 ROAD  QUEENS,2217,20,406,SB RENOVATION & MODELING,40.7264518737793,-73.84485626220703
QUEENS,4052259,11/14/2025,8/6/2025,Q01137015-S2-SE,Support of Excavation,Permit Issued,Q01137015-S2,ALT-CO - New Building with Existing Elements to Remain,Yes,Yes,Permit Entire,7948.259765625,1,2,10000.0,108-23 68 DRIVE  QUEENS,2217,54,406,EJ HOMES 45 LLC,40.72608947753906,-73.84510040283203
QUEENS,4052455,11/27/2025,11/27/2024,Q00982383-S5-SE,Support of Excavation,Permit Issued,Q00982383-S5,ALT-CO - New Building with Existing Elements to Remain,Yes,Yes,Permit Entire,11206.7802734375,1,2,50000.0,110-26 68 DRIVE  QUEENS,2228,17,406,SB RENOVATION & MODELING,40.72637939453125,-73.84253692626953
QUEENS,4052493,1/8/2026,7/29/2025,Q01173521-S3-SE,Support of Excavation,Permit Issued,Q01173521-S3,New Building,,,Permit Entire,7219.4599609375,1,2,0.0,110-30 69 ROAD  QUEENS,2230,20,406,RISHON HOMES CORP,40.72509002685547,-73.84172058105469
QUEENS,4052680,1/20/2026,8/11/2025,Q01175679-S1-PL,Plumbing,Permit Issued,Q01175679-S1,ALT-CO - New Building with Existing Elements to Remain,Yes,Yes,Permit Entire,4536.75,1,2,50000.0,69-91 113 STREET  QUEENS,2245,5,406,JODOM MECHANICAL  INC,40.72425079345703,-73.83851623535156
Queens,4052874,4/1/2026,6/26/2025,40289606901AL08,AL,Issued,402896069,A1,Y,Y,PERMIT ISSUED - ENTIRE JOB/WORK,0.0,0,5,157400.0,46-02 47TH AVENUE  Queens,2284,6,402,LA ROCCA GREENE ARCHITECTS LLC,40.74045181274414,-73.91876220703125
QUEENS,4054347,11/4/2025,8/27/2025,Q01151686-I1-GC,General Construction,Permit Issued,Q01151686-I1,Alteration CO,Yes,Yes,Permit Entire,2909.0,2,2,259400.0,53-71 61 STREET  QUEENS,2367,18,405,RECORD GROUP INC,40.72789001464844,-73.90374755859375
QUEENS,4054348,11/4/2025,9/11/2025,Q00921327-I1-GC,General Construction,Permit Issued,Q00921327-I1,Alteration CO,,Yes,Permit Entire,3257.0,2,2,436800.0,53-69 61 STREET  QUEENS,2367,19,405,RECORD GROUP INC,40.72801971435547,-73.90377807617188
QUEENS,4056462,12/31/2025,4/17/2025,Q01010476-S4-SE,Support of Excavation,Permit Issued,Q01010476-S4,New Building,,,Permit Entire,5245.35986328125,2,3,0.0,69-02 51 AVENUE  QUEENS,2455,1,402,L&L CONSTRUCTION DEVELOP,40.73514175415039,-73.89572143554688
QUEENS,4056679,12/31/2025,3/27/2025,Q00737373-I1-GC-CX,Mechanical Systems Structural General Construction,Permit Issued,Q00737373-I1,Alteration CO,Yes,Yes,Permit Entire,2676.0,2,2,321580.0,72-28 51 ROAD  QUEENS,2465,17,402,L&L CONSTRUCTION DEVELOP,40.735721588134766,-73.89024353027344
QUEENS,4057113,12/30/2025,6/4/2025,Q00499601-S6-SE,Support of Excavation,Permit Issued,Q00499601-S6,ALT-CO - New Building with Existing Elements to Remain,Yes,Yes,Permit Entire,6913.0,0,2,10000.0,79-06 51 AVENUE  QUEENS,2471,101,404,L2 CONSTRUCTION INC,40.73711013793945,-73.8843002319336
Queens,4058901,6/24/2026,6/27/2025,42174548201AL06,AL,Issued,421745482,A1,,Y,PERMIT ISSUED - ENTIRE JOB/WORK,11382.0,0,1,341460.0,54-15 48TH STREET  Queens,2556,3,402,CITY BUILDING NY ARCHITECT P.C.,40.730560302734375,-73.9185562133789
Queens,4059131,2/23/2026,2/28/2025,42124157901AL05,AL,Issued,421241579,A1,Y,Y,PERMIT ISSUED - PARTIAL JOB,0.0,0,2,120000.0,58-67 56 STREET  Queens,2631,119,405,FRANK PETRUSO ARCHITECT. P.C,40.718570709228516,-73.91282653808594
Queens,4060553,7/23/2026,7/23/2025,42173826701NB09,NB,Issued,421738267,NB,,,PERMIT ISSUED - ENTIRE JOB/WORK,3843.0,2,2,0.0,61-12 56 ROAD  Queens,2710,43,405,DANIEL G. FAILLA ARCHITECTS,40.724151611328125,-73.90392303466797
QUEENS,4062924,12/31/2025,9/12/2025,Q00843956-I1-GC-CX,Structural General Construction Foundation Earth Work,Permit Issued,Q00843956-I1,Alteration CO,Yes,Yes,Permit Entire,1056.0,2,2,442360.0,54-26 80 STREET  QUEENS,2807,16,404,NEW YORK CONSTRUCTION MA*,40.7298698425293,-73.88346862792969
QUEENS,4063046,5/1/2026,10/2/2025,Q08052851-S2-PL,Plumbing,Permit Issued,Q08052851-S2,New Building,,,Permit Entire,3130.81005859375,2,2,52000.0,57-64 75 STREET  QUEENS,2813,79,405,AMERICAN STANDARD P&H COR,40.72684860229492,-73.8863525390625
QUEENS,4063105,1/1/2026,9/24/2025,Q00936870-I1-GC,General Construction,Permit Issued,Q00936870-I1,New Building,,,Permit Entire,4506.0,2,3,0.0,76-09 58 AVENUE  QUEENS,2816,20,405,DMA CONTRACTING INC,40.72676086425781,-73.88414764404297
Queens,4063365,2/27/2026,4/18/2025,42161493401AL04,AL,Issued,421614934,A1,,Y,PERMIT ISSUED - ENTIRE JOB/WORK,941.0,1,2,141600.0,7603 58 RD  Queens,2823,23,405,RAYMOND HO ARCHITECT  PLLC,40.725799560546875,-73.88411712646484
Queens,4063940,6/6/2026,6/12/2025,42097750801AL14,AL,Issued,420977508,A1,,Y,PERMIT ISSUED - ENTIRE JOB/WORK,2534.0,1,2,305000.0,69-18 60 DRIVE  Queens,2838,3,405,FRANK S. SMITH  ARCHITECT PC,40.72024917602539,-73.89108276367188
Queens,4065454,1/21/2026,6/20/2025,42125830101NB08,NB,Issued,421258301,NB,,,PERMIT ISSUED - ENTIRE JOB/WORK,4965.0,3,4,0.0,85-20 57 AVENUE  Queens,2882,1,404,TAN ARCHITECT PC,40.73183059692383,-73.87677764892578
QUEENS,4066347,11/23/2025,9/25/2025,Q01083469-I1-ST,Structural,Permit Issued,Q01083469-I1,New Building,,,Permit Entire,4115.25,2,3,0.0,58-16 83 PLACE  QUEENS,2911,12,405,HOME STYLE IMPROVEMENTS *,40.72848892211914,-73.87811279296875
QUEENS,4067769,12/31/2025,3/7/2025,Q01115199-I1-ST,Structural,Permit Issued,Q01115199-I1,Alteration CO,,Yes,Permit Entire,2430.0,1,2,247044.0,82-38 ELIOT AVENUE  QUEENS,2941,50,405,L&L CONSTRUCTION DEVELOP,40.72610855102539,-73.8761978149414
Queens,4070445,4/1/2026,5/30/2025,42110729701AL08,AL,Issued,421107297,A1,Y,,PERMIT ISSUED - ENTIRE JOB/WORK,71711.0,0,4,2.8327512E7,69-10 65 DRIVE  Queens,3027,37,405,NYC SCHOOL CONSTRUCTION AUTHORIT,40.71500015258789,-73.88590240478516
QUEENS,4070668,12/1/2025,10/20/2025,Q01104726-S3-PL,Plumbing,Permit Issued,Q01104726-S3,Alteration CO,,Yes,Permit Entire,1882.6400146484375,1,2,63000.0,74-10 PENELOPE AVENUE  QUEENS,3034,5,405,ROCK E SMALL PLBG&HTG INC,40.71641159057617,-73.88059997558594
QUEENS,4070889,11/30/2025,8/4/2025,Q01104719-S1-PL,Plumbing,Permit Issued,Q01104719-S1,Alteration CO,Yes,,Permit Entire,2365.409912109375,1,2,4500.0,65-38 78 STREET  QUEENS,3039,21,405,RRP PLUMBING CORP,40.7163200378418,-73.87561798095703
Queens,4071887,11/20/2025,8/25/2025,42162192601NB05,NB,Issued,421621926,NB,,,PERMIT ISSUED - PARTIAL JOB,10816.0,17,5,0.0,66-73 79 PLACE  Queens,3070,3,405,T.F. CUSANELLI & FILLETTI ARCH,40.713829040527344,-73.8726577758789
QUEENS,4072163,12/17/2025,12/17/2024,Q00510235-S5-FO,Foundation,Permit Issued,Q00510235-S5,New Building,,,Permit Entire,72060.0,51,7,1000.0,98-60 QUEENS BOULEVARD  QUEENS,3086,34,406,QBH CONSTRUCTION CORP,40.727508544921875,-73.85643768310547
QUEENS,4074766,3/28/2026,3/28/2025,Q00928726-S2-PL,Plumbing,Signed-off,Q00928726-S2,Alteration CO,Yes,Yes,Permit Entire,2693.39990234375,2,2,27000.0,66-35 BOOTH STREET  QUEENS,3158,94,406,S & L PLUMBING INC,40.72610092163086,-73.85558319091797
Queens,4075931,11/6/2025,7/18/2025,42153677901AL02,AL,Issued,421536779,A1,Y,Y,PERMIT ISSUED - ENTIRE JOB/WORK,5652.0,4,3,272256.0,67-75 DARTMOUTH STREET  Queens,3190,74,406,YANG ENGINEERING LLC,40.7210693359375,-73.85455322265625
Queens,4077408,12/21/2025,9/22/2025,44060973501AL02,AL,Issued,440609735,A1,Y,,PERMIT ISSUED - ENTIRE JOB/WORK,3442.0,1,3,200000.0,65 TENNIS PLACE  Queens,3231,18,406,ZPROEKT,40.71841049194336,-73.8472900390625
Queens,4078828,11/11/2025,12/12/2024,40169489501AL02,AL,Issued,401694895,A1,Y,,PERMIT ISSUED - ENTIRE JOB/WORK,1348595.0,0,1,15000.0,111-16 QUEENS BOULEVARD  Queens,3294,26,406,MA ENGINEERING PC,40.71805953979492,-73.83738708496094
Queens,4079669,10/23/2025,4/7/2025,42174176101NB01,NB,Issued,421741761,NB,,,PERMIT ISSUED - ENTIRE JOB/WORK,4474.0,1,3,0.0,80-24 AUSTIN STREET  Queens,3335,40,409,MARK ANTHONY ARCHITECTURE PC,40.7122688293457,-73.8331527709961
QUEENS,4080038,1/31/2026,1/31/2025,Q00988298-S1-SE,Support of Excavation,Permit Issued,Q00988298-S1,ALT-CO - New Building with Existing Elements to Remain,Yes,,Permit Entire,8170.0,1,2,33000.0,81-09 AUSTIN STREET  QUEENS,3350,4,409,FRSS GROUP CORP,40.71154022216797,-73.8314437866211
QUEENS,4080048,12/23/2025,12/23/2024,Q00712312-I1-MS,Mechanical Systems,Permit Issued,Q00712312-I1,ALT-CO - New Building with Existing Elements to Remain,Yes,No,Permit Entire,5617.0400390625,1,2,1596010.0,1-05 81 AVENUE  QUEENS,3350,36,409,HY DESIGN & DEVELOPMENT L,40.71260070800781,-73.83000946044922
QUEENS,4080641,11/27/2025,12/24/2024,Q00955314-I1-GC-CX,Structural General Construction,Permit Issued,Q00955314-I1,Alteration CO,Yes,,Permit Entire,2507.0,3,2,100000.0,20-16 MENAHAN STREET  QUEENS,3384,21,405,EBL CONTRACTING CORP,40.707950592041016,-73.90682983398438
Queens,4081945,2/12/2026,4/7/2025,42164494701NB03,NB,Issued,421644947,NB,,,PERMIT ISSUED - ENTIRE JOB/WORK,6381.0,7,4,0.0,460 SENECA AVENUE  Queens,3432,36,405,P. GEORGOPOULOS ARCHITECT PC,40.70589065551758,-73.91339874267578
QUEENS,4086388,3/13/2026,4/3/2025,Q00702109-I1-GC-CX,Mechanical Systems Structural General Construction,Permit Issued,Q00702109-I1,Alteration CO,,Yes,Permit Entire,6236.0,0,1,448910.0,18-15 DECATUR STREET  QUEENS,3578,55,405,JFZ CONSTRUCTION  INC,40.69797897338867,-73.89842224121094
Queens,4089764,4/29/2026,4/14/2025,44064298501AL04,AL,Issued,440642985,A1,Y,,PERMIT ISSUED - ENTIRE JOB/WORK,3038.0,2,2,412000.0,71-57 70 STREET  Queens,3686,70,405,JAREK TRESKO ARCHITECT  LLC,40.70283889770508,-73.88108825683594
Queens,4091412,12/4/2025,5/19/2025,42168613401NB09,NB,Issued,421686134,NB,,,PERMIT ISSUED - ENTIRE JOB/WORK,4179.0,2,2,0.0,73-19 68 AVENUE  Queens,3772,48,405,STACOM CONSULTANTS,40.710811614990234,-73.87847900390625
QUEENS,4091862,10/22/2025,10/22/2024,Q01071591-I1-GC-CX,Structural General Construction Foundation Earth Work,Permit Issued,Q01071591-I1,Alteration CO,,Yes,Permit Entire,1592.0,1,2,347150.0,73-24 69 AVENUE  QUEENS,3786,14,405,YAFE MEOD CORP,40.70917892456055,-73.87732696533203
QUEENS,4092933,11/24/2025,11/26/2024,Q00604602-I1-GC-CX,Mechanical Systems Structural General Construction,Permit Issued,Q00604602-I1,Alteration CO,Yes,Yes,Permit Entire,2553.0,1,2,150000.0,77-55 79 PLACE  QUEENS,3818,5,405,TOMCHRIS CONTRACTING CORP,40.705299377441406,-73.87052917480469
Queens,4093325,1/1/2026,1/9/2025,41002105101AL19,AL,Issued,410021051,A1,Y,,PERMIT ISSUED - ENTIRE JOB/WORK,2991.0,2,2,30000.0,78-26 79 STREET  Queens,3827,24,405,Co.De Consulting and Design  Inc,40.70389175415039,-73.87152862548828
QUEENS,4095836,12/27/2025,9/25/2025,Q01024807-S1-FN,Construction Fence,Permit Issued,Q01024807-S1,Alteration CO,,Yes,Permit Entire,776.0,1,2,1000.0,123-09 5 AVENUE  QUEENS,3921,16,407,ZAQ CONSTRUCTION INC,40.792808532714844,-73.84410858154297
QUEENS,4098000,3/18/2026,5/16/2025,Q00533054-I1-GC,General Construction,Permit Issued,Q00533054-I1,New Building,,,Permit Issued,9312.0,2,3,911000.0,117-18 14 AVENUE  QUEENS,4052,16,407,THC CONSTRUCTION INC,40.78567886352539,-73.84979248046875
QUEENS,4098976,1/6/2026,9/5/2025,Q01148290-S3-FN,Construction Fence,Permit Issued,Q01148290-S3,New Building,,,Permit Entire,3186.39990234375,0,1,0.0,18-24 129 STREET  QUEENS,4134,32,407,ESG INC,40.78242874145508,-73.83982849121094
QUEENS,4099508,8/27/2026,10/1/2025,Q01224559-I1-FD,Full Demolition,Permit Issued,Q01224559-I1,Full Demolition,,,Permit Entire,3428.0,0,0,45000.0,22-31 COLLEGE POINT BOULEVARD  QUEENS,4198,7,407,JJK BUILDING CONSULTING,40.779170989990234,-73.8458023071289
QUEENS,4099780,12/9/2025,12/9/2024,Q00759622-S2-PL,Plumbing,Permit Issued,Q00759622-S2,New Building,,,Permit Issued,6481.0,2,3,0.0,121-10 23 AVENUE  QUEENS,4225,22,407,WATSON'S PLBG  HTG  & BDG,40.77838134765625,-73.84668731689453
QUEENS,4101067,2/20/2026,2/20/2025,Q01079290-I1-GC-CX,Structural General Construction,Permit Issued,Q01079290-I1,Alteration CO,,Yes,Permit Entire,5043.47998046875,1,2,392964.0,34 CENTER DRIVE  QUEENS,4432,6,407,ADVANCE CONSTR AND AV SYS,40.78990936279297,-73.82801818847656
QUEENS,4101141,11/1/2025,11/1/2024,Q01068221-I1-GC-CX,Structural General Construction Foundation,Permit Issued,Q01068221-I1,Alteration CO,Yes,Yes,Permit Entire,3921.489990234375,1,3,536855.0,141-66 11 AVENUE  QUEENS,4434,130,407,CELATECH CONSTRUCTION COR,40.78858184814453,-73.8266830444336
Queens,4101273,12/11/2025,2/25/2025,42018741601AL18,AL,Issued,420187416,A1,Y,,PERMIT ISSUED - ENTIRE JOB/WORK,0.0,1,2,285000.0,74 MALBA DRIVE  Queens,4440,79,407,JLS DESIGNS,40.79199981689453,-73.82705688476562
QUEENS,4101323,2/24/2026,10/20/2025,Q01223895-S4-SE,Support of Excavation,Permit Issued,Q01223895-S4,ALT-CO - New Building with Existing Elements to Remain,Yes,Yes,Permit Entire,6769.7998046875,1,2,100000.0,13-03 MALBA DRIVE  QUEENS,4444,28,407,STREAM ROCK CONTSRUCTION*,40.78828811645508,-73.82441711425781
QUEENS,4101330,12/30/2025,5/16/2025,Q00870588-I1-GC-CX,Structural General Construction Foundation,Permit Issued,Q00870588-I1,Alteration CO,Yes,Yes,Permit Entire,4187.1298828125,1,2,267290.0,144-28 11 AVENUE  QUEENS,4444,141,407,LLNY GROUP LLC,40.78915023803711,-73.82392120361328
Queens,4101429,3/21/2026,5/13/2025,41018430301AL18,AL,Issued,410184303,A1,Y,Y,PERMIT ISSUED - ENTIRE JOB/WORK,0.0,1,2,191180.0,145-76 5 AVENUE  Queens,4454,35,407,DEFONSECA ARCHITECTS,40.794620513916016,-73.82243347167969
Queens,4102168,8/22/2026,9/30/2025,42160545401NB06,NB,Issued,421605454,NB,,,PERMIT ISSUED - ENTIRE JOB/WORK,5423.0,1,2,0.0,149-45 POWELLS COVE BLVD  Queens,4487,22,407,JLS DESIGNS,40.80043029785156,-73.8200912475586
QUEENS,4102281,11/9/2025,9/17/2025,Q08048224-I1-GC-CX,Mechanical Systems Structural General Construction Foundation,Permit Issued,Q08048224-I1,ALT-CO - New Building with Existing Elements to Remain,Yes,Yes,Permit Entire,1370.0,1,2,402500.0,5-30 150 STREET  QUEENS,4496,32,407,CENTRAL BUILDERS DEVELOPM,40.79558181762695,-73.81697082519531
QUEENS,4103113,2/3/2026,8/27/2025,Q01021224-S1-PL,Plumbing,Permit Issued,Q01021224-S1,Alteration CO,Yes,No,Permit Entire,1720.3599853515625,1,2,13500.0,152-17 11 AVENUE  QUEENS,4539,97,407,WATSON'S PLBG  HTG  & BDG,40.792781829833984,-73.80953979492188
Queens,4103478,4/21/2026,4/9/2025,42168560701AL09,AL,Issued,421685607,A1,Y,Y,PERMIT ISSUED - ENTIRE JOB/WORK,5927.0,1,2,512350.0,155-15 14 AVE  Queens,4550,6,407,HCN DESIGN,40.78955078125,-73.8060531616211
QUEENS,4103747,11/18/2025,11/18/2024,Q00732033-I1-GC,General Construction,Permit Issued,Q00732033-I1,New Building,,,Permit Entire,4948.0,1,2,362500.0,157-60 12 ROAD  QUEENS,4559,63,407,USA BUILDING CONTR INC,40.7902717590332,-73.80252838134766
QUEENS,4104131,1/10/2026,5/16/2025,Q00883885-S2-PL,Plumbing,Signed-off,Q00883885-S2,ALT-CO - New Building with Existing Elements to Remain,Yes,Yes,Permit Entire,2074.0,1,2,53500.0,14-28 162 STREET  QUEENS,4587,61,407,ZATOS PLBG AND HTG INC,40.786991119384766,-73.80082702636719
QUEENS,4104185,12/31/2025,9/9/2025,Q01109415-S5-ST,Structural,Permit Issued,Q01109415-S5,Alteration CO,,Yes,Permit Entire,4331.97021484375,1,2,180000.0,162-54 12 AVENUE  QUEENS,4592,95,407,L&L CONSTRUCTION DEVELOP,40.79066848754883,-73.79792785644531
QUEENS,4104239,11/24/2025,3/20/2025,Q08027353-S1-PL,Plumbing,Permit Issued,Q08027353-S1,Alteration CO,Yes,Yes,Permit Entire,4500.0,1,2,54000.0,162-18 14 AVENUE  QUEENS,4595,6,407,ALL PRO PLBG & HTG INC,40.78879928588867,-73.7996597290039
Queens,4104301,9/19/2026,9/11/2025,42137293601AL13,AL,Issued,421372936,A1,Y,,PERMIT ISSUED - ENTIRE JOB/WORK,0.0,1,2,350000.0,14-48 164 STREET  Queens,4597,50,407,FRANK PETRUSO ARCHITECT P.C.,40.78765869140625,-73.7988510131836
QUEENS,4104782,12/17/2025,12/17/2024,Q01080577-I1-ST,Structural,Permit Issued,Q01080577-I1,Alteration CO,No,Yes,Permit Entire,2782.5,2,2,539450.0,19-15 PARSONS BOULEVARD  QUEENS,4630,6,407,L&L CONSTRUCTION DEVELOP,40.78213882446289,-73.82158660888672
QUEENS,4105328,12/31/2025,4/24/2025,Q01045272-I1-ST,Structural,Permit Issued,Q01045272-I1,New Building,,,Permit Entire,1500.0,2,2,0.0,147-21 18 AVENUE  QUEENS,4651,13,407,L&L CONSTRUCTION DEVELOP,40.783241271972656,-73.81793975830078
QUEENS,4105457,2/4/2026,5/9/2025,Q01217849-S1-FN,Construction Fence,Permit Issued,Q01217849-S1,New Building,,,Permit Entire,5353.5,2,2,0.0,147-13 22 AVENUE  QUEENS,4656,13,407,MASTORAS BUILDERS LLC,40.77949905395508,-73.8187026977539
QUEENS,4105770,12/6/2025,8/21/2025,Q00860135-I1-GC,General Construction,Permit Issued,Q00860135-I1,Alteration CO,Yes,Yes,Permit Entire,2568.0,2,2,148225.0,16-12 150 STREET  QUEENS,4665,33,407,STONECORE LLC,40.78450012207031,-73.81405639648438
QUEENS,4105771,8/3/2026,10/17/2025,Q01195771-I1-GC-CX,Structural General Construction Foundation Earth Work,Permit Issued,Q01195771-I1,Alteration CO,Yes,Yes,Permit Entire,2850.0,2,2,435100.0,16-08 150 STREET  QUEENS,4665,34,407,TLS CONSTRUCTION GROUP I*,40.78459930419922,-73.81404876708984
QUEENS,4106513,12/31/2025,8/26/2025,Q01206933-S4-ST,Structural,Permit Issued,Q01206933-S4,ALT-CO - New Building with Existing Elements to Remain,Yes,Yes,Permit Entire,7587.490234375,2,2,100000.0,150-23 21 AVENUE  QUEENS,4690,14,407,L&L CONSTRUCTION DEVELOP,40.78001022338867,-73.8134536743164
QUEENS,4108892,3/18/2026,5/23/2025,Q08030510-I1-GC,General Construction,Permit Issued,Q08030510-I1,New Building,,,Permit Entire,3676.510009765625,1,2,15000.0,25-08 MURRAY STREET  QUEENS,4818,32,407,THC CONSTRUCTION INC,40.77532958984375,-73.81311798095703
QUEENS,4109821,8/27/2026,10/7/2025,Q01222558-S4-SE,Support of Excavation,Permit Issued,Q01222558-S4,New Building,,,Permit Entire,4722.14990234375,1,2,0.0,32-12 155 STREET  QUEENS,4855,26,407,JJK BUILDING CONSULTING,40.76942825317383,-73.80966186523438
QUEENS,4110140,11/7/2025,11/7/2024,Q01046147-S1-PL,Plumbing,Permit Issued,Q01046147-S1,ALT-CO - New Building with Existing Elements to Remain,Yes,,Permit Entire,2143.06005859375,1,2,21000.0,26-11 157 STREET  QUEENS,4867,4,407,WATSON'S PLBG  HTG  & BDG,40.773250579833984,-73.806640625
QUEENS,4110760,2/3/2026,7/8/2025,Q01094483-S2-PL,Plumbing,Permit Issued,Q01094483-S2,New Building,,,Permit Entire,4132.0,1,2,0.0,29-05 162 STREET  QUEENS,4893,30,407,WATSON'S PLBG  HTG  & BDG,40.77096176147461,-73.80226135253906
QUEENS,4110805,12/12/2025,8/20/2025,Q00834588-S1-PL,Plumbing,Permit Issued,Q00834588-S1,ALT-CO - New Building with Existing Elements to Remain,Yes,Yes,Permit Entire,5379.0,1,2,104500.0,32-16 162 STREET  QUEENS,4895,34,407,AJC PLUMBING & HTG CORP,40.768890380859375,-73.8031234741211
Queens,4110866,4/1/2026,5/12/2025,42087711701NB16,NB,Issued,420877117,NB,,,PERMIT ISSUED - ENTIRE JOB/WORK,2811.0,1,2,0.0,163-38 24 ROAD  Queens,4899,23,407,N/A,40.77505111694336,-73.79952239990234
QUEENS,4111303,12/31/2025,4/4/2025,Q01078813-I1-GC-CX,Mechanical Systems Structural General Construction Foundation Earth Work,Permit Issued,Q01078813-I1,ALT-CO - New Building with Existing Elements to Remain,Yes,Yes,Permit Entire,1183.0,1,2,980210.0,166-12 27 AVENUE  QUEENS,4918,5,407,L&L CONSTRUCTION DEVELOP,40.772071838378906,-73.79814147949219
Queens,4111993,1/21/2026,8/18/2025,42134258601NB16,NB,Issued,421342586,NB,,,PERMIT ISSUED - ENTIRE JOB/WORK,30668.0,0,4,0.0,33-33 PRINCE STREET  Queens,4949,75,407,MY ARCHITECT PC,40.76567840576172,-73.83306121826172
Queens,4112123,1/1/2026,2/19/2025,40162266901AL17,AL,Issued,401622669,A1,,Y,PERMIT ISSUED - PARTIAL JOB,0.0,267,16,1.3991125E7,13535 NORTHERN BOULEVARD  Queens,4958,48,407,PEI COBB FREED & PARTNERS  ARCH,40.76361083984375,-73.83209991455078
Queens,4112167,1/1/2026,2/26/2025,42100738701NB10,NB,Issued,421007387,NB,,,PERMIT ISSUED - ENTIRE JOB/WORK,2750.0,2,4,0.0,136-17 CARLTON PLACE  Queens,4960,49,407,LU NING ARCHITECTURE  PLLC,40.764461517333984,-73.82977294921875
QUEENS,4112848,12/27/2025,8/14/2025,Q00754940-I1-GC,General Construction,Permit Issued,Q00754940-I1,ALT-CO - New Building with Existing Elements to Remain,Yes,,Permit Entire,3625.8701171875,1,2,269160.0,3309 148 STREET  QUEENS,4988,23,407,ZAQ CONSTRUCTION INC,40.76871871948242,-73.81790161132812
QUEENS,4113049,2/24/2026,9/4/2025,Q01187504-S4-ST,Structural,Permit Issued,Q01187504-S4,New Building,,,Permit Entire,8698.4599609375,2,2,0.0,147-23 35 AVENUE  QUEENS,4996,4,407,STREAM ROCK CONTSRUCTION*,40.766639709472656,-73.81877899169922
QUEENS,4114055,7/20/2026,10/15/2025,Q01100094-S1-FN,Construction Fence,Permit Issued,Q01100094-S1,New Building,,,Permit Entire,3531.449951171875,2,2,0.0,39-18 150 PLACE  QUEENS,5032,32,407,GOLDEN TIME CONTRACTING I,40.76456069946289,-73.81414031982422
Queens,4114071,4/11/2026,7/30/2025,42161564801NB06,NB,Issued,421615648,NB,,,PERMIT ISSUED - ENTIRE JOB/WORK,8793.0,0,1,0.0,150-50 NORTHERN BLVD  Queens,5033,19,407,U ARCHITECT P.C,40.764869689941406,-73.81329345703125
Queens,4114167,4/26/2026,6/3/2025,42159014801NB07,NB,Issued,421590148,NB,,,PERMIT ISSUED - ENTIRE JOB/WORK,10456.0,7,5,0.0,132-49 41 AVENUE  Queens,5037,191,407,TAN ARCHITECT PC,40.757259368896484,-73.83213806152344
Queens,4114189,12/1/2025,9/2/2025,42113310601NB07,NB,Issued,421133106,NB,,,PERMIT ISSUED - ENTIRE JOB/WORK,18965.0,9,5,0.0,132-55 41RD  Queens,5039,38,407,SALEH & ASSOCIATES,40.75653076171875,-73.8318862915039
Queens,4114190,11/6/2025,4/28/2025,42066586301NB01,NB,Issued,420665863,NB,,,PERMIT ISSUED - ENTIRE JOB/WORK,20100.0,10,6,0.0,132-51 41ST ROAD  Queens,5039,40,407,CHRIS BENEDICT  R.A.,40.7564811706543,-73.83199310302734
Queens,4114199,8/12/2026,7/31/2025,42103617701NB13,NB,Issued,421036177,NB,,,PERMIT ISSUED - ENTIRE JOB/WORK,13000.0,5,7,0.0,132-21 41 ROAD  Queens,5039,58,407,LIN & ASSOCIATES ARCHITECTS PC,40.756019592285156,-73.83291625976562
QUEENS,4114210,6/18/2026,7/22/2025,Q00918451-S7-EW-SP,Sprinklers,Permit Issued,Q00918451-S7,New Building,,,Permit Entire,19435.0,10,6,0.0,132-14 41 ROAD  QUEENS,5040,15,407,FLINT MECHANICAL CORP,40.75551986694336,-73.8327407836914
Queens,4114953,8/8/2026,8/20/2025,42113381001NB07,NB,Issued,421133810,NB,,,PERMIT ISSUED - ENTIRE JOB/WORK,57705.0,124,12,0.0,131-28 40TH ROAD  Queens,5060,58,407,GENE KAUFMAN ARCHITECT PC,40.75625991821289,-73.83518981933594
QUEENS,4114965,11/30/2025,1/31/2025,Q00732043-S5-EW-SP,Sprinklers,Permit Issued,Q00732043-S5,New Building,,,Permit Entire,15123.0,0,2,178000.0,131-19 SANFORD AVENUE  QUEENS,5061,22,407,RRP PLUMBING CORP,40.75453186035156,-73.8351821899414
Queens,4115096,3/7/2026,3/13/2025,42078826801NB07,NB,Issued,420788268,NB,,,PERMIT ISSUED - ENTIRE JOB/WORK,9011.0,8,5,0.0,132-53 POPLE AVENUE  Queens,5102,39,407,AN SHEN MA ARCHITECT,40.753868103027344,-73.83087158203125
QUEENS,4115139,6/11/2026,10/14/2025,Q08007714-S5-SE,Support of Excavation,Permit Issued,Q08007714-S5,New Building,,,Permit Entire,7301.0,3,4,0.0,132-70 POPLE AVENUE  QUEENS,5104,31,407,HY DESIGN & DEVELOPMENT L,40.75373077392578,-73.83019256591797
QUEENS,4116527,2/14/2026,2/14/2025,Q08043112-S4-PL,Plumbing,Permit Issued,Q08043112-S4,New Building,,,Permit Entire,1311.0,2,2,0.0,137-23 KALMIA AVENUE  QUEENS,5149,58,407,XH&RC PLBG AND HTG INC,40.748958587646484,-73.82000732421875
QUEENS,4116553,2/3/2026,2/4/2025,Q01076535-S1-PL,Plumbing,Permit Issued,Q01076535-S1,ALT-CO - New Building with Existing Elements to Remain,Yes,Yes,Permit Entire,2579.0,2,2,65000.0,46-40 KISSENA BOULEVARD  QUEENS,5150,31,407,WATSON'S PLBG  HTG  & BDG,40.749488830566406,-73.81829833984375
QUEENS,4116713,12/4/2025,12/4/2024,Q00872555-S2-PL,Plumbing,Permit Issued,Q00872555-S2,Alteration CO,Yes,Yes,Permit Entire,2494.280029296875,2,2,28000.0,142-34 56 ROAD  QUEENS,5171,20,407,XH&RC PLBG AND HTG INC,40.74604034423828,-73.82225799560547
QUEENS,4116734,12/31/2025,7/15/2025,Q00978478-S1-GC-CX,Structural General Construction Foundation Earth Work,Permit Issued,Q00978478-S1,ALT-CO - New Building with Existing Elements to Remain,Yes,Yes,Permit Entire,5658.47998046875,2,2,155875.0,142-31 BOOTH MEMORIAL AVENUE  QUEENS,5171,50,407,L&L CONSTRUCTION DEVELOP,40.74570846557617,-73.82221984863281
Queens,4116778,10/25/2025,4/7/2025,42156488101NB06,NB,Issued,421564881,NB,,,PERMIT ISSUED - ENTIRE JOB/WORK,4169.0,2,2,0.0,146-35 BOOTH MEMORIAL AVENUE  Queens,5174,35,407,EDWARD LUI ARCHITECT PLLC,40.74496078491211,-73.81997680664062
QUEENS,4116783,2/3/2026,7/22/2025,Q00846081-S1-PL,Plumbing,Permit Issued,Q00846081-S1,New Building,,,Permit Entire,2755.5,2,2,0.0,146-15 BOOTH MEMORIAL AVENUE  QUEENS,5174,45,407,WATSON'S PLBG  HTG  & BDG,40.745201110839844,-73.82066345214844
Queens,4117223,6/17/2026,6/25/2025,42151335701NB12,NB,Issued,421513357,NB,,,PERMIT ISSUED - ENTIRE JOB/WORK,11687.0,10,6,0.0,140-18 CHERRY AVE  Queens,5192,41,407,NYEAST ASSOCIATES,40.75408172607422,-73.82205963134766
QUEENS,4117564,3/18/2026,5/30/2025,Q08045244-I1-GC,General Construction,Permit Issued,Q08045244-I1,New Building,,,Permit Entire,4217.35009765625,2,2,242850.0,146-41 HAWTHORN AVENUE  QUEENS,5206,34,407,THC CONSTRUCTION INC,40.75457000732422,-73.81485748291016
QUEENS,4117898,2/3/2026,8/20/2025,Q01046166-S3-PL,Plumbing,Permit Issued,Q01046166-S3,New Building,,,Permit Entire,7230.52001953125,2,2,0.0,142-10 LABURNUM AVENUE  QUEENS,5218,3,407,WATSON'S PLBG  HTG  & BDG,40.75046157836914,-73.8153305053711
QUEENS,4117957,8/3/2026,10/20/2025,Q01013519-I1-GC-CX,Mechanical Systems General Construction Foundation Earth Work,Permit Issued,Q01013519-I1,Alteration CO,Yes,,Permit Entire,1245.0,2,2,212875.0,47-06 PARSONS BOULEVARD  QUEENS,5221,10,407,TLS CONSTRUCTION GROUP I*,40.751800537109375,-73.81249237060547
QUEENS,4118002,7/20/2026,8/13/2025,Q01177998-S4-ST,Structural,Permit Issued,Q01177998-S4,ALT-CO - New Building with Existing Elements to Remain,Yes,Yes,Permit Entire,5257.75,2,2,200000.0,140-18 OAK AVENUE  QUEENS,5223,3,407,GOLDEN TIME CONTRACTING I,40.74794006347656,-73.81522369384766
QUEENS,4118103,5/4/2026,6/30/2025,Q00520212-S1-EW-SP,Sprinklers,Permit Issued,Q00520212-S1,New Building,,,Permit Entire,7316.0,1,2,100000.0,50-10 PARSONS BOULEVARD  QUEENS,5228,30,407,DYNAMIC PLBNG & SPRKR COR,40.75004959106445,-73.81144714355469
QUEENS,4118872,2/24/2026,9/3/2025,Q01216691-I1-ST,Structural,Permit Issued,Q01216691-I1,ALT-CO - New Building with Existing Elements to Remain,Yes,Yes,Permit Entire,6848.06005859375,1,2,1280880.0,33-74 169 STREET  QUEENS,5253,84,407,STREAM ROCK CONTSRUCTION*,40.76538848876953,-73.79698944091797
QUEENS,4119310,11/15/2025,11/15/2024,Q00904998-S1-PL,Plumbing,Permit Issued,Q00904998-S1,ALT-CO - New Building with Existing Elements to Remain,Yes,Yes,Permit Entire,1800.0,1,2,25000.0,35-57 158 STREET  QUEENS,5274,14,407,XH&RC PLBG AND HTG INC,40.76408004760742,-73.80696105957031
QUEENS,4119469,12/31/2025,12/31/2024,Q01074394-S4-PL,Plumbing,Permit Issued,Q01074394-S4,ALT-CO - New Building with Existing Elements to Remain,Yes,Yes,Permit Entire,2996.02001953125,1,2,45000.0,35-29 162 STREET  QUEENS,5282,40,407,WATSON'S PLBG  HTG  & BDG,40.764530181884766,-73.80313110351562
Queens,4120471,1/25/2026,6/20/2025,42188753201AL02,AL,Issued,421887532,A1,Y,,PERMIT ISSUED - ENTIRE JOB/WORK,11256.0,7,3,2000000.0,40-35 162 ST  Queens,5336,30,407,JEON CONSULTING,40.76150894165039,-73.80354309082031
Queens,4120472,1/25/2026,6/20/2025,42193424101AL02,AL,Issued,421934241,A1,Y,,PERMIT ISSUED - ENTIRE JOB/WORK,12900.0,2,2,2000000.0,40-37 162 ST  Queens,5336,30,407,JEON CONSULTING,40.76137161254883,-73.80357360839844
QUEENS,4120739,11/20/2025,6/3/2025,Q01021214-I1-ST,Structural,Permit Issued,Q01021214-I1,Alteration CO,Yes,Yes,Permit Entire,1996.4200439453125,2,2,626480.0,40-42 189 STREET  QUEENS,5353,9,411,ANDRINO CONTRACTING LLC,40.75960159301758,-73.79266357421875
QUEENS,4120838,12/31/2025,7/10/2025,Q01151078-S1-ST,Structural,Permit Issued,Q01151078-S1,New Building,,,Permit Entire,7944.490234375,3,3,0.0,40-25 191 STREET  QUEENS,5356,37,411,L&L CONSTRUCTION DEVELOP,40.76020050048828,-73.79036712646484
QUEENS,4121039,2/3/2026,10/16/2025,Q00946889-S2-PL,Plumbing,Permit Issued,Q00946889-S2,New Building,,,Permit Entire,3226.139892578125,2,2,0.0,189-08 42 AVENUE  QUEENS,5365,24,411,WATSON'S PLBG  HTG  & BDG,40.75904846191406,-73.79193878173828
QUEENS,4121081,2/20/2026,4/23/2025,Q00899191-I1-GC,General Construction,Permit Issued,Q00899191-I1,ALT-CO - New Building with Existing Elements to Remain,Yes,Yes,Permit Entire,1610.6199951171875,2,2,800000.0,191-04 42 AVENUE  QUEENS,5367,25,411,NY PROCONSTRUCITON INC,40.75925827026367,-73.79025268554688
QUEENS,4121269,1/1/2026,2/6/2025,Q07996979-S5-PL,Plumbing,Permit Issued,Q07996979-S5,New Building,,,Permit Entire,23530.0,21,6,0.0,42-08 147 STREET  QUEENS,5374,49,407,P.S.I. MECHANICAL,40.75941848754883,-73.81745910644531
Queens,4122392,6/20/2026,9/18/2025,42131136001NB05,NB,Issued,421311360,NB,,,PERMIT ISSUED - ENTIRE JOB/WORK,5160.0,2,3,0.0,43-46 162 STREET  Queens,5419,55,407,ZHENG & ASSOCIATES LLC,40.75746154785156,-73.80467224121094
QUEENS,4123098,10/22/2025,10/22/2024,Q01000850-I1-GC-CX,Mechanical Systems Structural General Construction Foundation,Permit Issued,Q01000850-I1,Alteration CO,Yes,,Permit Entire,3681.550048828125,1,2,269000.0,158-19 46 AVENUE  QUEENS,5437,93,407,TLS CONSTRUCTION GROUP I*,40.75421905517578,-73.8078384399414
QUEENS,4124982,2/3/2026,5/19/2025,Q01159291-S2-PL,Plumbing,Permit Issued,Q01159291-S2,Alteration CO,Yes,Yes,Permit Entire,4099.919921875,2,2,28000.0,45-11 193 STREET  QUEENS,5535,30,411,WATSON'S PLBG  HTG  & BDG,40.75537872314453,-73.7879409790039
QUEENS,4125425,10/25/2025,7/21/2025,Q01008217-I1-GC-CX,Mechanical Systems General Construction Foundation Earth Work,Permit Issued,Q01008217-I1,Alteration CO,Yes,Yes,Permit Entire,1032.0,1,2,217695.0,46-31 196 PLACE  QUEENS,5553,3,411,LWS CONSTRUCTION INC,40.75305938720703,-73.78392791748047
QUEENS,4126302,12/14/2025,5/20/2025,Q01140459-I1-GC,General Construction,Permit Issued,Q01140459-I1,Alteration CO,Yes,Yes,Permit Entire,3781.0,1,2,200000.0,49-19 FRESH MEADOW LANE  QUEENS,5590,19,411,GRAND WORK CONSTRUCTION,40.746978759765625,-73.79447174072266
QUEENS,4128758,11/23/2025,6/16/2025,Q00497480-I1-GC-CX,General Construction Foundation Earth Work,Permit Issued,Q00497480-I1,ALT-CO - New Building with Existing Elements to Remain,Yes,Yes,Permit Entire,3724.0,1,2,354870.0,160-51 19 AVENUE  QUEENS,5740,125,407,HOME STYLE IMPROVEMENTS *,40.78116989135742,-73.80107879638672
Queens,4129176,5/18/2026,5/28/2025,42191944601AL05,AL,Issued,421919446,A1,,Y,PERMIT ISSUED - ENTIRE JOB/WORK,4580.0,1,2,500000.0,163-55 24TH AVENUE  Queens,5759,50,407,JLS DESIGNS,40.77613067626953,-73.79865264892578
QUEENS,4129767,10/29/2025,8/1/2025,Q01109529-S1-PL,Plumbing,Permit Issued,Q01109529-S1,ALT-CO - New Building with Existing Elements to Remain,Yes,,Permit Entire,5785.33984375,2,2,70000.0,17-11 201 STREET  QUEENS,5783,62,407,INFINITI ESC PLUMBING COR,40.782081604003906,-73.7920913696289
QUEENS,4129931,11/23/2025,8/15/2025,Q00990252-I1-ST,Structural,Permit Issued,Q00990252-I1,ALT-CO - New Building with Existing Elements to Remain,Yes,Yes,Permit Entire,2547.75,1,2,605900.0,201-27 24 ROAD  QUEENS,5801,30,407,HOME STYLE IMPROVEMENTS *,40.77566146850586,-73.78970336914062
QUEENS,4132949,12/26/2025,4/22/2025,Q01143528-I1-ST,Structural,Permit Issued,Q01143528-I1,Alteration CO,Yes,Yes,Permit Entire,3520.449951171875,1,2,646400.0,28-38 200 STREET  QUEENS,5971,18,411,PRIMROSE SERVICE INC,40.771400451660156,-73.79048919677734
QUEENS,4132980,9/22/2026,9/26/2025,Q08048884-I1-GC-CX,Structural General Construction,Permit Issued,Q08048884-I1,Alteration CO,Yes,Yes,Permit Entire,1988.6400146484375,1,2,156030.0,28-49 200 STREET  QUEENS,5972,31,411,EASTERN GENERAL CONSTRUCT,40.771240234375,-73.78977966308594
QUEENS,4133391,11/19/2025,11/19/2024,Q00910180-S1-GC-CX,Structural General Construction Foundation Earth Work,Permit Issued,Q00910180-S1,ALT-CO - New Building with Existing Elements to Remain,Yes,Yes,Permit Entire,4459.4599609375,1,2,242570.0,209-11 28 AVENUE  QUEENS,5993,59,411,DAVID CONSTRUCTING NY  IN,40.775611877441406,-73.7816390991211
QUEENS,4133656,2/24/2026,3/11/2025,Q08045496-I1-GC-CX,Structural General Construction Foundation Earth Work,Permit Issued,Q08045496-I1,Alteration CO,Yes,Yes,Permit Entire,5605.0,1,2,480300.0,215-12 24 AVENUE  QUEENS,6004,196,411,PROSPERITY CONSTRUCTION*,40.78017044067383,-73.77342224121094
Queens,4134484,6/1/2026,9/12/2025,42010471901AL06,AL,Issued,420104719,A1,Y,,PERMIT ISSUED - ENTIRE JOB/WORK,0.0,2,2,92800.0,204-14 32 AVENUE  Queens,6037,8,411,ROBERT STRONG ARCHITECT,40.770660400390625,-73.78507995605469
Queens,4134748,12/27/2025,7/25/2025,42152085701NB10,NB,Issued,421520857,NB,,,PERMIT ISSUED - PARTIAL JOB,6785.0,1,2,0.0,32-41 214 STREET  Queens,6055,104,411,ARNOLD MONTAG R.A.  AM/PM DESIGN,40.77280044555664,-73.77326202392578
Queens,4134890,12/7/2025,4/7/2025,42143498701AL07,AL,Issued,421434987,A1,Y,Y,PERMIT ISSUED - ENTIRE JOB/WORK,2745.0,1,2,350000.0,32-24 212 STREET  Queens,6061,36,411,KAMBANIS ARCHITECT PLLC,40.7724609375,-73.77674865722656
QUEENS,4136556,2/24/2026,8/25/2025,Q01182070-S3-SE,Support of Excavation,Permit Issued,Q01182070-S3,New Building,,,Permit Entire,6698.06982421875,2,2,0.0,214-37 36 AVENUE  QUEENS,6175,23,411,STREAM ROCK CONTSRUCTION*,40.768760681152344,-73.77027893066406
QUEENS,4136629,2/24/2026,10/6/2025,Q01194328-I1-ST,Structural,Permit Issued,Q01194328-I1,ALT-CO - New Building with Existing Elements to Remain,Yes,Yes,Permit Entire,5215.97998046875,2,2,1214710.0,35-14 215 PLACE  QUEENS,6179,14,411,STREAM ROCK CONTSRUCTION*,40.7694206237793,-73.76941680908203
QUEENS,4136633,3/18/2026,5/13/2025,Q00813010-I1-GC,General Construction,Permit Issued,Q00813010-I1,New Building,,,Permit Entire,5660.2998046875,2,2,15000.0,215-19 36 AVENUE  QUEENS,6179,22,411,THC CONSTRUCTION INC,40.76892852783203,-73.7691879272461
Queens,4136678,11/25/2025,9/2/2025,42160487401AL03,AL,Issued,421604874,A1,,Y,PERMIT ISSUED - ENTIRE JOB/WORK,2637.0,1,2,250000.0,215-06 36 AVENUE  Queens,6182,3,411,BERNARD G. RODGERS ARCHITECT,40.7684211730957,-73.76949310302734
Queens,4137230,7/1/2026,7/1/2025,42124263001NB02,NB,Issued,421242630,NB,,,PERMIT ISSUED - ENTIRE JOB/WORK,195.0,0,1,0.0,38-22 208 STREET  Queens,6211,36,411,ALPHA ENGINEERING  PLLC,40.763858795166016,-73.77848815917969
QUEENS,4137324,3/27/2026,3/27/2025,Q00986938-I1-GC,General Construction,Permit Issued,Q00986938-I1,ALT-CO - New Building with Existing Elements to Remain,Yes,,Permit Entire,4448.0,1,2,1000000.0,209-33 39 AVENUE  QUEENS,6221,42,411,NEXTCOM CONSTRUCTION  INC,40.76433181762695,-73.77570343017578
QUEENS,4139167,10/30/2025,8/11/2025,Q08042873-S2-EW-SP,Sprinklers,Signed-off,Q08042873-S2,New Building,,,Permit Entire,3566.260009765625,2,2,66000.0,57-08 136 STREET  QUEENS,6361,24,407,RRP PLUMBING CORP,40.74678039550781,-73.82939910888672
QUEENS,4140160,12/31/2025,1/23/2025,Q01126868-I1-GC,General Construction,Permit Issued,Q01126868-I1,Alteration CO,,Yes,Permit Entire,1753.0,2,2,226355.0,140-28 58 ROAD  QUEENS,6404,13,407,L&L CONSTRUCTION DEVELOP,40.744258880615234,-73.82467651367188
QUEENS,4140268,4/1/2026,8/5/2025,Q08000477-S1-FN,Construction Fence,Permit Issued,Q08000477-S1,Alteration CO,,Yes,Permit Entire,3370.0,2,2,2500.0,142-03 60 AVENUE  QUEENS,6409,23,407,PEBBLE CONSTRUCTION INC,40.743289947509766,-73.82472229003906
QUEENS,4141521,2/3/2026,6/16/2025,Q00898970-S2-PL,Plumbing,Signed-off,Q00898970-S2,ALT-CO - New Building with Existing Elements to Remain,Yes,Yes,Permit Entire,4886.72021484375,2,3,81000.0,153-42 60 AVENUE  QUEENS,6441,21,407,WATSON'S PLBG  HTG  & BDG,40.73992156982422,-73.81584167480469
QUEENS,4141613,12/31/2025,2/13/2025,Q00815634-I1-GC-CX,Structural General Construction,Permit Issued,Q00815634-I1,Alteration CO,Yes,,Permit Entire,2515.0,2,3,134960.0,140-35 69 AVENUE  QUEENS,6487,50,408,L&L CONSTRUCTION DEVELOP,40.73134994506836,-73.82502746582031
QUEENS,4141831,11/8/2025,11/8/2024,Q01037222-I1-GC-CX,General Construction Foundation Earth Work,Permit Issued,Q01037222-I1,Alteration CO,Yes,Yes,Permit Entire,3568.02001953125,2,2,567300.0,64-31 138 STREET  QUEENS,6501,86,407,J&J DESIGNS INC,40.738040924072266,-73.82814025878906
QUEENS,4142038,10/29/2025,10/29/2024,Q00727918-I1-GC-CX,Mechanical Systems Structural General Construction,Permit Issued,Q00727918-I1,New Building,,,Permit Entire,6497.0,1,2,100.0,144-46 68 ROAD  QUEENS,6534,28,408,EMPIRE PROP PARTNERS LLC*,40.73284149169922,-73.8230972290039
QUEENS,4142331,10/31/2025,12/30/2024,Q00863076-S5-PL,Plumbing,Permit Issued,Q00863076-S5,New Building,,,Permit Entire,8045.0,1,3,0.0,72-06 136 STREET  QUEENS,6579,125,408,GREGG NY PLUMBING  INC,40.724361419677734,-73.8264389038086
QUEENS,4142340,11/30/2025,12/4/2024,Q00745053-I1-GC-CX,Mechanical Systems General Construction,Permit Issued,Q00745053-I1,ALT-CO - New Building with Existing Elements to Remain,Yes,Yes,Permit Entire,6110.0,1,3,250000.0,72-02 137 STREET  QUEENS,6580,6,408,PLATINUM RENOVATIONS 1 LL,40.724639892578125,-73.82554626464844
Queens,4142357,1/1/2026,2/27/2025,42193882601AL05,AL,Issued,421938826,A1,Y,,PERMIT ISSUED - ENTIRE JOB/WORK,3249.0,1,2,398000.0,72-11 136 STREET  Queens,6580,43,408,JOE LIEBERMAN  P.E,40.724239349365234,-73.8258285522461
QUEENS,4142829,1/1/2026,9/30/2025,Q01220320-I1-GC-CX,Mechanical Systems Structural General Construction Foundation Earth Work,Permit Issued,Q01220320-I1,Alteration CO,Yes,Yes,Permit Entire,4526.58984375,1,2,1143836.0,72-44 141 STREET  QUEENS,6601,16,408,B.J. CONSTRUCTION OF NY,40.72468948364258,-73.82363891601562
QUEENS,4143157,3/30/2026,10/17/2025,Q01026193-I1-ST,Structural,Permit Issued,Q01026193-I1,ALT-CO - New Building with Existing Elements to Remain,Yes,Yes,Permit Entire,4087.0,1,2,282816.8125,138-43 UNION TURNPIKE  QUEENS,6611,39,408,PREET & B CONSTRUCTION C,40.7176399230957,-73.82205200195312
QUEENS,4143507,12/3/2025,12/3/2024,Q00826747-S2-ST,Structural,Permit Issued,Q00826747-S2,Alteration CO,Yes,,Permit Entire,28652.05078125,0,2,130000.0,72-54 MAIN STREET  QUEENS,6623,84,408,R.N.K. ROMEO CONST INC,40.725040435791016,-73.82140350341797
QUEENS,4143788,8/1/2026,8/1/2025,Q00904839-I1-GC,General Construction,Permit Issued,Q00904839-I1,Alteration CO,,Yes,Permit Entire,2436.0,2,2,54873.0,144-26 JEWEL AVENUE  QUEENS,6642,14,408,CASA AZOUTR INC,40.73006820678711,-73.8224105834961
QUEENS,4143903,11/24/2025,7/9/2025,Q00969364-I1-GC-CX,Mechanical Systems Structural General Construction Foundation Earth Work,Permit Issued,Q00969364-I1,ALT-CO - New Building with Existing Elements to Remain,Yes,Yes,Permit Entire,4225.0,2,2,715000.0,147-55 JEWEL AVENUE  QUEENS,6645,41,408,SLAL CONSTRUCTION INC,40.73139953613281,-73.8197021484375
QUEENS,4144204,2/22/2026,7/10/2025,Q01082807-S4-EW-SP,Sprinklers,Permit Issued,Q01082807-S4,Alteration CO,Yes,Yes,Permit Entire,4176.0,3,3,57000.0,144-37 75 ROAD  QUEENS,6664,37,408,MEGA PLBG CORP,40.72397994995117,-73.81861114501953
QUEENS,4144361,12/31/2025,7/15/2025,Q00925982-I1-GC,General Construction,Permit Issued,Q00925982-I1,ALT-CO - New Building with Existing Elements to Remain,Yes,Yes,Permit Entire,4072.0,3,3,903110.6875,144-41 78 AVENUE  QUEENS,6669,39,408,L&L CONSTRUCTION DEVELOP,40.72066879272461,-73.81693267822266
QUEENS,4145049,2/6/2026,2/6/2025,Q01084763-S7-PL,Plumbing,Permit Issued,Q01084763-S7,Alteration CO,Yes,Yes,Permit Entire,852.75,2,3,19000.0,150-27 78 AVENUE  QUEENS,6709,25,408,DYNAMIC PLBG & SPRKLR COR,40.721771240234375,-73.81324005126953
QUEENS,4145077,1/10/2026,3/17/2025,Q01118422-S3-SE,Support of Excavation,Permit Issued,Q01118422-S3,ALT-CO - New Building with Existing Elements to Remain,Yes,Yes,Permit Entire,3643.320068359375,3,4,20000.0,150-32 77 ROAD  QUEENS,6709,54,408,FORTRESS FORCE CONST. COR,40.722068786621094,-73.81324005126953
Queens,4146539,6/7/2026,8/11/2025,42181001701DM03,DM,Issued,421810017,DM,,,PERMIT ISSUED - ENTIRE JOB/WORK,0.0,0,0,0.0,162-05 HORACE HARDING EXPRESSWAY  Queens,6740,6,407,CITISCAPE CONSULTING LTD,40.739009857177734,-73.80608367919922
Queens,4147447,3/1/2026,8/11/2025,40199000201AL07,AL,Issued,401990002,A1,Y,,PERMIT ISSUED - ENTIRE JOB/WORK,4858.0,0,2,75000.0,72-55 KISSENA BOULEVARD  Queens,6805,50,408,CNA Corporation,40.72772979736328,-73.8128662109375
QUEENS,4147958,11/13/2025,9/24/2025,Q01213167-S2-PL,Plumbing,Permit Issued,Q01213167-S2,ALT-CO - New Building with Existing Elements to Remain,Yes,Yes,Permit Entire,3528.0,2,2,28000.0,160-31 73 AVENUE  QUEENS,6832,6,408,LG ELITE PLUMBING INC,40.72774887084961,-73.80760192871094
QUEENS,4148125,8/3/2026,8/15/2025,Q00891345-S3-ST,Structural,Permit Issued,Q00891345-S3,ALT-CO - New Building with Existing Elements to Remain,Yes,Yes,Permit Entire,5246.18017578125,2,2,200000.0,78-29 160 STREET  QUEENS,6841,9,408,TLS CONSTRUCTION GROUP I*,40.72174072265625,-73.80745697021484
QUEENS,4148935,3/18/2026,5/23/2025,Q00727418-I1-GC,General Construction,Permit Issued,Q00727418-I1,New Building,,,Permit Entire,3536.780029296875,3,3,15000.0,169-07 65 AVENUE  QUEENS,6897,7,408,THC CONSTRUCTION INC,40.73680114746094,-73.79979705810547
QUEENS,4149183,4/30/2026,4/30/2025,Q00524988-I1-GC-CX,Mechanical Systems Structural General Construction Foundation,Permit Issued,Q00524988-I1,New Building,,,Permit Entire,3553.10009765625,1,2,500000.0,65-47 167 STREET  QUEENS,6908,12,408,NEFCO ENTERPRISES INC,40.73527145385742,-73.80174255371094
QUEENS,4149206,3/18/2026,5/16/2025,Q00842256-I1-GC-CX,Mechanical Systems Structural General Construction Foundation Earth Work,Permit Issued,Q00842256-I1,ALT-CO - New Building with Existing Elements to Remain,Yes,Yes,Permit Entire,2000.0,1,2,257900.0,168-07 67 AVENUE  QUEENS,6909,6,408,THC CONSTRUCTION INC,40.73503112792969,-73.80075073242188
QUEENS,4149670,11/27/2025,11/27/2024,Q00638222-S3-PL,Plumbing,Signed-off,Q00638222-S3,Alteration CO,Yes,Yes,Permit Entire,2834.0,1,2,69999.0,67-14 173 STREET  QUEENS,6926,43,408,JVR PLBG AND HEATING INC,40.734169006347656,-73.79695129394531
QUEENS,4149851,12/31/2025,10/17/2025,Q00827469-I1-GC-CX,Structural General Construction Foundation Earth Work,Permit Issued,Q00827469-I1,New Building,,,Permit Entire,2576.699951171875,2,2,500000.0,70-18 166 STREET  QUEENS,6934,58,408,L&L CONSTRUCTION DEVELOP,40.7310905456543,-73.80348205566406
QUEENS,4150367,3/18/2026,5/13/2025,Q00742153-I1-GC,General Construction,Permit Issued,Q00742153-I1,New Building,,,Permit Entire,3664.8701171875,2,2,15000.0,71-39 166 STREET  QUEENS,6954,82,408,THC CONSTRUCTION INC,40.72929000854492,-73.80303955078125
QUEENS,4151144,1/10/2026,9/30/2025,Q01014102-I1-GC-CX,Mechanical Systems General Construction,Permit Issued,Q01014102-I1,Alteration CO,Yes,Yes,Permit Entire,3746.0,1,3,691050.0,73-25 174 STREET  QUEENS,6982,20,408,FORTRESS FORCE CONST. COR,40.72867965698242,-73.79559326171875
QUEENS,4151227,2/12/2026,9/29/2025,Q01160524-I1-GC-CX,Mechanical Systems Structural General Construction Foundation Earth Work,Permit Issued,Q01160524-I1,Alteration CO,Yes,Yes,Permit Entire,3396.06005859375,2,2,483000.0,75-31 166 STREET  QUEENS,6985,33,408,YAFE MEOD CORP,40.72642135620117,-73.80249786376953
QUEENS,4151917,12/25/2025,6/20/2025,Q00993473-S1-PL,Plumbing,Permit Issued,Q00993473-S1,Alteration CO,Yes,Yes,Permit Entire,2000.0,1,2,26000.0,76-19 173 STREET  QUEENS,7010,68,408,AUSTIN PLBG & HTG CO.INC,40.726139068603516,-73.79605102539062
Queens,4153065,1/31/2026,3/21/2025,44065099301AL02,AL,Issued,440650993,A1,Y,Y,PERMIT ISSUED - ENTIRE JOB/WORK,3750.0,1,2,625000.0,67-46 179 STREET  Queens,7107,21,408,JOE LIEBERMAN PE,40.73371124267578,-73.79255676269531
Queens,4153576,5/8/2026,5/19/2025,42097744701AL12,AL,Issued,420977447,A1,Y,Y,PERMIT ISSUED - ENTIRE JOB/WORK,0.0,1,2,215000.0,69-75 181 STREET  Queens,7134,54,408,JOHN C. CHEN ARCHITECT PLLC,40.731571197509766,-73.78900146484375
QUEENS,4153610,12/1/2025,3/24/2025,Q01160295-S4-ST,Structural,Permit Issued,Q01160295-S4,ALT-CO - New Building with Existing Elements to Remain,Yes,Yes,Permit Entire,2874.02001953125,1,2,80000.0,69-66 183 STREET  QUEENS,7135,37,408,AT HOME CONSTRUCTION LLC,40.732208251953125,-73.78795623779297
QUEENS,4154279,12/31/2025,4/9/2025,Q01157549-I1-GC-CX,Structural General Construction Foundation,Permit Issued,Q01157549-I1,Alteration CO,Yes,,Permit Entire,2012.199951171875,1,2,321930.0,73-35 192 STREET  QUEENS,7179,57,408,NEW YORK CONSTRUCTION MA*,40.733070373535156,-73.77967071533203
QUEENS,4154686,12/20/2025,12/20/2024,Q00956736-S5-PL,Plumbing,Permit Issued,Q00956736-S5,ALT-CO - New Building with Existing Elements to Remain,Yes,Yes,Permit Entire,4795.2001953125,1,2,75000.0,75-59 178 STREET  QUEENS,7191,63,408,FOUR POINTS P & H CORP,40.727359771728516,-73.79012298583984
QUEENS,4154907,5/15/2026,8/6/2025,Q00939355-I1-GC-CX,Mechanical Systems Structural General Construction Foundation Earth Work,Permit Issued,Q00939355-I1,New Building,,,Permit Entire,4181.259765625,1,2,1400000.0,75-08 185 STREET  QUEENS,7201,8,408,CUSTOMBUILT HOMES INC,40.730220794677734,-73.78507995605469
QUEENS,4154960,12/10/2025,12/10/2024,Q00973990-S4-SE,Support of Excavation,Permit Issued,Q00973990-S4,New Building,,,Permit Entire,2000.0,0,5,0.0,185-23 UNION TURNPIKE  QUEENS,7202,36,408,TJAR GROUP CORP,40.72890090942383,-73.78349304199219
QUEENS,4155000,2/28/2026,2/28/2025,Q00827407-S1-ST,Structural,Permit Issued,Q00827407-S1,New Building,,,Permit Entire,6400.0,0,3,0.0,75-65 186 STREET  QUEENS,7203,48,408,TJAR GROUP CORP,40.72916030883789,-73.78286743164062
QUEENS,4155238,3/18/2026,3/18/2025,Q01145571-S4-SE,Support of Excavation,Permit Issued,Q01145571-S4,ALT-CO - New Building with Existing Elements to Remain,Yes,Yes,Permit Entire,4501.47021484375,1,2,20000.0,75-07 194 STREET  QUEENS,7210,73,408,SB RENOVATION & MODELING,40.7322883605957,-73.77725982666016
QUEENS,4155270,7/17/2026,7/17/2025,Q01104299-I1-GC-CX,Structural General Construction Foundation Earth Work,Permit Issued,Q01104299-I1,Alteration CO,Yes,Yes,Permit Entire,2988.179931640625,1,2,424475.0,75-15 195 STREET  QUEENS,7211,69,408,H BUILDING MANAGEMENT INC,40.7322883605957,-73.77626037597656
QUEENS,4155477,4/24/2026,4/24/2025,Q01161047-S4-ST,Structural,Permit Issued,Q01161047-S4,ALT-CO - New Building with Existing Elements to Remain,Yes,Yes,Permit Entire,4850.0,1,2,220000.0,178-03 80 DRIVE  QUEENS,7228,72,408,TLS CONSTRUCTION GROUP I*,40.724971771240234,-73.78938293457031
QUEENS,4155626,11/14/2025,8/14/2025,Q01039917-S1-FN,Construction Fence,Permit Issued,Q01039917-S1,ALT-CO - New Building with Existing Elements to Remain,Yes,Yes,Permit Entire,5166.0,1,2,1000.0,80-69 TRYON PLACE  QUEENS,7234,15,408,EJ HOMES 45 LLC,40.724151611328125,-73.78887176513672
QUEENS,4155675,4/17/2026,4/17/2025,Q01025075-S1-ST,Structural,Permit Issued,Q01025075-S1,ALT-CO - New Building with Existing Elements to Remain,Yes,Yes,Permit Entire,1737.0,1,2,90000.0,176-12 KILDARE ROAD  QUEENS,7236,31,408,H BUILDING MANAGEMENT INC,40.72129821777344,-73.78948974609375
Queens,4155727,5/29/2026,5/15/2025,42161838801AL10,AL,Issued,421618388,A1,Y,,PERMIT ISSUED - ENTIRE JOB/WORK,9211.0,1,2,728421.0,82-34 TRYON PLACE  Queens,7239,53,408,JLS DESIGNS,40.72127151489258,-73.78700256347656
QUEENS,4155770,11/4/2025,2/25/2025,Q00982926-S5-ST,Structural,Permit Issued,Q00982926-S5,ALT-CO - New Building with Existing Elements to Remain,Yes,Yes,Permit Entire,5557.240234375,1,2,125000.0,181-17 TUDOR ROAD  QUEENS,7240,72,408,RECORD GROUP INC,40.722591400146484,-73.78791046142578
QUEENS,4155780,11/12/2025,8/6/2025,Q00477787-I1-GC,General Construction,Permit Issued,Q00477787-I1,Alteration CO,Yes,Yes,Permit Entire,5889.81982421875,1,2,918973.875,181-28 TUDOR ROAD  QUEENS,7241,25,408,JOHN EVAN CONTRACTING COR,40.72251892089844,-73.78707885742188
QUEENS,4155811,7/1/2026,7/31/2025,Q01240321-I1-FD,Full Demolition,Permit Issued,Q01240321-I1,Full Demolition,,,Permit Entire,1200.0,0,0,40000.0,182-30 TUDOR ROAD  QUEENS,7242,24,408,NORTHEAST SPECIALIST GROU,40.72444152832031,-73.78520202636719
QUEENS,4155812,7/1/2026,7/14/2025,Q01239399-S1-FN,Construction Fence,Permit Issued,Q01239399-S1,ALT-CO - New Building with Existing Elements to Remain,Yes,Yes,Permit Entire,5773.919921875,1,2,1000.0,81-08 KENT STREET  QUEENS,7242,31,408,NORTHEAST SPECIALIST GROU,40.724609375,-73.78498077392578
QUEENS,4155820,12/4/2025,9/25/2025,Q00978237-S2-PL,Plumbing,Permit Issued,Q00978237-S2,ALT-CO - New Building with Existing Elements to Remain,Yes,Yes,Permit Entire,6478.9501953125,1,3,20800.0,182-23 ABERDEEN ROAD  QUEENS,7242,52,408,RITE WAY HEATING CORP,40.723670959472656,-73.78482818603516
Queens,4155839,4/5/2026,4/7/2025,42092343301AL09,AL,Issued,420923433,A1,Y,Y,PERMIT ISSUED - ENTIRE JOB/WORK,0.0,0,2,354776.0,82-35 SURREY PL  Queens,7243,46,408,GRIGORI ZINKEVITCH ARCHITECT,40.72203063964844,-73.78441619873047
QUEENS,4156020,4/4/2026,4/4/2025,Q00746451-I1-GC-CX,Mechanical Systems General Construction,Stop Work - Contractor Withdrawn,Q00746451-I1,ALT-CO - New Building with Existing Elements to Remain,Yes,Yes,Permit Entire,8583.6298828125,1,3,1409520.0,184-52 TUDOR ROAD  QUEENS,7251,35,408,SB RENOVATION & MODELING,40.72539138793945,-73.78301239013672
Queens,4156029,4/5/2026,4/2/2025,42166595001NB03,NB,Issued,421665950,NB,,,PERMIT ISSUED - ENTIRE JOB/WORK,10030.0,1,2,0.0,184-45 ABERDEEN ROAD  Queens,7251,64,408,ROGERS CALVANICO GROUP PLLC,40.724910736083984,-73.78292083740234
Queens,4156079,5/29/2026,5/15/2025,42192822101AL11,AL,Issued,421928221,A1,Y,Y,PERMIT ISSUED - ENTIRE JOB/WORK,6497.0,1,2,600000.0,184-51 RADNOR ROAD  Queens,7253,45,408,GERALD J. CALIENDO ARCHITECTS,40.723350524902344,-73.78111267089844
QUEENS,4156508,4/5/2026,5/29/2025,Q01188853-S2-SE,Support of Excavation,Permit Issued,Q01188853-S2,ALT-CO - New Building with Existing Elements to Remain,Yes,Yes,Permit Entire,8112.759765625,1,2,30000.0,81-08 193 STREET  QUEENS,7274,8,408,SB RENOVATION & MODELING,40.72806930541992,-73.77690887451172
QUEENS,4156545,1/8/2026,7/29/2025,Q08040097-S2-GC-CX,Structural General Construction Foundation Earth Work,Permit Issued,Q08040097-S2,New Building,,,Permit Entire,4800.0,1,2,20000.0,82-06 192 STREET  QUEENS,7276,13,408,RISHON HOMES CORP,40.72621154785156,-73.77702331542969
QUEENS,4156576,4/5/2026,9/2/2025,Q00975512-S6-ST,Structural,Permit Issued,Q00975512-S6,ALT-CO - New Building with Existing Elements to Remain,Yes,Yes,Permit Entire,7515.91015625,1,2,200000.0,189-15 RADNOR ROAD  QUEENS,7278,25,408,SB RENOVATION & MODELING,40.725040435791016,-73.77735137939453
Queens,4156604,4/16/2026,4/17/2025,44061163301AL05,AL,Issued,440611633,A1,Y,Y,PERMIT ISSUED - ENTIRE JOB/WORK,6154.0,0,2,650000.0,82-27 188 STREET  Queens,7279,57,408,JLS DESIGNS,40.72517013549805,-73.77883911132812
QUEENS,4156733,12/30/2025,9/30/2025,Q01294155-S2-FN,Construction Fence,Permit Issued,Q01294155-S2,ALT-CO - New Building with Existing Elements to Remain,Yes,Yes,Permit Entire,5288.0,2,2,5000.0,206-54 45 DRIVE  QUEENS,7307,26,411,L2 CONSTRUCTION INC,40.75722122192383,-73.77432250976562
QUEENS,4157676,10/22/2025,10/22/2024,Q01083682-S5-ST,Structural,Permit Issued,Q01083682-S5,Alteration CO,Yes,Yes,Permit Entire,2986.39990234375,2,2,50000.0,46-24 217 STREET  QUEENS,7343,19,411,L&L CONSTRUCTION DEVELOP,40.75825881958008,-73.76428985595703
QUEENS,4157892,11/23/2025,3/21/2025,Q01126278-I1-ST,Structural,Permit Issued,Q01126278-I1,Alteration CO,Yes,Yes,Permit Entire,3743.06005859375,1,2,692150.0,47-25 201 STREET  QUEENS,7353,131,411,HOME STYLE IMPROVEMENTS *,40.75271987915039,-73.77881622314453
Queens,4158060,8/29/2026,9/30/2025,42058108901AL02,AL,Issued,420581089,A1,Y,,PERMIT ISSUED - ENTIRE JOB/WORK,0.0,1,2,80000.0,48-11 202 STREET  Queens,7361,54,411,ANTHONY CUCICH ARCHITECT,40.752079010009766,-73.77751922607422
QUEENS,4158291,11/13/2025,11/13/2024,Q00962649-S3-EW-SP,Sprinklers,Permit Issued,Q00962649-S3,ALT-CO - New Building with Existing Elements to Remain,Yes,Yes,Permit Entire,6478.0,1,2,50000.0,48-53 210 STREET  QUEENS,7369,31,411,CROSSFIELD PLBG.&HTG.CORP,40.75341033935547,-73.76986694335938
QUEENS,4158452,12/4/2025,12/4/2024,Q01066589-S3-PL,Plumbing,Permit Issued,Q01066589-S3,Alteration CO,Yes,Yes,Permit Entire,3602.39990234375,1,2,59000.0,198-36 51 AVENUE  QUEENS,7375,85,411,VILLAGE P & H NY INC,40.74890899658203,-73.78003692626953
QUEENS,4158788,3/18/2026,5/14/2025,Q00762870-I1-GC,General Construction,Permit Issued,Q00762870-I1,New Building,,,Permit Entire,5419.1298828125,1,2,15000.0,50-21 OCEANIA STREET  QUEENS,7386,47,411,THC CONSTRUCTION INC,40.7519416809082,-73.77031707763672
QUEENS,4159610,4/1/2026,10/2/2025,Q01215476-S2-PL,Plumbing,Permit Issued,Q01215476-S2,ALT-CO - New Building with Existing Elements to Remain,Yes,Yes,Permit Entire,7520.0,1,2,13536.0,53-08 212 STREET  QUEENS,7420,8,411,MPS PLUMBING & HEATING IN,40.75138854980469,-73.76753234863281
QUEENS,4160903,1/3/2026,1/3/2025,Q01066795-I1-GC-CX,General Construction Foundation Earth Work,Permit Issued,Q01066795-I1,Alteration CO,Yes,Yes,Permit Entire,3785.0,1,2,189025.0,58-23 218 STREET  QUEENS,7469,49,411,TLS CONSTRUCTION GROUP I*,40.74934005737305,-73.75994110107422
QUEENS,4161069,12/30/2025,4/29/2025,Q01008168-I1-GC,General Construction,Permit Issued,Q01008168-I1,ALT-CO - New Building with Existing Elements to Remain,Yes,Yes,Permit Entire,6382.0,1,4,1212510.0,228-23 49 ROAD  QUEENS,7500,153,411,L2 CONSTRUCTION INC,40.758018493652344,-73.75444030761719
QUEENS,4161119,3/18/2026,5/14/2025,Q00915077-I1-GC,General Construction,Permit Issued,Q00915077-I1,New Building,,,Permit Entire,3544.080078125,1,2,0.0,228-30 53 AVENUE  QUEENS,7503,30,411,THC CONSTRUCTION INC,40.75543975830078,-73.75221252441406
QUEENS,4162112,12/26/2025,6/30/2025,Q01192188-I1-ST,Structural,Permit Issued,Q01192188-I1,ALT-CO - New Building with Existing Elements to Remain,Yes,Yes,Permit Entire,6086.64990234375,2,2,918940.0,61-39 217 STREET  QUEENS,7607,36,411,PRIMROSE SERVICE INC,40.74652099609375,-73.7597427368164
QUEENS,4162322,6/7/2026,6/17/2025,Q08045115-I1-GC,General Construction,Permit Issued,Q08045115-I1,ALT-CO - New Building with Existing Elements to Remain,Yes,Yes,Permit Entire,1800.0,1,2,1357560.0,64-46 215 STREET  QUEENS,7615,27,411,TJAR GROUP CORP,40.744380950927734,-73.76136016845703
QUEENS,4162336,1/31/2026,1/31/2025,Q01057156-S8-PL,Plumbing,Permit Issued,Q01057156-S8,ALT-CO - New Building with Existing Elements to Remain,Yes,Yes,Permit Entire,4995.81005859375,1,2,45000.0,215-04 64 AVENUE  QUEENS,7616,1,411,WATSON'S PLBG  HTG  & BDG,40.745609283447266,-73.7613296508789
QUEENS,4163001,5/17/2026,6/27/2025,Q00635030-I1-MS,Mechanical Systems,Permit Issued,Q00635030-I1,Alteration CO,Yes,Yes,Permit Entire,1558.0,2,2,146165.0,67-58 213 STREET  QUEENS,7624,33,411,EPOCH CONSTRUCTION INC,40.741539001464844,-73.76200866699219
QUEENS,4163327,12/31/2025,7/17/2025,Q01175162-I1-ST,Structural,Permit Issued,Q01175162-I1,New Building,,,Permit Issued,8059.60986328125,2,2,0.0,227-15 67 AVENUE  QUEENS,7662,39,411,L&L CONSTRUCTION DEVELOP,40.747100830078125,-73.7489013671875
QUEENS,4163397,3/2/2026,10/15/2025,Q01185915-I1-GC-CX,Structural General Construction Foundation Earth Work,Permit Issued,Q01185915-I1,Alteration CO,Yes,Yes,Permit Entire,5854.0,2,2,933100.0,64-47 229 STREET  QUEENS,7664,53,411,NTF MANAGEMENT INC,40.74802017211914,-73.74774169921875
QUEENS,4163935,11/23/2025,7/1/2025,Q01104864-I1-ST,Structural,Permit Issued,Q01104864-I1,ALT-CO - New Building with Existing Elements to Remain,Yes,Yes,Permit Entire,2500.0,2,2,990700.0,69-73 229 STREET  QUEENS,7688,64,411,HOME STYLE IMPROVEMENTS *,40.74357986450195,-73.7456283569336
QUEENS,4163980,8/25/2026,9/16/2025,Q01063109-I1-GC,General Construction,Permit Issued,Q01063109-I1,ALT-CO - New Building with Existing Elements to Remain,Yes,,Permit Entire,3832.6201171875,1,2,889402.625,213-03 RICHLAND AVENUE  QUEENS,7748,204,411,FRSS GROUP CORP,40.73582077026367,-73.75884246826172
Queens,4164019,4/21/2026,4/2/2025,44064109401AL06,AL,Issued,440641094,A1,Y,Y,PERMIT ISSUED - ENTIRE JOB/WORK,6110.0,1,2,650000.0,220-21 77TH AVENUE  Queens,7754,47,411,GERALD J. CALIENDO ARCHITECTS,40.73809814453125,-73.751953125
QUEENS,4164060,7/8/2026,7/8/2025,Q01220873-I1-GC-CX,Structural General Construction Foundation Earth Work,Permit Issued,Q01220873-I1,ALT-CO - New Building with Existing Elements to Remain,Yes,Yes,Permit Entire,3976.699951171875,1,2,922500.0,220-66 77 AVENUE  QUEENS,7761,138,411,GOLDEN TIME CONTRACTING I,40.737911224365234,-73.75028228759766
QUEENS,4164697,12/17/2025,4/1/2025,Q00928595-S2-PL,Plumbing,Permit Issued,Q00928595-S2,Alteration CO,Yes,Yes,Permit Entire,2000.0,1,2,99000.0,80-27 213 STREET  QUEENS,7787,26,411,VILLAGE P & H NY INC,40.73310089111328,-73.75739288330078
QUEENS,4164881,12/31/2025,8/26/2025,Q01202236-I1-GC,General Construction,Permit Issued,Q01202236-I1,ALT-CO - New Building with Existing Elements to Remain,Yes,Yes,Permit Issued,6683.14990234375,1,2,1400002.0,217-25 PECK AVENUE  QUEENS,7794,420,411,IMG MANAGEMENT INC,40.734249114990234,-73.75276184082031
QUEENS,4165139,12/12/2025,7/9/2025,Q01058501-I1-GC-CX,Mechanical Systems Structural General Construction Foundation,Permit Issued,Q01058501-I1,Alteration CO,,Yes,Permit Entire,3635.0,1,3,450000.0,82-28 215 STREET  QUEENS,7806,50,411,J&J DESIGNS INC,40.73146057128906,-73.75523376464844
QUEENS,4165230,2/10/2026,7/15/2025,Q00943519-S6-ST,Structural,Permit Issued,Q00943519-S6,New Building,,,Permit Entire,6389.0,1,3,0.0,218-12 PECK AVENUE  QUEENS,7812,10,411,MOD CONSULTANTS LLC,40.733009338378906,-73.75128173828125
QUEENS,4165279,12/31/2025,9/4/2025,Q00890087-S2-SE,Support of Excavation,Permit Issued,Q00890087-S2,ALT-CO - New Building with Existing Elements to Remain,Yes,Yes,Permit Entire,5744.0,1,2,20000.0,85-37 210 STREET  QUEENS,7814,41,411,SCHERILLO & SONS CONSTRUC,40.72837829589844,-73.75814056396484
QUEENS,4165803,2/2/2026,5/6/2025,Q00945946-S2-PL,Plumbing,Permit Issued,Q00945946-S2,ALT-CO - New Building with Existing Elements to Remain,Yes,Yes,Permit Entire,3462.0,1,2,50000.0,83-33 241 STREET  QUEENS,7909,18,413,C.R.U. MECHAN & HEAT INC,40.73453140258789,-73.7254867553711
QUEENS,4166050,10/23/2025,7/22/2025,Q00926811-I1-GC,General Construction,Permit Issued,Q00926811-I1,Alteration CO,,Yes,Permit Entire,1091.0,1,2,134325.0,80-31 235 STREET  QUEENS,7921,60,413,JOR CONTRACTING INC,40.73701858520508,-73.7361831665039
QUEENS,4166184,2/10/2026,2/27/2025,Q00935750-S3-PL,Plumbing,Permit Issued,Q00935750-S3,ALT-CO - New Building with Existing Elements to Remain,,,Permit Entire,3600.0,1,2,50000.0,82-50 235 STREET  QUEENS,7935,68,413,WATERMARK PLUMBING CORP,40.73432922363281,-73.73577880859375
Queens,4166894,8/29/2026,9/4/2025,42142014401AL08,AL,Issued,421420144,A1,Y,,PERMIT ISSUED - PARTIAL JOB,4740.0,0,1,1050910.0,222-57 BRADDOCK AVE.  Queens,7968,23,413,NASIR J KHANZADA  LLC,40.7287483215332,-73.73596954345703
QUEENS,4167006,1/8/2026,2/14/2025,Q01030115-S1-PL,Plumbing,Permit Issued,Q01030115-S1,Alteration CO,Yes,Yes,Permit Entire,249.0,2,2,100000.0,88-24 MOLINE STREET  QUEENS,7970,160,413,WASOFF PLBG & UTILITY CO,40.72966003417969,-73.73326110839844
Queens,4167581,8/5/2026,9/4/2025,42162705601AL06,AL,Issued,421627056,A1,Y,,PERMIT ISSUED - ENTIRE JOB/WORK,1398.0,0,1,77000.0,241-21 BRADDOCK AVENUE  Queens,7989,3,413,KNF SERVICES CORP,40.726539611816406,-73.7265396118164
QUEENS,4167891,12/31/2025,12/31/2024,Q00893431-I1-GC-CX,Structural General Construction Foundation Earth Work,Permit Issued,Q00893431-I1,Alteration CO,Yes,Yes,Permit Entire,2273.0,2,2,173380.0,93-07 240 STREET  QUEENS,8003,277,413,SINGH LANDSCAPING & LAWN,40.72431945800781,-73.72737884521484
Queens,4168761,12/20/2025,7/29/2025,41015753801AL15,AL,Issued,410157538,A1,Y,,PERMIT ISSUED - ENTIRE JOB/WORK,0.0,1,2,47300.0,240-51 DEPEW AVE  Queens,8103,12,411,TDM CONSULTING ENGINEER,40.77022933959961,-73.74520874023438
Queens,4168779,8/30/2026,7/29/2025,42168874801AL02,AL,Issued,421688748,A1,Y,,PERMIT ISSUED - ENTIRE JOB/WORK,3000.0,1,2,350000.0,15 STUART LANE  Queens,8103,62,411,DEFONSECA ARCHITECTS,40.77122116088867,-73.7451171875
QUEENS,4168960,11/23/2025,9/29/2025,Q00944221-I1-GC,General Construction,Permit Issued,Q00944221-I1,New Building,,,Permit Entire,4682.0,2,2,0.0,42-20 247 STREET  QUEENS,8116,92,411,HOME STYLE IMPROVEMENTS *,40.76979064941406,-73.74227905273438
QUEENS,4169358,11/1/2025,4/21/2025,Q08023028-I1-GC,General Construction,Permit Issued,Q08023028-I1,Alteration CO,Yes,,Permit Entire,3815.0,0,1,100000.0,250-01 NORTHERN BOULEVARD  QUEENS,8129,1,411,FULL SERVICE CONTRACTING,40.76892852783203,-73.73758697509766
QUEENS,4169710,11/30/2025,1/15/2025,Q00744116-S1-PL,Plumbing,Permit Issued,Q00744116-S1,Alteration CO,Yes,Yes,Permit Entire,2782.0,1,2,68500.0,254-07 38 AVENUE  QUEENS,8149,75,411,RRP PLUMBING CORP,40.77602005004883,-73.74198150634766
QUEENS,4169871,10/21/2025,10/21/2024,Q00877416-I1-GC-CX,Structural General Construction Foundation Earth Work,Permit Issued,Q00877416-I1,ALT-CO - New Building with Existing Elements to Remain,Yes,,Permit Entire,1415.3499755859375,1,2,614910.0,38-14 LITTLE NECK PARKWAY  QUEENS,8162,395,411,2022 A N J CONSTRUCTION *,40.774478912353516,-73.74281311035156
Queens,4170018,10/25/2025,10/25/2024,42083375301AL01,AL,Issued,420833753,A1,Y,,PERMIT ISSUED - ENTIRE JOB/WORK,0.0,1,2,10000.0,52-34 241ST STREET  Queens,8173,43,411,PEACHY CONSTRUCTION,40.758338928222656,-73.74165344238281
Queens,4170976,2/4/2026,2/11/2025,40155482101AL06,AL,Issued,401554821,A1,Y,,PERMIT ISSUED - ENTIRE JOB/WORK,0.0,1,2,60000.0,50-06 DEEPDALE PLACE  Queens,8231,81,411,Barry J. Bank  P.E.,40.7675895690918,-73.73336029052734
QUEENS,4171225,2/3/2026,8/5/2025,Q00860241-S2-PL,Plumbing,Signed-off,Q00860241-S2,ALT-CO - New Building with Existing Elements to Remain,Yes,Yes,Permit Entire,4767.2998046875,1,2,29000.0,251-23 52 AVENUE  QUEENS,8243,321,411,WATSON'S PLBG  HTG  & BDG,40.76396179199219,-73.73136138916016
QUEENS,4171273,4/8/2026,8/15/2025,Q00650968-I1-GC,General Construction,Permit Issued,Q00650968-I1,Alteration CO,Yes,Yes,Permit Entire,1202.0,1,2,315100.0,53-12 251 PLACE  QUEENS,8245,123,411,JMZ CONSTRUCTION INC,40.76279067993164,-73.73059844970703
Queens,4171733,1/31/2026,1/31/2025,40249755201AL02,AL,Issued,402497552,A1,,Y,PERMIT ISSUED - ENTIRE JOB/WORK,3682.0,2,2,20000.0,244-89 61 AVENUE  Queens,8276,518,411,ROYAL ENGINEERING PC,40.75659942626953,-73.73401641845703
QUEENS,4172618,2/4/2026,2/4/2025,Q00956755-I1-GC-CX,Mechanical Systems Structural General Construction Foundation Earth Work,Permit Issued,Q00956755-I1,Alteration CO,Yes,Yes,Permit Entire,5769.0,1,2,680000.0,71-63 244 STREET  QUEENS,8300,425,411,HY DESIGN & DEVELOPMENT L,40.74787902832031,-73.7347183227539
QUEENS,4173028,1/27/2026,1/27/2025,Q01090604-S1-GC-CX,Structural General Construction Foundation Earth Work,Permit Issued,Q01090604-S1,New Building,,,Permit Entire,6541.06982421875,2,2,0.0,256-18 58 AVENUE  QUEENS,8352,48,411,GOLDEN TIME CONTRACTING I,40.76166915893555,-73.72344207763672
QUEENS,4173119,2/13/2026,2/13/2025,Q01060451-S1-PL,Plumbing,Permit Issued,Q01060451-S1,ALT-CO - New Building with Existing Elements to Remain,Yes,Yes,Permit Entire,5713.0,1,2,54750.0,64-03 251 STREET  QUEENS,8373,56,411,DYNAMIC PLBG & SPRKLR COR,40.75503921508789,-73.72635650634766
QUEENS,4173126,11/7/2025,11/7/2024,Q01068809-S1-ST,Structural,Permit Issued,Q01068809-S1,ALT-CO - New Building with Existing Elements to Remain,Yes,Yes,Permit Entire,5540.77001953125,1,2,187625.0,63-53 252 STREET  QUEENS,8374,45,411,L&L CONSTRUCTION DEVELOP,40.754878997802734,-73.7251968383789
QUEENS,4173189,11/9/2025,12/13/2024,Q01032661-I1-GC-CX,Mechanical Systems Structural General Construction Foundation Earth Work,Permit Issued,Q01032661-I1,ALT-CO - New Building with Existing Elements to Remain,Yes,Yes,Permit Entire,6288.0,1,2,1183200.0,66-16 253 STREET  QUEENS,8381,30,411,JRY CONSTRUCTION INC,40.75423812866211,-73.7243423461914
QUEENS,4173268,12/31/2025,2/14/2025,Q01076378-I1-GC-CX,Mechanical Systems Structural General Construction,Permit Issued,Q01076378-I1,Alteration CO,,Yes,Permit Entire,2336.0,1,2,343200.0,58-33 260 STREET  QUEENS,8394,54,411,L&L CONSTRUCTION DEVELOP,40.76110076904297,-73.72158813476562
Queens,4173650,5/15/2026,7/23/2025,44065953801NB03,NB,Issued,440659538,NB,,,PERMIT ISSUED - ENTIRE JOB/WORK,12590.0,1,2,0.0,266-15 69 AVENUE  Queens,8443,88,413,AZ PROFESSIONAL ENGINEERING PC,40.75600051879883,-73.7208480834961
QUEENS,4174079,12/1/2025,3/31/2025,Q01155972-S2-PL,Plumbing,Permit Issued,Q01155972-S2,Alteration CO,Yes,Yes,Permit Entire,3318.97998046875,1,2,43500.0,76-04 267 STREET  QUEENS,8542,8,413,BELLEROSE PLBG & HTG,40.7513313293457,-73.70880126953125
QUEENS,4174137,2/12/2026,5/30/2025,Q08005690-I1-GC-CX,Mechanical Systems Structural General Construction Foundation,Permit Issued,Q08005690-I1,Alteration CO,Yes,Yes,Permit Entire,1932.969970703125,1,2,325000.0,267-19 UNION TURNPIKE  QUEENS,8545,72,413,YAFE MEOD CORP,40.75059127807617,-73.70596313476562
QUEENS,4174327,12/9/2025,10/17/2025,Q00966669-S9-SE,Support of Excavation,Permit Issued,Q00966669-S9,Alteration CO,Yes,Yes,Permit Entire,3968.0,0,2,10000.0,271-27 UNION TURNPIKE  QUEENS,8555,66,413,LORICH CONSTRUCTION MANAG,40.75244140625,-73.70245361328125
QUEENS,4174911,12/10/2025,10/7/2025,Q01198767-I1-ST,Structural,Permit Issued,Q01198767-I1,Alteration CO,Yes,Yes,Permit Entire,2793.070068359375,1,2,431550.0,82-16 248 STREET  QUEENS,8579,46,413,PATTI CONSTRUCTION CORP,40.73830032348633,-73.72077941894531
QUEENS,4175641,5/5/2026,5/5/2025,Q00941962-I1-GC-CX,Mechanical Systems Structural General Construction,Permit Issued,Q00941962-I1,New Building,,,Permit Entire,1996.949951171875,1,2,0.0,253-11 85 AVENUE  QUEENS,8608,123,413,HUNT B CONSTRUCTION INC,40.73421096801758,-73.71351623535156
Queens,4177443,11/1/2025,6/4/2025,42189106401NB12,NB,Issued,421891064,NB,,,PERMIT ISSUED - ENTIRE JOB/WORK,4467.0,1,2,0.0,78-48 270 STREET  Queens,8686,28,413,ANAND J. SOLANKI  P.E.,40.74898147583008,-73.70307922363281
Queens,4177577,12/21/2025,1/27/2025,42130976501NB10,NB,Issued,421309765,NB,,,PERMIT ISSUED - ENTIRE JOB/WORK,11621.0,0,1,0.0,259-16 79 AVE  Queens,8696,28,413,MISRA & ASSOCIATES  P.C.,40.7463493347168,-73.71198272705078
QUEENS,4177979,2/27/2026,3/12/2025,Q00842419-I1-GC,General Construction,Permit Issued,Q00842419-I1,Alteration CO,Yes,Yes,Permit Entire,2847.0,1,2,451580.0,80-49 256 STREET  QUEENS,8712,8,413,PR WOOD LAB CONSTRUCTION,40.742740631103516,-73.71392822265625
QUEENS,4178070,11/20/2025,8/5/2025,Q00925891-S2-PL,Plumbing,Permit Issued,Q00925891-S2,ALT-CO - New Building with Existing Elements to Remain,Yes,Yes,Permit Entire,4590.22021484375,1,2,98000.0,259-09 81 AVENUE  QUEENS,8715,5,413,VMC PLUMBING & HEATING IN,40.74309158325195,-73.71098327636719
QUEENS,4178156,2/27/2026,8/11/2025,Q00979195-I1-GC-CX,Mechanical Systems Structural General Construction Foundation Earth Work,Permit Issued,Q00979195-I1,ALT-CO - New Building with Existing Elements to Remain,Yes,Yes,Permit Entire,3163.110107421875,1,2,338490.0,80-50 263 STREET  QUEENS,8718,62,413,ESSEX GENERAL CONSTRUCTIO,40.743980407714844,-73.70816802978516
Queens,4178283,8/21/2026,10/14/2025,42063610001AL13,AL,Issued,420636100,A1,,Y,PERMIT ISSUED - ENTIRE JOB/WORK,0.0,1,2,262654.0,80-47 267 STREET  Queens,8723,14,413,ARCHITECTURAL CONCEPT INC.,40.74497985839844,-73.70393371582031
Queens,4178356,5/15/2026,6/25/2025,42163916901AL02,AL,Issued,421639169,A1,Y,Y,PERMIT ISSUED - ENTIRE JOB/WORK,4345.0,1,2,375555.0,80-48 LANGDALE STREET  Queens,8725,26,413,ARCHITECTURAL CONCEPT INC.,40.74551010131836,-73.70172882080078
QUEENS,4178956,12/19/2025,7/24/2025,Q00921950-S1-PL,Plumbing,Permit Issued,Q00921950-S1,Alteration CO,Yes,,Permit Entire,2000.0,1,2,22500.0,82-64 260 STREET  QUEENS,8753,5,413,T.N.T. PLBG & HTG  INC,40.739341735839844,-73.70938873291016
QUEENS,4178998,12/3/2025,12/3/2024,Q00494176-I1-GC-CX,Mechanical Systems General Construction Foundation Earth Work,Permit Issued,Q00494176-I1,ALT-CO - New Building with Existing Elements to Remain,Yes,Yes,Permit Entire,2545.0,1,2,583750.0,82-22 261 STREET  QUEENS,8754,24,413,CUSTOMBUILT HOMES INC,40.74065017700195,-73.70887756347656
QUEENS,4179553,1/12/2026,7/22/2025,Q00828632-I1-GC-CX,General Construction Foundation Earth Work,Permit Issued,Q00828632-I1,ALT-CO - New Building with Existing Elements to Remain,Yes,Yes,Permit Entire,4489.97021484375,1,2,859000.0,83 23 265 STREET  QUEENS,8777,48,413,KAIETEUR CONSTRUCTION INC,40.739479064941406,-73.70387268066406
QUEENS,4179631,4/11/2026,8/22/2025,Q00781847-I1-GC,General Construction,Permit Issued,Q00781847-I1,Alteration CO,,Yes,Permit Entire,1878.239990234375,1,2,350000.0,83-32 LANGDALE STREET  QUEENS,8780,13,413,MONTI UNITED CONSTRUCTION,40.73984146118164,-73.70104217529297
QUEENS,4180412,6/5/2026,9/29/2025,Q01169093-I1-GC-CX,Mechanical Systems Structural General Construction Foundation,Permit Issued,Q01169093-I1,Alteration CO,Yes,Yes,Permit Entire,1938.050048828125,1,2,410000.0,86-40 257 STREET  QUEENS,8815,55,413,JP HOME CONSTRUCTION CORP,40.7317008972168,-73.70945739746094
Queens,4180522,12/11/2025,3/11/2025,40257338101AL02,AL,Issued,402573381,A1,,Y,PERMIT ISSUED - ENTIRE JOB/WORK,2630.0,1,2,50000.0,86-15 260 STREET  Queens,8819,27,413,M.S. SAVANI ARCHITECTS,40.733028411865234,-73.70642852783203
QUEENS,4184173,5/15/2026,7/10/2025,Q01196917-S1-GC-CX,Structural General Construction Foundation Earth Work,Permit Issued,Q01196917-S1,Alteration CO,Yes,Yes,Permit Entire,4004.0,2,2,123475.0,92-14 88 AVENUE  QUEENS,8930,92,409,GENESIS NYC CONSTRUCTION,40.69207000732422,-73.8521499633789
Queens,4187433,10/5/2026,9/15/2025,42159154801AL04,AL,Issued,421591548,A1,Y,Y,PERMIT ISSUED - PARTIAL JOB,4301.0,2,2,412138.0,87-09 97 AVE  Queens,9025,26,409,BALDINO ARCHITECTURAL GROUP,40.68444061279297,-73.8534164428711
QUEENS,4187648,1/15/2026,8/29/2025,Q00987543-S6-SE,Support of Excavation,Permit Issued,Q00987543-S6,New Building,,,Permit Entire,2357.800048828125,2,3,0.0,95-21 93 STREET  QUEENS,9036,35,409,A&A BUILDING CONSULTANTS,40.686100006103516,-73.8484878540039
QUEENS,4188713,11/1/2025,11/8/2024,Q00715715-I1-GC,General Construction,Permit Issued,Q00715715-I1,Alteration CO,Yes,,Permit Entire,6068.0,0,1,600000.0,75-15 LIBERTY AVENUE  QUEENS,9076,9,409,FULL SERVICE CONTRACTING,40.67945098876953,-73.86196899414062
QUEENS,4189757,11/1/2025,11/1/2024,Q00839526-S1-PL,Plumbing,Permit Issued,Q00839526-S1,Alteration CO,,Yes,Permit Entire,3432.0,2,2,26000.0,107-08 76 STREET  QUEENS,9127,23,410,VILLAGE P & H NY INC,40.6763801574707,-73.86100006103516
QUEENS,4192745,7/27/2026,9/23/2025,Q01163329-S4-SE,Support of Excavation,Permit Issued,Q01163329-S4,New Building,,,Permit Entire,20831.16015625,0,4,0.0,84-50 ABINGDON ROAD  QUEENS,9230,48,409,DEEP FORMATION INC,40.7063102722168,-73.83007049560547
QUEENS,4193094,2/11/2026,2/11/2025,Q00852165-I1-GC,General Construction,Permit Issued,Q00852165-I1,ALT-CO - New Building with Existing Elements to Remain,Yes,,Permit Entire,5736.0,1,2,189000.0,85-07 ABINGDON ROAD  QUEENS,9242,461,409,FRSS GROUP CORP,40.706451416015625,-73.82878112792969
QUEENS,4193319,10/21/2025,10/21/2024,Q00769537-I1-ST,Structural,Permit Issued,Q00769537-I1,New Building,,,Permit Entire,3672.0,2,3,350000.0,84-49 129 STREET  QUEENS,9250,83,409,SNR CONSTRUCTION  INC,40.70560836791992,-73.8235092163086
QUEENS,4195711,6/29/2026,9/10/2025,Q01057835-S1-PL,Plumbing,Permit Issued,Q01057835-S1,Alteration CO,Yes,,Permit Entire,3307.199951171875,2,2,100000.0,89-14 115 STREET  QUEENS,9322,13,409,TRI CITY MECHANICAL GROUP,40.69588851928711,-73.83297729492188
Queens,4195763,2/26/2026,9/19/2025,42090452401AL02,AL,Issued,420904524,A1,Y,,PERMIT ISSUED - ENTIRE JOB/WORK,0.0,0,1,8000.0,91-30 115TH STREET  Queens,9324,20,409,TABRIZ GROUP DESIGN,40.6939697265625,-73.8320083618164
Queens,4196379,4/6/2026,4/30/2025,42166680601NB10,NB,Issued,421666806,NB,,,PERMIT ISSUED - ENTIRE JOB/WORK,28363.0,0,3,0.0,133-02 JAMAICA AVENUE  Queens,9341,1,409,T.F. CUSANELLI AND FILLETTI ARCH,40.70206069946289,-73.8193130493164
QUEENS,4196388,11/23/2025,5/29/2025,Q01113840-I1-ST,Structural,Permit Issued,Q01113840-I1,New Building,,,Permit Entire,5289.77001953125,3,3,0.0,87-22 134 STREET  QUEENS,9341,20,409,HOME STYLE IMPROVEMENTS *,40.70151138305664,-73.81855773925781
Queens,4198894,12/13/2025,6/26/2025,42113353401NB04,NB,Issued,421133534,NB,,,PERMIT ISSUED - ENTIRE JOB/WORK,43774.0,0,5,0.0,101-09 113 STREET  Queens,9431,1,409,AP PROFESSIONAL ENGINEERING PLLC,40.688358306884766,-73.83068084716797
QUEENS,4199172,6/7/2026,7/15/2025,Q01140228-I1-GC,General Construction,Permit Issued,Q01140228-I1,Alteration CO,Yes,Yes,Permit Entire,2725.0,2,2,91750.0,94-28 121 STREET  QUEENS,9438,16,409,SHA HOME IMPROVEMENTS INC,40.69369125366211,-73.82582092285156
QUEENS,4199397,10/21/2025,10/6/2025,Q00816727-S2-ST,Structural,Permit Issued,Q00816727-S2,New Building,,,Permit Entire,5060.8798828125,5,3,0.0,94-11 130 STREET  QUEENS,9446,57,409,NEW LINK CONSTRUCTION I*,40.695640563964844,-73.81841278076172
QUEENS,4199616,2/10/2026,5/1/2025,Q01175401-I1-GC-CX,Structural General Construction Foundation Earth Work,Permit Issued,Q01175401-I1,ALT-CO - New Building with Existing Elements to Remain,Yes,Yes,Permit Entire,6102.9599609375,2,2,1372650.0,95-25 LEFFERTS BOULEVARD  QUEENS,9455,37,409,ASSURED BUILDERS INC,40.69171142578125,-73.82649230957031
QUEENS,4201886,1/12/2026,4/24/2025,Q01107243-I1-GC-CX,Structural General Construction Foundation Earth Work,Permit Issued,Q01107243-I1,Alteration CO,,Yes,Permit Entire,3694.0,2,3,105550.0,113-11 LIBERTY AVENUE  QUEENS,9518,25,410,KAIETEUR CONSTRUCTION INC,40.685768127441406,-73.82914733886719
QUEENS,4202769,2/12/2026,9/17/2025,Q00658589-I1-ST,Structural,Permit Issued,Q00658589-I1,Alteration CO,Yes,,Permit Entire,2916.0,2,2,135373.0,104-35 115 STREET  QUEENS,9538,65,410,YAFE MEOD CORP,40.68484115600586,-73.82701110839844
QUEENS,4204286,6/17/2026,6/24/2025,Q00845542-I1-GC,General Construction,Permit Issued,Q00845542-I1,Alteration CO,Yes,,Permit Entire,3445.0,1,2,106975.0,104-19 LEFFERTS BOULEVARD  QUEENS,9573,75,410,PETERKIN CONSTRUCTION LLC,40.68592071533203,-73.82366943359375
QUEENS,4204521,11/10/2025,4/23/2025,Q08051883-I1-GC-CX,Structural General Construction Earth Work,Permit Issued,Q08051883-I1,New Building,,,Permit Entire,1894.030029296875,2,2,600000.0,104-18 125 STREET  QUEENS,9578,16,410,FIRST WORLD DEVELOPMENT,40.68743133544922,-73.81929016113281
QUEENS,4207134,1/19/2026,10/1/2025,Q01011752-S4-ST,Structural,Permit Issued,Q01011752-S4,ALT-CO - New Building with Existing Elements to Remain,,Yes,Permit Entire,10939.2001953125,10,4,20000.0,150-28 HILLSIDE AVENUE  QUEENS,9697,21,412,M&A CONTRACTING SERVICES,40.706600189208984,-73.805419921875
QUEENS,4208879,4/27/2026,6/25/2025,Q01150733-S1-SE,Support of Excavation,Permit Issued,Q01150733-S1,New Building,,,Permit Entire,77483.28125,89,12,0.0,89-61 162 STREET  QUEENS,9761,14,412,ON STAR MANAGEMENT LLC,40.70526885986328,-73.79791259765625
QUEENS,4209474,1/12/2026,5/8/2025,Q00806915-I1-GC-CX,Structural General Construction Foundation Earth Work,Permit Issued,Q00806915-I1,Alteration CO,Yes,,Permit Entire,1005.0,2,2,180000.0,159-15 84 ROAD  QUEENS,9789,33,408,KAIETEUR CONSTRUCTION INC,40.71417999267578,-73.80560302734375
QUEENS,4209604,12/28/2025,9/19/2025,Q01233318-I1-FD,Full Demolition,Permit Issued,Q01233318-I1,Full Demolition,,,Permit Entire,7000.0,0,0,15000.0,89-35 165 STREET  QUEENS,9795,7501,412,HEXAGON INDUSTRIES INC,40.70692825317383,-73.79557037353516
QUEENS,4209606,12/28/2025,9/23/2025,Q01233317-I1-FD,Full Demolition,Permit Issued,Q01233317-I1,Full Demolition,,,Permit Entire,5300.0,0,0,15000.0,89-25 165 STREET  QUEENS,9795,7501,412,HEXAGON INDUSTRIES INC,40.70692825317383,-73.79557037353516
Queens,4209632,1/31/2026,1/28/2025,42113315101NB04,NB,Issued,421133151,NB,,,PERMIT ISSUED - ENTIRE JOB/WORK,716120.0,614,12,0.0,166-20 90 AVE  Queens,9796,63,412,PERKINS EASTMAN ARCHITECTS  PC,40.70708084106445,-73.79360961914062
Queens,4209730,11/1/2025,10/28/2024,42160769301NB04,NB,Issued,421607693,NB,,,PERMIT ISSUED - ENTIRE JOB/WORK,25463.0,52,7,0.0,169-13 90 AVE  Queens,9803,6,412,A NG & A NG ARCHITECTS STUDIO PC,40.70880889892578,-73.79122924804688
QUEENS,4210033,11/27/2025,10/7/2025,Q01167020-I1-FD,Full Demolition,Permit Issued,Q01167020-I1,Full Demolition,,,Permit Entire,2300.0,0,0,34000.0,88-49 163 STREET  QUEENS,9813,5,412,SETANTA INC,40.70745086669922,-73.79824829101562
Queens,4210124,11/1/2025,8/13/2025,42159800601NB12,NB,Issued,421598006,NB,,,PERMIT ISSUED - ENTIRE JOB/WORK,17994.0,10,6,0.0,87-83 168TH STREET  Queens,9821,1,412,A NG & A NG ARCHITECTS STUDIO PC,40.709598541259766,-73.79421997070312
QUEENS,4210180,2/12/2026,9/2/2025,Q01207723-I1-FD,Full Demolition,Permit Issued,Q01207723-I1,Full Demolition,,,Permit Entire,4256.0,0,0,120000.0,87-87 169 STREET  QUEENS,9825,1,412,YAFE MEOD CORP,40.710208892822266,-73.7923812866211
Queens,4210781,5/9/2026,5/9/2025,41023286801AL02,AL,Issued,410232868,A1,Y,,PERMIT ISSUED - ENTIRE JOB/WORK,0.0,2,2,109000.0,85-11 169TH STREET  Queens,9853,91,408,PHCD GROUP INC.,40.713748931884766,-73.79427337646484
QUEENS,4210850,4/16/2026,4/16/2025,Q01175260-I1-GC-CX,Structural General Construction Foundation Earth Work,Permit Issued,Q01175260-I1,ALT-CO - New Building with Existing Elements to Remain,Yes,Yes,Permit Entire,1572.0,2,2,540000.0,165-19 CHAPIN COURT  QUEENS,9856,65,408,THREE STAR CONSTRUCTION G,40.71405029296875,-73.80020904541016
QUEENS,4211213,3/17/2026,3/17/2025,Q00811377-I1-GC-CX,Structural General Construction Foundation Earth Work,Permit Issued,Q00811377-I1,New Building,,,Permit Entire,5670.0,1,3,800000.0,85-11 HOME LAWN STREET  QUEENS,9881,13,408,ZK DEVELOPMENT CORP,40.7140007019043,-73.79309844970703
QUEENS,4213064,11/21/2025,7/23/2025,Q01006328-I1-ST,Structural,Permit Issued,Q01006328-I1,Alteration CO,Yes,Yes,Permit Entire,5991.7998046875,1,2,2022825.0,86-51 MIDLAND PARKWAY  QUEENS,9945,78,408,SIKDER HOME IMPROVEMENTS,40.7150993347168,-73.78266906738281
QUEENS,4213202,5/15/2026,6/23/2025,Q00892634-S3-GC-CX,Structural General Construction Foundation,Permit Issued,Q00892634-S3,Alteration CO,Yes,Yes,Permit Entire,11115.7900390625,1,2,250000.0,183-06 DALNY ROAD  QUEENS,9951,43,408,JCM PRO BUILDERS LLC,40.7156982421875,-73.78002166748047
QUEENS,4213270,3/11/2026,3/11/2025,Q00497777-S1-PL,Plumbing,Permit Issued,Q00497777-S1,ALT-CO - New Building with Existing Elements to Remain,Yes,Yes,Permit Entire,8360.0,1,3,35000.0,84-37 AVON STREET  QUEENS,9953,68,408,BMT PLUMBING&HEATING LLC,40.71900177001953,-73.78175354003906
QUEENS,4213293,1/1/2026,8/15/2025,Q01242004-S2-FN,Construction Fence,Permit Issued,Q01242004-S2,Full Demolition,,,Permit Entire,1680.0,0,0,5000.0,185-17 HILLSIDE AVENUE  QUEENS,9954,56,408,VOLK INDUSTRIAL SERVICES,40.71474838256836,-73.776611328125
QUEENS,4213331,1/14/2026,9/16/2025,Q00751279-S2-PL,Plumbing,Permit Issued,Q00751279-S2,Alteration CO,Yes,,Permit Entire,2091.0,2,2,81000.0,186-05 WEXFORD TERRACE  QUEENS,9956,76,408,PLUMB-IT MECHANICAL INC,40.71556854248047,-73.77703857421875
QUEENS,4213386,11/23/2025,3/9/2025,Q01099189-S2-PL,Plumbing,Permit Issued,Q01099189-S2,Alteration CO,Yes,Yes,Permit Entire,6527.8701171875,1,2,158000.03125,184-26 HENLEY ROAD  QUEENS,9958,41,408,BT'S PLUMBING AND HEATING,40.71799087524414,-73.77928924560547
Queens,4213404,1/29/2026,2/19/2025,42051451701AL08,AL,Issued,420514517,A1,Y,Y,PERMIT ISSUED - ENTIRE JOB/WORK,0.0,1,2,206500.0,184-35 HENLEY ROAD  Queens,9959,113,408,ODAYE DESIGN P.E. PC,40.71839904785156,-73.7789077758789
QUEENS,4213552,11/23/2025,4/29/2025,Q01146669-S1-PL,Plumbing,Signed-off,Q01146669-S1,Alteration CO,Yes,,Permit Entire,4667.0,1,2,48000.0,86-78 CHEVY CHASE STREET  QUEENS,9966,36,408,BT'S PLUMBING AND HEATING,40.71910095214844,-73.77696228027344
QUEENS,4214506,3/20/2026,8/8/2025,Q00931694-I1-FD,Full Demolition,Permit Issued,Q00931694-I1,Full Demolition,,,Permit Entire,2000.0,0,0,20000.0,95-24 147 PLACE  QUEENS,10027,15,412,CARLIN CONTRACTING OF NY,40.69792938232422,-73.8055191040039
QUEENS,4214814,2/12/2026,8/11/2025,Q00576917-I1-GC-CX,General Construction Foundation Earth Work,Permit Issued,Q00576917-I1,Alteration CO,Yes,,Permit Entire,4037.0,2,2,195000.0,144-19 106 AVENUE  QUEENS,10044,24,412,YAFE MEOD CORP,40.691978454589844,-73.8070068359375
QUEENS,4216205,1/1/2026,7/16/2025,Q01192036-S1-PMM,Protection and Mechanical Methods,Permit Issued,Q01192036-S1,Full Demolition,,,Permit Entire,2200.0,0,0,5000.0,164-06 JAMAICA AVENUE  QUEENS,10151,23,412,VOLK INDUSTRIAL SERVICES,40.705020904541016,-73.79532623291016
QUEENS,4216424,11/19/2025,11/19/2024,Q00840352-S9-SE,Support of Excavation,Stop Work - Contractor Withdrawn,Q00840352-S9,Alteration CO,,Yes,Permit Entire,16919.0,8,3,10000.0,107-51 GUY R BREWER BOULEVARD  QUEENS,10166,1,412,LLNY GROUP LLC,40.69684982299805,-73.79110717773438
QUEENS,4217168,10/30/2025,10/30/2024,Q00941442-I1-GC-CX,Mechanical Systems Structural General Construction Foundation Earth Work,Permit Issued,Q00941442-I1,New Building,,,Permit Entire,3060.0,2,2,0.0,163-51 PHROANE AVENUE  QUEENS,10202,33,412,MOD CONSULTANTS LLC,40.6917610168457,-73.78524780273438
Queens,4217664,2/5/2026,8/18/2025,42186274601NB06,NB,Issued,421862746,NB,,,PERMIT ISSUED - ENTIRE JOB/WORK,19568.0,9,4,0.0,172-30 93RD AVENUE  Queens,10219,32,412,ANGELO NG & ANTHONY NG ARCHITECT,40.705848693847656,-73.78608703613281
QUEENS,4218306,10/23/2025,10/23/2024,Q00871160-I1-GC-CX,Mechanical Systems Structural General Construction Foundation Earth Work,Permit Issued,Q00871160-I1,New Building,,,Permit Entire,4500.0,2,3,0.0,169-16 107 AVENUE  QUEENS,10244,19,412,PRECISION HOME DEV INC,40.699771881103516,-73.78691101074219
QUEENS,4219423,3/1/2026,10/9/2025,Q01100947-I1-GC,General Construction,Permit Issued,Q01100947-I1,New Building,,,Permit Entire,324.0,1,1,0.0,112-15 175 STREET  QUEENS,10291,61,412,TUFF SHED  INC.,40.69453811645508,-73.77660369873047
QUEENS,4220099,5/4/2026,6/17/2025,Q00894232-S9-EW-SP,Sprinklers,Permit Issued,Q00894232-S9,ALT-CO - New Building with Existing Elements to Remain,Yes,Yes,Permit Entire,23419.0,0,1,1000000.0,177-01 LIBERTY AVENUE  QUEENS,10329,7,412,DYNAMIC PLBNG & SPRKR COR,40.705718994140625,-73.78224182128906
QUEENS,4221730,11/10/2025,8/21/2025,Q01205015-I1-GC,General Construction,Permit Issued,Q01205015-I1,Alteration CO,,Yes,Permit Issued,2034.0,1,2,301000.0,185-06 FONDA AVENUE  QUEENS,10422,12,412,FIRST WORLD DEVELOPMENT,40.70098876953125,-73.77055358886719
Queens,4223737,12/24/2025,12/24/2024,42146261501NB05,NB,Issued,421462615,NB,,,PERMIT ISSUED - ENTIRE JOB/WORK,2810.0,1,2,0.0,86-06 SANTIAGO STREET  Queens,10503,31,408,PRAINITO DESIGN GROUP LLC,40.720149993896484,-73.77519989013672
QUEENS,4223947,10/21/2025,10/21/2024,Q01063193-S7-FO,Foundation,Permit Issued,Q01063193-S7,ALT-CO - New Building with Existing Elements to Remain,Yes,Yes,Permit Entire,7126.47998046875,1,3,25000.0,86-63 CLIO STREET  QUEENS,10514,13,408,FRSS GROUP CORP,40.720420837402344,-73.76844024658203
QUEENS,4224327,1/12/2026,7/11/2025,Q01024852-I1-GC-CX,Mechanical Systems Structural General Construction Foundation Earth Work,Permit Issued,Q01024852-I1,New Building,,,Permit Entire,9825.0,1,3,0.0,198-25 EPSOM COURSE  QUEENS,10528,35,408,KAIETEUR CONSTRUCTION INC,40.72425842285156,-73.76689910888672
Queens,4225960,10/30/2025,6/17/2025,42196248801NB02,NB,Issued,421962488,NB,,,PERMIT ISSUED - ENTIRE JOB/WORK,7581.0,0,2,0.0,8815 HOLLIS COURT BOULEVARD  Queens,10588,19,413,HUAN DESIGN INC.,40.72397994995117,-73.75425720214844
QUEENS,4226079,4/6/2026,5/30/2025,Q07994574-S1-PL,Plumbing,Permit Issued,Q07994574-S1,ALT-CO - New Building with Existing Elements to Remain,Yes,Yes,Permit Entire,2800.0,1,2,25000.0,201-22 EPSOM COURSE  QUEENS,10599,70,408,SAMUEL & SONS P & H INC,40.724979400634766,-73.76378631591797
Queens,4231669,1/18/2026,7/1/2025,44061792201AL03,AL,Issued,440617922,A1,Y,,PERMIT ISSUED - ENTIRE JOB/WORK,2588.0,2,2,128000.0,94-44 201 STREET  Queens,10831,59,412,SINGH ENGINEERING,40.71247100830078,-73.75945281982422
QUEENS,4233232,11/13/2025,7/17/2025,Q01170225-S7-SE,Support of Excavation,Permit Issued,Q01170225-S7,ALT-CO - New Building with Existing Elements to Remain,Yes,Yes,Permit Entire,7392.77978515625,0,2,1000.0,201-01 HOLLIS AVENUE  QUEENS,10901,33,412,BLACK HAMMER CONSTRUCTION,40.70642852783203,-73.75652313232422
QUEENS,4234493,5/24/2026,9/5/2025,Q00893944-I1-GC-CX,Structural General Construction Earth Work,Permit Issued,Q00893944-I1,Alteration CO,Yes,No,Permit Entire,140.0,2,2,26540.0,190-56 111 AVENUE  QUEENS,10950,106,412,WEBB DEVELOPMENT SVC CORP,40.70204162597656,-73.76335144042969
QUEENS,4234512,11/23/2025,12/10/2024,Q01122531-I1-ST,Structural,Permit Issued,Q01122531-I1,Alteration CO,Yes,Yes,Permit Entire,2714.919921875,2,2,894100.0,190-25 111 ROAD  QUEENS,10950,146,412,HOME STYLE IMPROVEMENTS *,40.70159912109375,-73.76392364501953
QUEENS,4238256,11/24/2025,5/9/2025,Q01071985-S1-PL,Plumbing,Permit Issued,Q01071985-S1,Alteration CO,Yes,Yes,Permit Entire,3597.010009765625,2,2,25000.0,116-20 194 STREET  QUEENS,11061,35,412,ALL PRO PLBG & HTG INC,40.693851470947266,-73.75871276855469
Queens,4238340,11/12/2025,5/29/2025,40086155401AL03,AL,Issued,400861554,A1,,Y,PERMIT ISSUED - PARTIAL JOB,5300.0,34,2,158000.0,194-15 LINDEN BOULEVARD  Queens,11066,3,412,UNIVERSAL DESIGN DEVELOPMENT,40.69330978393555,-73.75723266601562
QUEENS,4239254,4/3/2026,4/3/2025,Q00946217-I1-GC-CX,Mechanical Systems Structural General Construction Foundation Earth Work,Permit Issued,Q00946217-I1,Alteration CO,Yes,Yes,Permit Entire,1250.0,2,2,618600.0,10306 217 LANE  QUEENS,11104,34,413,SB RENOVATION & MODELING,40.713321685791016,-73.73928833007812
Queens,4239900,1/22/2026,1/22/2025,42066553201NB05,NB,Issued,420665532,NB,,,PERMIT ISSUED - ENTIRE JOB/WORK,885.0,1,2,0.0,111-50 WITTHOFF STREET  Queens,11127,44,413,PAUL A. CASTRUCCI  ARCHITECT,40.706520080566406,-73.7435073852539
QUEENS,4240300,11/29/2025,7/16/2025,Q00712797-I1-GC-CX,Mechanical Systems Structural General Construction Foundation Earth Work,Permit Issued,Q00712797-I1,Alteration CO,,Yes,Permit Entire,4035.0,2,2,942000.0,111-46 SPRINGFIELD BOULEVARD  QUEENS,11142,1,413,MI BUILDERS INC,40.70552062988281,-73.74009704589844
Queens,4240464,3/1/2026,9/2/2025,40111810701AL03,AL,Issued,401118107,A1,Y,,PERMIT ISSUED - ENTIRE JOB/WORK,2551.0,2,2,25000.0,108-23 217 PLACE  Queens,11150,19,413,PULLUMB KALEMI P.E,40.710121154785156,-73.73980712890625
QUEENS,4243445,6/17/2026,8/11/2025,Q00975584-I1-GC-CX,Structural General Construction,Permit Issued,Q00975584-I1,Alteration CO,,Yes,Permit Entire,1917.0,1,2,100000.0,115-23 225 STREET  QUEENS,11289,24,413,K.W.MCINTOSH CONSTRUCTION,40.69813919067383,-73.7331771850586
QUEENS,4248190,11/1/2025,5/15/2025,Q00981361-I1-GC-CX,Structural General Construction,Permit Issued,Q00981361-I1,ALT-CO - New Building with Existing Elements to Remain,Yes,,Permit Entire,1838.969970703125,2,2,675000.0,97-29 134 ROAD  QUEENS,11499,120,410,M & J ELECTRICAL CONTRAC,40.67538070678711,-73.83843994140625
Queens,4248368,3/7/2026,3/7/2025,40225021001AL03,AL,Issued,402250210,A1,,Y,PERMIT ISSUED - ENTIRE JOB/WORK,2173.0,1,2,60000.0,132-14 107 STREET  Queens,11506,54,410,SFS ASSOCIATES,40.676109313964844,-73.8331069946289
QUEENS,4249715,2/3/2026,2/3/2025,Q00868450-S1-CC,Curb Cut,Permit Issued,Q00868450-S1,Alteration CO,Yes,No,Permit Entire,3540.0,2,2,1000.0,10917 124 STREET  QUEENS,11605,62,410,PROTON CCM LLC,40.68302917480469,-73.81725311279297
QUEENS,4249717,2/25/2026,7/17/2025,Q01133589-I1-ST,Structural,Permit Issued,Q01133589-I1,Alteration CO,Yes,,Permit Entire,2661.070068359375,1,2,394702.0,109-11 124 STREET  QUEENS,11605,66,410,KDK CONSTRUCTION CORP,40.68318176269531,-73.81732177734375
Queens,4250108,4/1/2026,4/17/2025,42186279101AL10,AL,Issued,421862791,A1,Y,Y,PERMIT ISSUED - ENTIRE JOB/WORK,23668.0,0,2,1200000.0,109-42 VAN WYCK EXPRESSWAY  Queens,11615,28,410,AZ PROFESSIONAL ENGINEERING PC,40.68571090698242,-73.8079605102539
QUEENS,4250939,12/2/2025,12/2/2024,Q00932487-S1-PL,Plumbing,Permit Issued,Q00932487-S1,Alteration CO,,Yes,Permit Entire,1749.1300048828125,2,2,32000.0,131-22 111 AVENUE  QUEENS,11635,10,410,HORBRIDGE PLUMBING & HEAT,40.68326950073242,-73.8106918334961
QUEENS,4252241,12/31/2025,1/9/2025,Q00912114-I1-GC,General Construction,Permit Issued,Q00912114-I1,New Building,,,Permit Entire,3569.699951171875,2,2,0.0,115-21 125 STREET  QUEENS,11669,56,410,CONSTRUCTION USA INC,40.678009033203125,-73.81378936767578
QUEENS,4253491,4/7/2026,10/8/2025,Q00601433-S1-PL,Plumbing,Permit Issued,Q00601433-S1,Alteration CO,Yes,,Permit Entire,4026.0,2,2,29850.0,115-31 118 STREET  QUEENS,11711,26,410,M & M PIPING AND HEATING,40.67552185058594,-73.82003784179688
QUEENS,4254797,1/12/2026,2/13/2025,Q01085152-I1-GC-CX,Structural General Construction Foundation,Permit Issued,Q01085152-I1,ALT-CO - New Building with Existing Elements to Remain,Yes,Yes,Permit Entire,1284.0,1,2,328680.0,117-45 127 STREET  QUEENS,11749,32,410,KAIETEUR CONSTRUCTION INC,40.674129486083984,-73.81076049804688
Queens,4255154,3/6/2026,5/23/2025,44065378501AL04,AL,Issued,440653785,A1,Y,Y,PERMIT ISSUED - ENTIRE JOB/WORK,2540.0,2,2,176000.0,123-50 135 STREET  Queens,11758,71,410,AZ PROFESSIONAL ENGINEERING PC,40.673160552978516,-73.8038330078125
QUEENS,4255472,11/5/2025,1/9/2025,Q01066502-I1-GC-CX,Structural General Construction,Permit Issued,Q01066502-I1,ALT-CO - New Building with Existing Elements to Remain,Yes,Yes,Permit Entire,3785.43994140625,4,2,550000.0,129-20 131 STREET  QUEENS,11768,99,410,EMPIRE & R GENERAL CONSTR,40.67156982421875,-73.80789184570312
QUEENS,4255525,11/13/2025,11/13/2024,Q00869705-S1-PL,Plumbing,Permit Issued,Q00869705-S1,Alteration CO,Yes,,Permit Entire,1845.0,2,2,53000.0,131-15 131 AVENUE  QUEENS,11770,62,410,CYCLURA PLBG & HTG INC,40.6710090637207,-73.80697631835938
QUEENS,4255957,12/31/2025,2/11/2025,Q00988814-I1-GC,General Construction,Permit Issued,Q00988814-I1,ALT-CO - New Building with Existing Elements to Remain,Yes,Yes,Permit Entire,1691.260009765625,2,2,399060.0,130-60 VAN WYCK EXPRESSWAY  QUEENS,11781,302,410,L&L CONSTRUCTION DEVELOP,40.66952133178711,-73.802001953125
QUEENS,4256955,12/26/2025,3/11/2025,Q08000070-S1-PL,Plumbing,Signed-off,Q08000070-S1,Alteration CO,Yes,Yes,Permit Entire,3554.0,2,2,16500.0,120-15 150 AVENUE  QUEENS,11821,3,410,ARCO PLBG AND HTG INC,40.6668701171875,-73.82038879394531
QUEENS,4257460,10/29/2025,10/29/2024,Q00888885-I1-ST,Structural,Permit Issued,Q00888885-I1,ALT-CO - New Building with Existing Elements to Remain,Yes,Yes,Permit Entire,1106.5,1,2,785230.0,149-05 124 STREET  QUEENS,11867,28,410,YAFE MEOD CORP,40.66746139526367,-73.81584167480469
QUEENS,4257760,1/11/2026,10/20/2025,Q01068081-I1-GC-CX,General Construction Foundation Earth Work,Permit Issued,Q01068081-I1,Alteration CO,Yes,,Permit Entire,3472.22998046875,2,2,365500.0,109-44 142 STREET  QUEENS,11927,46,412,GEREBUZZA CONSTRUCTION IN,40.687068939208984,-73.80391693115234
QUEENS,4257889,2/7/2026,2/7/2025,Q00807687-I1-GC,General Construction,Permit Issued,Q00807687-I1,Alteration CO,Yes,Yes,Permit Entire,2351.31005859375,2,2,104490.0,109-19 PINEGROVE STREET  QUEENS,11934,43,412,MOD CONSULTANTS LLC,40.68849182128906,-73.80198669433594
QUEENS,4259211,5/20/2026,9/25/2025,Q01229127-I1-GC,General Construction,Permit Issued,Q01229127-I1,ALT-CO - New Building with Existing Elements to Remain,Yes,Yes,Permit Entire,6000.0,2,2,766927.0,114-23 143 STREET  QUEENS,11973,34,412,JV FAST CONSTRUCTION LLC,40.68370819091797,-73.80011749267578
Queens,4260801,2/16/2026,4/30/2025,42175691401AL04,AL,Issued,421756914,A1,,Y,PERMIT ISSUED - ENTIRE JOB/WORK,800.0,1,2,366725.0,117-02 145 STREET  Queens,12018,6,412,TABRIZ GROUP DESIGN,40.679378509521484,-73.79662322998047
QUEENS,4260865,10/29/2025,3/27/2025,Q01159226-S2-PL,Plumbing,Permit Issued,Q01159226-S2,Alteration CO,Yes,,Permit Entire,3683.0,2,2,45000.0,146-04 FOCH BOULEVARD  QUEENS,12021,1,412,INFINITI ESC PLUMBING COR,40.67982864379883,-73.79431915283203
QUEENS,4262253,4/7/2026,9/10/2025,Q01121686-S1-PL,Plumbing,Permit Issued,Q01121686-S1,ALT-CO - New Building with Existing Elements to Remain,Yes,Yes,Permit Entire,2884.0,2,3,39000.0,137-21 133 AVENUE  QUEENS,12075,57,412,M & M PIPING AND HEATING,40.669410705566406,-73.79979705810547
QUEENS,4262994,5/1/2026,5/1/2025,Q01193995-I1-GC-CX,Structural General Construction Foundation Earth Work,Permit Issued,Q01193995-I1,Alteration CO,Yes,Yes,Permit Entire,3712.3701171875,2,2,642710.0,133-23 146 STREET  QUEENS,12113,25,412,PRECISION HOME DEV INC,40.668060302734375,-73.79261016845703
QUEENS,4263171,5/31/2026,9/23/2025,Q01244651-S1-FN,Construction Fence,Permit Issued,Q01244651-S1,ALT-CO - New Building with Existing Elements to Remain,Yes,Yes,Permit Entire,4530.35986328125,2,2,4500.0,151-37 136 AVENUE  QUEENS,12133,45,412,PRECISION HOME DEV INC,40.66809844970703,-73.78388977050781
Queens,4264486,5/2/2026,6/11/2025,44065121501AL03,AL,Issued,440651215,A1,Y,,PERMIT ISSUED - ENTIRE JOB/WORK,1719.0,2,2,187792.0,114-22 158 STREET  Queens,12194,35,412,MOSTAFA,40.68735122680664,-73.78917694091797
Queens,4264551,10/30/2025,10/30/2024,42133986701NB04,NB,Issued,421339867,NB,,,PERMIT ISSUED - ENTIRE JOB/WORK,3975.0,2,2,0.0,157-18 115 ROAD  Queens,12197,7,412,BANJI AWOSIKA ARCHITECT P.C.,40.686378479003906,-73.78764343261719
Queens,4264634,2/17/2026,4/26/2025,42065912001AL03,AL,Issued,420659120,A1,,Y,PERMIT ISSUED - ENTIRE JOB/WORK,0.0,2,2,200600.0,116-17 SUTPHIN BOULEVARD  Queens,12201,2,412,NEW YORK ARCHITECTURAL SOLUTIONS,40.6821403503418,-73.79225158691406
Queens,4265604,11/21/2025,12/27/2024,42180139401NB03,NB,Issued,421801394,NB,,,PERMIT ISSUED - ENTIRE JOB/WORK,6487.0,2,2,0.0,161-39 118 AVENUE  Queens,12240,27,412,PIROOZ ENGINEERING  P.C.,40.68368148803711,-73.78301239013672
QUEENS,4265687,5/5/2026,5/5/2025,Q01115200-I1-GC-CX,Structural General Construction Foundation,Permit Issued,Q01115200-I1,Alteration CO,Yes,Yes,Permit Entire,3540.0,2,2,353600.0,161-14 119 AVENUE  QUEENS,12245,12,412,B36 SERVICES INC,40.681819915771484,-73.7829818725586
QUEENS,4265850,2/3/2026,2/18/2025,Q01089231-S1-FN,Construction Fence,Permit Issued,Q01089231-S1,Alteration CO,Yes,Yes,Permit Entire,3591.0,2,2,5000.0,161-25 121 AVENUE  QUEENS,12252,41,412,FANTASTIC RENOVATIONS &,40.6798210144043,-73.78134155273438
Queens,4266105,1/12/2026,10/14/2025,42093994301AL02,AL,Issued,420939943,A1,Y,,PERMIT ISSUED - ENTIRE JOB/WORK,0.0,2,2,252766.0,129-04 160 STREET  Queens,12272,6,412,TABRIZ GROUP DESIGN,40.6751708984375,-73.7809066772461
QUEENS,4266172,4/12/2026,5/1/2025,Q00634266-I1-GC,General Construction,Permit Issued,Q00634266-I1,Alteration CO,,Yes,Permit Entire,1840.0,2,2,110000.0,161-04 130 AVENUE  QUEENS,12277,9,412,BANAY CONSULTANTS LLC,40.67578125,-73.77903747558594
QUEENS,4266242,10/30/2025,10/30/2024,Q00996904-I1-GC-CX,Mechanical Systems Structural General Construction,Permit Issued,Q00996904-I1,New Building,,,Permit Entire,4372.5,2,2,0.0,155-17 134 AVENUE  QUEENS,12280,34,412,J&J DESIGNS INC,40.67136001586914,-73.7809066772461
Queens,4266414,12/31/2025,9/18/2025,40261759301AL02,AL,Issued,402617593,A1,Y,Y,PERMIT ISSUED - ENTIRE JOB/WORK,3538.0,2,2,80000.0,134-22 154 STREET  Queens,12292,18,412,M&N CONSULTANTS LLC,40.6698112487793,-73.78202056884766
QUEENS,4266639,5/19/2026,5/19/2025,Q01103832-I1-GC-CX,General Construction Foundation Earth Work,Permit Issued,Q01103832-I1,ALT-CO - New Building with Existing Elements to Remain,Yes,Yes,Permit Entire,4015.77001953125,1,29,1200743.0,137-16 156 STREET  QUEENS,12303,14,412,PRECISION HOME DEV INC,40.669090270996094,-73.7793197631836
QUEENS,4268172,12/7/2025,7/29/2025,Q00912316-S2-PL,Plumbing,Permit Issued,Q00912316-S2,Alteration CO,,Yes,Permit Entire,1789.0,2,2,35000.0,170-20 118 ROAD  QUEENS,12372,210,412,WALTON PLUMBING & HTG LLC,40.6850700378418,-73.77490997314453
QUEENS,4268498,12/31/2025,5/29/2025,Q00826663-I1-GC-CX,Structural General Construction,Permit Issued,Q00826663-I1,Alteration CO,,Yes,Permit Entire,2279.02001953125,2,2,279000.0,172-38 BROCHER ROAD  QUEENS,12390,139,412,BIG L ENTERPRISES  INC,40.68292999267578,-73.77152252197266
QUEENS,4270036,8/31/2026,9/3/2025,Q00489815-I1-GC,General Construction,Permit Issued,Q00489815-I1,ALT-CO - New Building with Existing Elements to Remain,Yes,,Permit Entire,12436.0,0,1,1592660.0,130-29 MERRICK BOULEVARD  QUEENS,12494,9,412,TERRAZOLA BUILDERS LLC,40.680519104003906,-73.76228332519531
QUEENS,4270593,2/10/2026,7/24/2025,Q01030099-I1-GC,General Construction,Permit Issued,Q01030099-I1,Alteration CO,No,Yes,Permit Entire,3834.0,2,2,467340.0,173-03 137 AVENUE  QUEENS,12568,9,412,MOD CONSULTANTS LLC,40.673248291015625,-73.76789855957031
Queens,4270875,3/11/2026,3/11/2025,40137451601AL02,AL,Issued,401374516,A1,,Y,PERMIT ISSUED - ENTIRE JOB/WORK,1493.0,1,2,5000.0,137-20 175 STREET  Queens,12580,131,412,OCG ARCHITECTS,40.67264175415039,-73.76603698730469
QUEENS,4271438,5/8/2026,5/8/2025,Q01095789-I1-GC-CX,Structural General Construction Foundation Earth Work,Permit Issued,Q01095789-I1,Alteration CO,Yes,Yes,Permit Entire,2580.5,2,2,250000.0,118-49 FARMERS BOULEVARD  QUEENS,12603,54,412,NEFCO ENTERPRISES INC,40.68893814086914,-73.76165008544922
QUEENS,4271657,12/30/2025,9/29/2025,Q00918607-S1-PL,Plumbing,Signed-off,Q00918607-S1,Alteration CO,Yes,,Permit Entire,2042.0,2,2,15000.0,118-30 194 STREET  QUEENS,12614,19,412,CROWN PLUMBING INC,40.69070816040039,-73.757080078125
QUEENS,4272646,1/8/2026,9/25/2025,Q01257695-I1-GC-CX,Structural General Construction Foundation,Permit Issued,Q01257695-I1,Alteration CO,Yes,,Permit Entire,4877.22021484375,2,2,870956.0,119-44 195 STREET  QUEENS,12650,28,412,RISHON HOMES CORP,40.68912887573242,-73.75511932373047
QUEENS,4276138,7/14/2026,7/14/2025,Q01105823-S1-PL,Plumbing,Permit Issued,Q01105823-S1,Alteration CO,Yes,Yes,Permit Entire,1998.0,1,2,14000.0,120-35 226 STREET  QUEENS,12811,11,413,A. M. PLUMBING COMPANY,40.68756866455078,-73.7376937866211
Queens,4276403,6/8/2026,7/24/2025,42177483201AL03,AL,Issued,421774832,A1,Y,Y,PERMIT ISSUED - ENTIRE JOB/WORK,2876.0,1,2,335691.0,120-17 237 STREET  Queens,12822,20,413,TURNIER ENGINEERING PC,40.68511962890625,-73.72786712646484
QUEENS,4276450,1/6/2026,7/2/2025,Q01059721-I1-GC-CX,General Construction Foundation Earth Work,Permit Issued,Q01059721-I1,Alteration CO,Yes,Yes,Permit Issued,3942.0,1,2,297005.0,221-04 121 AVENUE  QUEENS,12825,68,413,IVR CONSTRUCTION INC,40.68803024291992,-73.7426528930664
Queens,4279640,6/8/2026,8/21/2025,42193564101NB04,NB,Issued,421935641,NB,,,PERMIT ISSUED - ENTIRE JOB/WORK,4113.0,2,3,0.0,131-09 FARMERS BLVD  Queens,12983,26,412,PIROOZ ENGINEERING  P.C.,40.67885971069336,-73.7615966796875
Queens,4279641,6/8/2026,9/22/2025,42193502601NB05,NB,Issued,421935026,NB,,,PERMIT ISSUED - ENTIRE JOB/WORK,4626.0,3,3,0.0,131-07 FARMERS BLVD  Queens,12983,27,412,PIROOZ ENGINEERING  P.C.,40.67890930175781,-73.7615737915039
QUEENS,4279960,12/12/2025,6/25/2025,Q00945554-S2-CC,Curb Cut,Permit Issued,Q00945554-S2,New Building,,,Permit Entire,3259.679931640625,2,2,0.0,218-03 135 AVENUE  QUEENS,13013,10,413,J&J DESIGNS INC,40.67837142944336,-73.75212860107422
QUEENS,4281598,4/29/2026,10/7/2025,Q01226597-S2-PL,Plumbing,Permit Issued,Q01226597-S2,ALT-CO - New Building with Existing Elements to Remain,Yes,,Permit Entire,3768.22998046875,2,2,94500.0,135-21 220 PLACE  QUEENS,13113,12,413,SUPERIOR PLUMBING & HEATI,40.67660140991211,-73.74978637695312
QUEENS,4281643,11/15/2025,11/15/2024,Q00993172-S1-PL,Plumbing,Permit Issued,Q00993172-S1,New Building,,,Permit Entire,3822.0,2,2,0.0,135-18 222 STREET  QUEENS,13115,34,413,SUPERIOR PLUMBING & HEATI,40.6763801574707,-73.74855041503906
Queens,4282098,2/15/2026,6/20/2025,44064760401AL03,AL,Issued,440647604,A1,Y,Y,PERMIT ISSUED - ENTIRE JOB/WORK,3350.0,2,2,250000.0,21914 138TH AVENUE  Queens,13134,17,413,HAMMOND ARCHITECTURE,40.67390060424805,-73.75279235839844
Queens,4283523,6/17/2026,10/17/2025,42087449601NB02,NB,Issued,420874496,NB,,,PERMIT ISSUED - ENTIRE JOB/WORK,220.0,0,1,0.0,139-55 230 PL  Queens,13186,8,413,BUILDING ENGINEERING SYSTEMS LLP,40.66754913330078,-73.74429321289062
QUEENS,4283955,8/21/2026,8/28/2025,Q00597030-Z1-GC-CX,Structural General Construction Foundation Earth Work,Permit Issued,Q00597030-Z1,New Building,,,Permit Entire,2080.0,0,1,0.0,240-10 MERRICK BOULEVARD  QUEENS,13204,104,413,HUNT B CONSTRUCTION INC,40.673248291015625,-73.73345184326172
QUEENS,4284890,3/28/2026,4/21/2025,Q01203732-S2-FN,Construction Fence,Permit Issued,Q01203732-S2,ALT-CO - New Building with Existing Elements to Remain,Yes,Yes,Permit Entire,4066.5,2,2,5000.0,165-17 144 DRIVE  QUEENS,13271,4,413,NCR CONSTRUCTION INC,40.66463851928711,-73.77706909179688
QUEENS,4284982,3/1/2026,3/31/2025,Q01158536-I1-GC,General Construction,Permit Issued,Q01158536-I1,ALT-CO - New Building with Existing Elements to Remain,,,Permit Entire,192.0,1,1,7822.0,14407 168 STREET  QUEENS,13274,145,413,TUFF SHED  INC.,40.66672134399414,-73.77574920654297
QUEENS,4285217,12/7/2025,5/27/2025,Q01185084-I1-GC-CX,General Construction Foundation Earth Work,Permit Issued,Q01185084-I1,Alteration CO,Yes,Yes,Permit Entire,3851.39990234375,2,2,643250.0,145-24 176 STREET  QUEENS,13289,36,413,NY ISLAND BUILDERS INC,40.66415023803711,-73.77210235595703
QUEENS,4285256,4/21/2026,9/30/2025,Q00892472-I1-GC,General Construction,Permit Issued,Q00892472-I1,Alteration CO,Yes,Yes,Permit Entire,2395.0,2,2,162975.0,144-47 177 STREET  QUEENS,13291,52,413,ASJ CONSTRUCTION INC,40.66646957397461,-73.77224731445312
QUEENS,4285965,12/12/2025,2/25/2025,Q01155479-I1-GC-CX,Structural General Construction Foundation,Permit Issued,Q01155479-I1,Alteration CO,Yes,Yes,Permit Entire,3939.0,2,2,405420.0,178-41 146 TERRACE  QUEENS,13353,1,413,J&J DESIGNS INC,40.661338806152344,-73.76634216308594
QUEENS,4286041,2/4/2026,7/29/2025,Q00757547-I1-GC-CX,Structural General Construction Foundation,Permit Issued,Q00757547-I1,Alteration CO,Yes,Yes,Permit Issued,2121.050048828125,2,2,474780.0,146-43 183 STREET  QUEENS,13357,57,413,HAYDEN BROWN CONS CORP,40.661251068115234,-73.76351928710938
QUEENS,4286449,10/29/2025,9/3/2025,Q00932093-S1-PL,Plumbing,Permit Issued,Q00932093-S1,ALT-CO - New Building with Existing Elements to Remain,No,Yes,Permit Entire,3257.68994140625,2,2,65140.0,146-17 229 STREET  QUEENS,13463,36,413,INFINITI ESC PLUMBING COR,40.65946960449219,-73.75177764892578
QUEENS,4287151,11/29/2025,9/11/2025,Q00954108-S1-PL,Plumbing,Permit Issued,Q00954108-S1,Alteration CO,Yes,Yes,Permit Entire,4367.2099609375,2,2,75000.0,144-48 225 STREET  QUEENS,13494,95,413,L&J PLG & HTG CO OF NY IN,40.66361999511719,-73.75399017333984
QUEENS,4287323,5/23/2026,5/23/2025,Q01193784-I1-GC-CX,Structural General Construction Foundation,Permit Issued,Q01193784-I1,Alteration CO,Yes,Yes,Permit Entire,4655.0,2,2,1000205.0,144-19 230 STREET  QUEENS,13500,90,413,26 BONIM LLC,40.66246032714844,-73.74880981445312
Queens,4288795,3/17/2026,3/26/2025,42191019601AL04,AL,Issued,421910196,A1,Y,Y,PERMIT ISSUED - ENTIRE JOB/WORK,2400.0,2,2,200000.0,253-02 MEMPHIS AVENUE  Queens,13585,59,413,KING ARCHITECT  PLLC,40.65985107421875,-73.7332534790039
QUEENS,4288843,1/8/2026,1/28/2025,Q01125932-I1-GC-CX,Structural General Construction Foundation Earth Work,Permit Issued,Q01125932-I1,Alteration CO,Yes,Yes,Permit Entire,3963.5,2,2,562162.0,144-39 256 STREET  QUEENS,13587,9,413,RISHON HOMES CORP,40.65768051147461,-73.73259735107422
QUEENS,4289203,12/6/2025,9/5/2025,Q01192392-I1-GC,General Construction,Permit Issued,Q01192392-I1,Alteration CO,Yes,Yes,Permit Entire,2257.0,2,2,237797.515625,140-35 255 STREET  QUEENS,13605,21,413,MOKEN HOME IMPROVEMENT,40.660118103027344,-73.72940063476562
QUEENS,4289338,10/29/2025,8/26/2025,Q01213137-S2-PL,Plumbing,Permit Issued,Q01213137-S2,ALT-CO - New Building with Existing Elements to Remain,Yes,Yes,Permit Entire,5622.5400390625,2,2,105000.0,247-12 139 AVENUE  QUEENS,13612,27,413,INFINITI ESC PLUMBING COR,40.664188385009766,-73.7322998046875
QUEENS,4289461,3/31/2026,6/3/2025,Q00690122-S2-MS,Mechanical Systems,Permit Issued,Q00690122-S2,New Building,,,Permit Entire,2763.47998046875,2,2,0.0,247-13 139 AVENUE  QUEENS,13621,63,413,BUILDERS-R-US CONSTRUCTIO,40.6644401550293,-73.73182678222656
QUEENS,4289675,6/12/2026,6/12/2025,Q01204479-I1-GC-CX,General Construction Foundation Earth Work,Permit Issued,Q01204479-I1,Alteration CO,Yes,Yes,Permit Entire,3978.360107421875,2,2,902025.0,249-17 147 ROAD  QUEENS,13636,64,413,B36 SERVICES INC,40.65678024291992,-73.738037109375
QUEENS,4291366,12/4/2025,4/24/2025,Q01169463-S2-PL,Plumbing,Permit Issued,Q01169463-S2,ALT-CO - New Building with Existing Elements to Remain,Yes,Yes,Permit Entire,3996.580078125,2,2,60000.0,147-31 230 STREET  QUEENS,13710,49,413,AMC PLBG  HTG & CLNG  INC,40.65700149536133,-73.75232696533203
QUEENS,4292382,1/26/2026,7/22/2025,Q01141461-I1-GC-CX,Mechanical Systems General Construction,Permit Issued,Q01141461-I1,Alteration CO,,Yes,Permit Entire,2000.0,0,2,280000.0,156-23 88 STREET  QUEENS,13953,47,410,MIDDLE VILLAGE CONSTRUCTI,40.662811279296875,-73.84532928466797
QUEENS,4292394,10/23/2025,10/23/2024,Q00932232-S1-PL,Plumbing,Permit Issued,Q00932232-S1,ALT-CO - New Building with Existing Elements to Remain,Yes,Yes,Permit Entire,3000.0,1,2,44000.0,156-30 90 STREET  QUEENS,13954,22,410,WATER WORKS PIPING INC,40.662818908691406,-73.84400939941406
Queens,4292711,10/30/2025,3/12/2025,42148619001AL03,AL,Issued,421486190,A1,,Y,PERMIT ISSUED - ENTIRE JOB/WORK,2254.0,1,2,296000.0,157-41 92 STREET  Queens,13972,96,410,SAL V. TARTAGLIONE ARCHITECT  PC,40.66120147705078,-73.84114837646484
QUEENS,4296365,4/1/2026,10/17/2025,Q01232155-I1-GC,General Construction,Permit Issued,Q01232155-I1,Alteration CO,Yes,Yes,Permit Entire,4687.0,1,3,616928.0,163-29 99 STREET  QUEENS,14242,30,410,IP STATE BUILDER INC,40.652408599853516,-73.8321533203125
QUEENS,4297206,11/10/2025,9/22/2025,Q08036569-S4-EW-SP,Sprinklers,Permit Issued,Q08036569-S4,New Building,,,Permit Entire,6315.0,1,3,0.0,80 WEST   18 ROAD  QUEENS,15323,2,414,ADRIANO PLUMBING & HEATIN,40.600399017333984,-73.82421112060547
Queens,4298300,1/1/2026,1/29/2025,42066726401NB02,NB,Issued,420667264,NB,,,PERMIT ISSUED - ENTIRE JOB/WORK,62414.0,92,9,0.0,19-19 CORNAGA AVE  Queens,15564,40,414,PAUL A. CASTRUCCI ARCHITECTS  PL,40.60203170776367,-73.75224304199219
QUEENS,4298532,2/10/2026,9/3/2025,Q00959096-S1-PL,Plumbing,Permit Issued,Q00959096-S1,ALT-CO - New Building with Existing Elements to Remain,Yes,Yes,Permit Entire,7754.0,1,3,168000.0,6-01 ELVIRA AVENUE  QUEENS,15575,151,414,ALL-BORO REHAB CONST CORP,40.6037712097168,-73.73934173583984
QUEENS,4298556,2/13/2026,5/19/2025,Q01125395-I1-GC-CX,Mechanical Systems Structural General Construction Foundation Earth Work,Permit Issued,Q01125395-I1,ALT-CO - New Building with Existing Elements to Remain,Yes,Yes,Permit Entire,4971.0,1,3,919587.4375,7-39 ELVIRA AVENUE  QUEENS,15578,7,414,CIMA CONTRACTOR INC,40.60245132446289,-73.74102783203125
QUEENS,4298647,12/31/2025,9/18/2025,Q01074028-S1-PL,Plumbing,Permit Issued,Q01074028-S1,ALT-CO - New Building with Existing Elements to Remain,Yes,Yes,Permit Entire,6271.81982421875,1,2,190000.0,806 FRISCO AVENUE  QUEENS,15582,66,414,JOSEPH MOEHLENHOFF P&H IN,40.60091018676758,-73.74398803710938
QUEENS,4298857,12/31/2025,7/15/2025,Q01166978-I1-GC-CX,Structural General Construction,Permit Issued,Q01166978-I1,ALT-CO - New Building with Existing Elements to Remain,Yes,Yes,Permit Entire,5314.0,1,2,945790.0,402 BEACH    9 STREET  QUEENS,15597,141,414,L&L CONSTRUCTION DEVELOP,40.5992317199707,-73.74452209472656
Queens,4301403,1/7/2026,1/6/2025,42163564401AL12,AL,Issued,421635644,A1,Y,,PERMIT ISSUED - ENTIRE JOB/WORK,1717.0,0,4,151096.0,29-38 FAR ROCKAWAY BOULEVARD  Queens,15787,54,414,JOHN W. BAUMGARTEN ARCHITECT PC,40.59865951538086,-73.7647476196289
QUEENS,4301844,11/13/2025,9/11/2025,Q01132661-S1-PL,Plumbing,Permit Issued,Q01132661-S1,New Building,,,Permit Entire,2079.0,2,2,0.0,338 BEACH 46 STREET  QUEENS,15837,19,414,D & G PLUMBING CO. INC,40.594688415527344,-73.77703857421875
Queens,4303366,4/1/2026,7/21/2025,42156351501AL11,AL,Issued,421563515,A1,Y,Y,PERMIT ISSUED - ENTIRE JOB/WORK,1799.0,2,3,390000.0,328 BEACH 87 STREET  Queens,16118,28,414,NORMAN C. LOK  PE  MBA,40.58946990966797,-73.8121337890625
QUEENS,4304087,1/8/2026,10/20/2025,Q01251586-S1-PMM,Protection and Mechanical Methods,Permit Issued,Q01251586-S1,Full Demolition,,,Permit Entire,1900.0,0,0,5000.0,116-11 BEACH CHANNEL DRIVE  QUEENS,16198,1,414,RUSSO DEVELOPMENT ENTERP,40.58150863647461,-73.83881378173828
QUEENS,4304771,12/1/2025,5/21/2025,Q00971742-I1-GC,General Construction,Permit Issued,Q00971742-I1,ALT-CO - New Building with Existing Elements to Remain,Yes,,Permit Entire,3592.0,1,2,538800.0,129-03 NEWPORT AVENUE  QUEENS,16225,8,414,SAND-BAR CONTRACTORS INC,40.57754135131836,-73.84912109375
QUEENS,4304878,2/18/2026,1/17/2025,Q00714437-S8-SE,Support of Excavation,Permit Issued,Q00714437-S8,New Building,,,Permit Entire,46745.0,46,8,50000.0,130 BEACH 120 STREET  QUEENS,16229,48,414,GV IMPERIAL CONSTGROUP IN,40.576900482177734,-73.83930206298828
Queens,4305251,11/13/2025,11/13/2024,42065290201AL08,AL,Issued,420652902,A1,Y,Y,PERMIT ISSUED - ENTIRE JOB/WORK,0.0,2,2,260000.0,121 BEACH 129TH STREET  Queens,16239,56,414,SULLIVAN DESIGN GROUP LLC,40.5738410949707,-73.84718322753906
QUEENS,4305791,3/1/2026,6/23/2025,Q01012621-I1-GC,General Construction,Permit Issued,Q01012621-I1,ALT-CO - New Building with Existing Elements to Remain,,Yes,Permit Entire,4512.0,1,2,421050.0,416 BEACH  141 STREET  QUEENS,16263,49,414,INS DYNAMICS INC,40.575050354003906,-73.85899353027344
Queens,4306637,11/3/2025,8/18/2025,42160529401AL11,AL,Issued,421605294,A1,Y,Y,PERMIT ISSUED - ENTIRE JOB/WORK,3000.0,1,2,483000.0,255 BEACH 141 STREET  Queens,16298,24,414,GEOGRE TURNER,40.57344055175781,-73.85865020751953
Queens,4309846,3/21/2026,9/10/2025,41023227001AL19,AL,Issued,410232270,A1,Y,,PERMIT ISSUED - ENTIRE JOB/WORK,0.0,0,2,955000.0,45-52 KISSENA BLVD  Queens,5147,39,407,PARAB ASSOCIATES,40.75086975097656,-73.81979370117188
QUEENS,4311869,1/1/2026,9/17/2025,Q01193013-S1-FN,Construction Fence,Permit Issued,Q01193013-S1,Full Demolition,,,Permit Entire,9700.0,0,0,7000.0,46-34 11 STREET  QUEENS,47,25,402,CELTIC SERVICES NYC INC,40.745548248291016,-73.95098114013672
Queens,4312192,8/20/2026,8/13/2025,42066512201AL06,AL,Issued,420665122,A1,Y,Y,PERMIT ISSUED - ENTIRE JOB/WORK,44814.0,0,5,773000.0,41-28 MAIN STREET  Queens,5042,35,407,MIELE ASSOCIATES LLP,40.75720977783203,-73.82939147949219
Queens,4430171,6/29/2026,8/29/2025,42113413201NB03,NB,Issued,421134132,NB,,,PERMIT ISSUED - ENTIRE JOB/WORK,176785.0,185,7,0.0,50-25 BARNETT AVENUE  Queens,119,143,402,MHG ARCHITECTS  P.C.,40.75032043457031,-73.91240692138672
QUEENS,4430899,6/26/2026,7/10/2025,Q08026003-S2-MS,Mechanical Systems,Permit Issued,Q08026003-S2,ALT-CO - New Building with Existing Elements to Remain,Yes,Yes,Permit Entire,525.0,1,2,18800.0,27-10 27 STREET  QUEENS,574,7502,401,STRUCTURELINE INC,40.76974105834961,-73.9232177734375
QUEENS,4433284,8/27/2026,9/29/2025,Q01025616-S1-FN,Construction Fence,Permit Issued,Q01025616-S1,ALT-CO - New Building with Existing Elements to Remain,,,Permit Entire,1299.9599609375,1,2,7000.0,126-13 22 AVENUE  QUEENS,4171,39,407,EXPERT PAINTING INC,40.78028869628906,-73.84175109863281
QUEENS,4433462,8/7/2026,8/20/2025,Q01030612-I1-FD,Full Demolition,Permit Issued,Q01030612-I1,Full Demolition,,,Permit Entire,2026.0,0,0,35000.0,62-55 60 ROAD  QUEENS,2757,60,405,OAK & STONE DEMOLITION,40.71706008911133,-73.90022277832031
Queens,4435522,12/12/2025,8/19/2025,44062087401NB08,NB,Issued,440620874,NB,,,PERMIT ISSUED - ENTIRE JOB/WORK,85207.0,59,8,0.0,46-06 11 STREET  Queens,48,25,402,RAYMOND CHAN ARCHITECT  P. C.,40.74626922607422,-73.9507827758789
QUEENS,4437709,8/1/2026,8/1/2025,Q00701894-S6-ST,Structural,Permit Issued,Q00701894-S6,New Building,,,Permit Entire,5689.259765625,6,4,1000.0,18-11 MENAHAN STREET  QUEENS,3435,55,405,B36 SERVICES INC,40.704978942871094,-73.91059112548828
Queens,4438080,4/1/2026,3/27/2025,42113344601NB02,NB,Issued,421133446,NB,,,PERMIT ISSUED - ENTIRE JOB/WORK,15569.0,0,2,0.0,27-40 170TH STREET  Queens,4926,14,407,N2 DESIGN+ARCHITECTURE PC,40.77162170410156,-73.7953872680664
Queens,4438110,4/9/2026,4/9/2025,42176799301NB02,NB,Issued,421767993,NB,,,PERMIT ISSUED - ENTIRE JOB/WORK,154947.0,0,14,0.0,37-16 UNION STREET  Queens,4978,46,407,RAYMOND CHAN ARCHITECT  P. C.,40.76177978515625,-73.82756042480469
Queens,4438166,5/15/2026,10/9/2025,42033037801NB16,NB,Issued,420330378,NB,,,PERMIT ISSUED - ENTIRE JOB/WORK,21500.0,0,3,0.0,143-07 45 AVENUE  Queens,5195,69,407,LIN & ASSOCIATES ARCHITECTS PC,40.75419998168945,-73.81828308105469
QUEENS,4438208,1/2/2026,1/31/2025,Q51369545-S1-PL,Plumbing,Signed-off,Q00934542-S1,Alteration CO,No,Yes,Permit Entire,8002.0,0,2,22000.0,147-54 ASH AVENUE  QUEENS,5378,26,407,CASE PLUMBING LLC,40.759159088134766,-73.81498718261719
Queens,4438312,6/26/2026,7/7/2025,42147090001AL11,AL,Issued,421470900,A1,Y,,PERMIT ISSUED - ENTIRE JOB/WORK,255378.0,0,3,550000.0,61-00 FRANCIS LEWIS BLVD  Queens,7128,2,408,GRAFF AND LEWENT,40.74229049682617,-73.77642059326172
Queens,4438464,11/10/2025,12/9/2024,42175503201NB03,NB,Issued,421755032,NB,,,PERMIT ISSUED - ENTIRE JOB/WORK,3750.0,2,2,0.0,97-04 99 AVENUE  Queens,9073,26,409,FANG ARCHITECT,40.685508728027344,-73.84432220458984
QUEENS,4439038,12/2/2025,12/2/2024,Q01078424-S5-SE,Support of Excavation,Permit Issued,Q01078424-S5,ALT-CO - New Building with Existing Elements to Remain,Yes,Yes,Permit Entire,218495.796875,186,22,1000.0,45-40 VERNON BOULEVARD  QUEENS,26,4,402,ZDJ CONSTRUCTION INC,40.747398376464844,-73.95307922363281
Queens,4439682,3/31/2026,7/29/2025,42066745101NB03,NB,Issued,420667451,NB,,,PERMIT ISSUED - ENTIRE JOB/WORK,13771.0,0,2,0.0,43-50 MAIN STREET  Queens,5107,200,407,BKSK ARCHITECTS  LLP,40.75025177001953,-73.82972717285156
QUEENS,4441727,11/28/2025,10/1/2025,Q00763375-Z4-ST,Structural,Permit Issued,Q00763375-Z4,New Building,,,Permit Entire,682459.0,0,6,0.0,28-90 REVIEW AVENUE  QUEENS,294,106,402,TITAN INDUSTRIAL SVC CORP,40.73807907104492,-73.94243621826172
Queens,4442634,6/29/2026,10/17/2025,40146677501NB24,NB,Issued,401466775,NB,,,PERMIT ISSUED - ENTIRE JOB/WORK,6868.0,7,4,0.0,30-86 14 STREET  Queens,517,5,401,HAWA ENGINEERING PC,40.768890380859375,-73.93186950683594
QUEENS,4442862,1/1/2026,8/29/2025,Q01089191-I1-GC-CX,Structural General Construction Foundation,Permit Issued,Q01089191-I1,New Building,,,Permit Entire,35149.0,0,3,0.0,80-01 METROPOLITAN AVENUE  QUEENS,3071,1,405,MULLEN CONSTRUCTION CO IN,40.71574020385742,-73.8663101196289
Queens,4446392,2/1/2026,5/6/2025,42066284801AL13,AL,Issued,420662848,A1,,Y,PERMIT ISSUED - PARTIAL JOB,8576.0,0,2,270000.0,98-11 211 STREET  Queens,10836,41,413,STAVROS I MALLIAROS PE PC,40.714820861816406,-73.74877166748047
Queens,4447892,11/9/2025,7/1/2025,42066543501AL14,AL,Issued,420665435,A1,Y,,PERMIT ISSUED - ENTIRE JOB/WORK,89563.0,0,7,8529000.0,100-17 23 AVENUE  Queens,1632,20,403,ZYSCOVICH  ARCHITECTS,40.769161224365234,-73.8702392578125
QUEENS,4448749,2/12/2026,6/26/2025,Q01136379-I1-GC-CX,Structural General Construction,Permit Issued,Q01136379-I1,Alteration CO,,Yes,Permit Entire,5646.02001953125,5,3,618975.0,135-02 LIBERTY AVENUE  QUEENS,9589,1,410,YAFE MEOD CORP,40.69142150878906,-73.8115005493164
Queens,4448803,2/1/2026,4/28/2025,42109576301AL13,AL,Issued,421095763,A1,Y,Y,PERMIT ISSUED - ENTIRE JOB/WORK,0.0,20,7,775445.0,175-31 JAMAICA AVENUE  Queens,9811,1,412,WINNING EXPEDITING SERVICE  INC.,40.708229064941406,-73.78462219238281
Queens,4448968,4/1/2026,4/9/2025,42189959201NB04,NB,Issued,421899592,NB,,,PERMIT ISSUED - ENTIRE JOB/WORK,43894.0,0,4,0.0,9 POWER ROAD  Queens,15313,485,414,PURCELL ARCHITECTS  P.C,40.60647964477539,-73.82096099853516
Queens,4453546,11/15/2025,4/8/2025,42117195701NB08,NB,Issued,421171957,NB,,,PERMIT ISSUED - ENTIRE JOB/WORK,7265.0,4,4,0.0,95-12 86 STREET  Queens,9021,11,409,BCD CONSULTANT,40.684478759765625,-73.85511779785156
QUEENS,4456989,11/24/2025,2/4/2025,Q01118017-S2-PL,Plumbing,Permit Issued,Q01118017-S2,Alteration CO,,Yes,Permit Entire,2693.699951171875,2,3,12000.0,255-28 75 AVENUE  QUEENS,8513,20,413,ALL PRO PLBG & HTG INC,40.7469596862793,-73.71568298339844
Queens,4457637,7/1/2026,7/1/2025,40229272801AL02,AL,Issued,402292728,A1,Y,,PERMIT ISSUED - ENTIRE JOB/WORK,3017.0,2,2,35000.0,188-05 LIBERTY AVENUE  Queens,10376,3,412,SION CONSULTING ENGINEERING PC,40.70404052734375,-73.76828002929688
QUEENS,4458723,1/8/2026,8/1/2025,Q01189326-I1-GC-CX,Structural General Construction,Permit Issued,Q01189326-I1,Alteration CO,Yes,,Permit Entire,4078.679931640625,2,2,623915.0,131-10 142 STREET  QUEENS,12076,113,412,RISHON HOMES CORP,40.670101165771484,-73.79837799072266
QUEENS,4464187,12/28/2025,9/4/2025,Q00964452-S1-PL,Plumbing,Permit Issued,Q00964452-S1,New Building,,,Permit Entire,3163.0,1,2,0.0,338 HILLSIDE AVENUE  QUEENS,16340,50,414,JOSEPH O'GRADY P & H INC,40.56647872924805,-73.89112854003906
QUEENS,4464397,12/1/2025,9/10/2025,Q01158758-I1-GC-CX,Mechanical Systems Structural General Construction Foundation Earth Work,Permit Issued,Q01158758-I1,New Building,,,Permit Entire,1728.0,1,3,0.0,152 ROXBURY AVENUE  QUEENS,16340,50,414,SAND-BAR CONTRACTORS INC,40.56647872924805,-73.89112854003906
QUEENS,4464836,11/20/2025,11/20/2024,Q08005500-I1-GC,General Construction,Permit Issued,Q08005500-I1,Alteration CO,,Yes,Permit Entire,2698.0,1,2,350000.0,216-20 12 AVENUE  QUEENS,16350,300,414,MALBRO CONST SERVICES INC,40.56166076660156,-73.91818237304688
QUEENS,4464968,12/28/2025,2/7/2025,Q00960708-S1-PL,Plumbing,Permit Issued,Q00960708-S1,Alteration CO,,Yes,Permit Entire,3359.5400390625,1,2,18500.0,216-04 ROCKAWAY POINT BOULEVARD  QUEENS,16350,300,414,JOSEPH O'GRADY P & H INC,40.56166076660156,-73.91818237304688
QUEENS,4465547,12/31/2025,10/6/2025,Q01179241-I1-FD,Full Demolition,Permit Issued,Q01179241-I1,Full Demolition,,,Permit Entire,915.0,0,0,20000.0,9 QUEENS WALK  QUEENS,16350,400,414,SIMPLY STRONG CONSTRUCT,40.556880950927734,-73.92073059082031
QUEENS,4467220,12/17/2025,10/17/2025,Q01179240-I1-FD,Full Demolition,Permit Issued,Q01179240-I1,Full Demolition,,,Permit Entire,1300.0,0,0,20000.0,18 BEACH  221 STREET  QUEENS,16350,400,414,MALBRO CONST SERVICES INC,40.556880950927734,-73.92073059082031
QUEENS,4467308,12/1/2025,1/6/2025,Q00974801-I1-GC-CX,Structural General Construction Foundation Earth Work,Permit Issued,Q00974801-I1,New Building,,,Permit Issued,2373.0,1,2,250000.0,5 BEACH  220 STREET  QUEENS,16350,400,414,SAND-BAR CONTRACTORS INC,40.556880950927734,-73.92073059082031
QUEENS,4469205,2/11/2026,9/29/2025,Q01217411-I1-FD,Full Demolition,Permit Issued,Q01217411-I1,Full Demolition,,,Permit Entire,441.0,0,0,5000.0,24-24 GAR 82 STREET  QUEENS,1045,15,403,JMU MANAGEMENT CORP,40.764198303222656,-73.8872299194336
QUEENS,4483779,2/24/2026,8/21/2025,Q01055595-I1-GC,General Construction,Permit Issued,Q01055595-I1,New Building,,,Permit Entire,300.0,0,1,0.0,56-16 GAR 142 STREET  QUEENS,5168,40,407,STREAM ROCK CONTSRUCTION*,40.74715042114258,-73.82359313964844
QUEENS,4483947,3/18/2026,9/22/2025,Q01149939-I1-GC-CX,General Construction Foundation Earth Work,Permit Issued,Q01149939-I1,New Building,,,Permit Entire,300.0,0,1,0.0,144-04 GAR HOLLY AVENUE  QUEENS,5212,1,407,THC CONSTRUCTION INC,40.75260925292969,-73.81561279296875
QUEENS,4484734,12/31/2025,2/18/2025,Q01088783-I1-FD,Full Demolition,Permit Issued,Q01088783-I1,Full Demolition,,,Permit Entire,410.0,0,0,20000.0,168-07GAR NORTHERN BOULEVARD  QUEENS,5345,1,407,COLUMBIA EAST CONSTRUCTIO,40.75912094116211,-73.79788208007812
QUEENS,4487421,2/24/2026,9/11/2025,Q01259943-I1-FD,Full Demolition,Permit Issued,Q01259943-I1,Full Demolition,,,Permit Entire,428.1300048828125,0,0,15000.0,23-15 GAR 207 STREET  QUEENS,5807,5,407,STREAM ROCK CONTSRUCTION*,40.777828216552734,-73.78630065917969
QUEENS,4488255,12/31/2025,10/9/2025,Q01251339-I1-FD,Full Demolition,Permit Issued,Q01251339-I1,Full Demolition,,,Permit Entire,336.0,0,0,10000.0,215-19 GAR 38 AVENUE  QUEENS,6182,29,411,L&L CONSTRUCTION DEVELOP,40.76742935180664,-73.76875305175781
QUEENS,4490693,4/24/2026,6/10/2025,Q01208548-I1-FD,Full Demolition,Permit Issued,Q01208548-I1,Full Demolition,,,Permit Entire,400.0,0,0,10000.0,82-24GAR KENT STREET  QUEENS,7243,20,408,FSGC CORP,40.723079681396484,-73.78385162353516
QUEENS,4491667,4/5/2026,8/19/2025,Q00974786-I1-FD,Full Demolition,Permit Issued,Q00974786-I1,Full Demolition,,,Permit Entire,400.0,0,0,5000.0,85-51 GAR 211 STREET  QUEENS,7815,47,411,SB RENOVATION & MODELING,40.72829818725586,-73.75711059570312
Queens,4493627,3/5/2026,4/7/2025,42105889301NB01,NB,Issued,421058893,NB,,,PERMIT ISSUED - ENTIRE JOB/WORK,271.0,1,2,0.0,82-36GAR 266 STREET  Queens,8759,158,413,BCD CONSULTANT,40.741310119628906,-73.70417022705078
QUEENS,4503069,1/29/2026,8/27/2025,Q00661371-I1-GC,General Construction,Permit Issued,Q00661371-I1,ALT-CO - New Building with Existing Elements to Remain,,,Permit Entire,280.0,0,1,27800.0,91-04GAR 215 STREET  QUEENS,10639,23,413,JIT CONSTR COMPANY CORP,40.72220993041992,-73.74549102783203
QUEENS,4510400,11/29/2025,11/29/2024,Q00997788-I1-GC-CX,Structural General Construction,Permit Issued,Q00997788-I1,New Building,,,Permit Entire,300.0,0,1,0.0,155-17 GAR 134 AVENUE  QUEENS,12280,34,412,J&J DESIGNS INC,40.67136001586914,-73.7809066772461
Queens,4518258,12/1/2025,6/30/2025,42066521101NB09,NB,Issued,420665211,NB,,,PERMIT ISSUED - ENTIRE JOB/WORK,66306.0,0,2,0.0,244-04 NORTH CONDUIT AVENUE  Queens,13265,30,413,DATTNER ARCHITECTS,40.666290283203125,-73.7341537475586
QUEENS,4520786,1/8/2026,6/26/2025,Q01191578-I1-FD,Full Demolition,Permit Issued,Q01191578-I1,Full Demolition,,,Permit Entire,300.0,0,0,6000.0,110-30GAR 69 ROAD  QUEENS,2230,20,406,RISHON HOMES CORP,40.72509002685547,-73.84172058105469
QUEENS,4522268,3/18/2026,10/1/2025,Q00816563-I1-GC-CX,General Construction Foundation Earth Work,Permit Issued,Q00816563-I1,New Building,,,Permit Entire,340.0,0,1,15000.0,117-18 GAR 14 AVENUE  QUEENS,4052,16,407,THC CONSTRUCTION INC,40.78583908081055,-73.85016632080078
QUEENS,4525536,3/13/2026,8/25/2025,Q01152357-I1-FD,Full Demolition,Permit Issued,Q01152357-I1,Full Demolition,,,Permit Entire,500.0,0,0,46500.0,107-21REAR 111 STREET  QUEENS,9549,71,410,MARK CONTRACTING NY INC,40.68190002441406,-73.82940673828125
Queens,4538960,11/9/2025,12/3/2024,40265033201NB03,NB,Issued,402650332,NB,,,PERMIT ISSUED - ENTIRE JOB/WORK,2400.0,2,2,0.0,137-08 218 STREET  Queens,13030,66,413,LEON  NATION PE,40.67578887939453,-73.7537612915039
Queens,4539003,6/4/2026,8/22/2025,40200712701NB05,NB,Issued,402007127,NB,,,PERMIT ISSUED - ENTIRE JOB/WORK,4160.0,3,3,0.0,107-31 155 STREET  Queens,10134,10,412,ZHENG & ASSOCIATES LLC,40.69498062133789,-73.79747772216797
Queens,4539005,6/4/2026,8/22/2025,40200714501NB05,NB,Issued,402007145,NB,,,PERMIT ISSUED - ENTIRE JOB/WORK,4160.0,3,3,0.0,107-29 155 STREET  Queens,10134,11,412,ZHENG & ASSOCIATES LLC,40.695030212402344,-73.79752349853516
Queens,4539008,11/26/2025,8/22/2025,40200722501NB05,NB,Issued,402007225,NB,,,PERMIT ISSUED - ENTIRE JOB/WORK,4160.0,3,3,0.0,107-27 155 STREET  Queens,10134,12,412,ZHENG & ASSOCIATES LLC,40.6950798034668,-73.79754638671875
Queens,4539183,3/18/2026,10/17/2025,42066254401NB05,NB,Issued,420662544,NB,,,PERMIT ISSUED - ENTIRE JOB/WORK,4006.0,2,4,0.0,32-17 112 ST  Queens,1706,47,403,SIR JAMES ROBINSON  RA,40.75904083251953,-73.85775756835938
Queens,4539211,6/4/2026,6/12/2025,40200713601NB06,NB,Issued,402007136,NB,,,PERMIT ISSUED - ENTIRE JOB/WORK,4160.0,3,3,0.0,107-25 155 STREET  Queens,10134,9,412,ZHENG & ASSOCIATES LLC,40.69493103027344,-73.79744720458984
Queens,4539358,10/18/2026,10/14/2025,42030053301NB20,NB,Issued,420300533,NB,,,PERMIT ISSUED - ENTIRE JOB/WORK,31903.0,25,7,0.0,86-50 DONGAN AVENUE  Queens,1581,27,404,LU NING ARCHITECTURE PLLC,40.7411994934082,-73.8778305053711
Queens,4540190,2/19/2026,2/19/2025,40103418001AL09,AL,Issued,401034180,A1,Y,Y,PERMIT ISSUED - ENTIRE JOB/WORK,0.0,0,4,2125000.0,30-50 WHITESTONE EXPRESSWAY SR WEST  Queens,4363,100,407,P. GEORGOPOULOS ARCH,40.77083969116211,-73.83677673339844
Queens,4541570,5/22/2026,7/18/2025,42119122101NB05,NB,Issued,421191221,NB,,,PERMIT ISSUED - ENTIRE JOB/WORK,3498.0,2,2,0.0,87-72 172 STREET  Queens,9827,37,412,FRANK PETRUSO ARCHITECT P.C.,40.71120834350586,-73.79020690917969
Queens,4541667,12/13/2025,2/25/2025,41005320301NB25,NB,Issued,410053203,NB,,,PERMIT ISSUED - ENTIRE JOB/WORK,38268.0,0,6,0.0,24-14 37 AVENUE  Queens,367,23,401,MICHAEL KARANTINIDIS P.E.,40.756961822509766,-73.93505096435547
Queens,4542472,4/3/2026,6/2/2025,42078322701NB07,NB,Issued,420783227,NB,,,PERMIT ISSUED - ENTIRE JOB/WORK,3888.0,1,4,0.0,706 JARVIS AVENUE  Queens,15600,275,414,A.NG&A.NG  ARCHITECTS STUDIO  PC,40.597808837890625,-73.7425765991211
Queens,4542473,5/22/2026,8/20/2025,42078328101NB07,NB,Issued,420783281,NB,,,PERMIT ISSUED - ENTIRE JOB/WORK,3888.0,1,4,0.0,704 JARVIS AVENUE  Queens,15600,250,414,A.NG&A.NG  ARCHITECTS STUDIO  PC,40.59783172607422,-73.74230194091797
Queens,4542635,9/17/2026,9/17/2025,42194226901NB06,NB,Issued,421942269,NB,,,PERMIT ISSUED - ENTIRE JOB/WORK,3291.0,2,3,0.0,145-18 106 AVENUE  Queens,10048,7,412,TABRIZ GROUP DESIGN,40.692378997802734,-73.80570220947266
Queens,4543409,3/27/2026,7/23/2025,42047784301NB05,NB,Issued,420477843,NB,,,PERMIT ISSUED - ENTIRE JOB/WORK,3223.0,2,2,0.0,150-12 19TH. AVENUE  Queens,4688,48,407,MAYERS ARCHITECT  P.C.,40.7817497253418,-73.81360626220703
QUEENS,4543821,12/4/2025,2/10/2025,Q00753208-I1-GC-CX,General Construction Foundation Earth Work,Permit Issued,Q00753208-I1,New Building,,,Permit Entire,390.0,0,1,12000.0,69-46 GAR 52 AVENUE  QUEENS,2479,30,405,CS RENOVATION INC,40.73337936401367,-73.89421844482422
Queens,4545475,8/30/2026,9/12/2025,42034880401NB18,NB,Issued,420348804,NB,,,PERMIT ISSUED - ENTIRE JOB/WORK,23283.0,0,3,0.0,77-11 MAIN STREET  Queens,6668,53,408,BANJI AWOSIKA ARCHITECT P.C.,40.72114181518555,-73.81854248046875
QUEENS,4547863,3/3/2026,8/15/2025,Q01092535-I1-FD,Full Demolition,Permit Issued,Q01092535-I1,Full Demolition,,,Permit Entire,389.0,0,0,2000.0,21-34 GAR 71 STREET  QUEENS,966,13,401,L J & A CONSTRUCTION CORP,40.768959045410156,-73.89845275878906
Queens,4548387,6/8/2026,8/25/2025,40039974201AL05,AL,Issued,400399742,A1,Y,Y,PERMIT ISSUED - ENTIRE JOB/WORK,13983.0,1,2,20000.0,80-01 METROPOLITAN AVENUE  Queens,3071,1,405,JCM ARCHITECTURE  R.A. AIA,40.71574020385742,-73.86630249023438
Queens,4555034,7/7/2026,8/5/2025,42081167901NB22,NB,Issued,420811679,NB,,,PERMIT ISSUED - ENTIRE JOB/WORK,19950.0,0,3,0.0,104-14 127TH STREET  Queens,9580,9,410,JAMIL COPPIN ARCHITECT  PC,40.688289642333984,-73.8179702758789
Queens,4555664,12/4/2025,5/19/2025,42167762501NB08,NB,Issued,421677625,NB,,,PERMIT ISSUED - ENTIRE JOB/WORK,2791.0,2,2,0.0,73-21 68 AVENUE  Queens,3772,47,405,STACOM CONSULTANTS,40.71078109741211,-73.87834167480469
Queens,4565474,2/12/2026,9/22/2025,40158435301NB05,NB,Issued,401584353,NB,,,PERMIT ISSUED - ENTIRE JOB/WORK,280.0,0,1,0.0,92-31 221 STREET  Queens,10708,20,413,COOMBS&ASSOCIATES,40.724910736083984,-73.73664855957031
QUEENS,4567492,2/2/2026,9/17/2025,Q00482280-I1-GC,General Construction,Permit Issued,Q00482280-I1,New Building,,,Permit Entire,222.0,0,1,10000.0,241-02GAR 85 ROAD  QUEENS,7963,36,413,KO-AM LLC,40.73247146606445,-73.72515106201172
Queens,4568982,1/12/2026,10/17/2025,40176228601NB04,NB,Issued,401762286,NB,,,PERMIT ISSUED - ENTIRE JOB/WORK,4416.0,1,2,0.0,48-51 OCEANIA STREET  Queens,7368,49,411,TABRIZ GROUP DESIGN,40.7530403137207,-73.77084350585938
Queens,4570298,12/31/2025,6/12/2025,42081244601NB12,NB,Issued,420812446,NB,,,PERMIT ISSUED - ENTIRE JOB/WORK,232807.0,142,7,0.0,51-35 REEDER ST  Queens,1549,41,404,TAN ARCHITECT PC,40.737388610839844,-73.87786102294922
QUEENS,4573684,11/6/2025,11/6/2024,Q08023610-S4-SE,Support of Excavation,Permit Issued,Q08023610-S4,New Building,,,Permit Entire,3900.0,2,2,0.0,116-39 NEWBURG STREET  QUEENS,10382,3,412,J&J DESIGNS INC,40.69295883178711,-73.76487731933594
Queens,4589961,12/4/2025,12/11/2024,40161966401NB20,NB,Issued,401619664,NB,,,PERMIT ISSUED - ENTIRE JOB/WORK,50263.0,0,2,0.0,216-56 28 AVENUE  Queens,6019,108,411,KENNY LEE ARCHITECT,40.77851867675781,-73.76927185058594
QUEENS,4592825,1/1/2026,9/18/2025,Q00826349-I1-GC,General Construction,Permit Issued,Q00826349-I1,New Building,,,Permit Entire,8900.830078125,0,1,912500.0,137-81 THURSTON STREET  QUEENS,13024,5,412,A.N.C. CONTRACTING CO. IN,40.67287063598633,-73.75946807861328
QUEENS,4593411,2/3/2026,5/16/2025,Q01140233-S1-PL,Plumbing,Permit Issued,Q01140233-S1,New Building,,,Permit Entire,200.0,0,1,0.0,130-60 GAR VAN WYCK EXPRESSWAY SR WEST  QUEENS,11781,302,410,WATSON'S PLBG  HTG  & BDG,40.66952133178711,-73.802001953125
QUEENS,4595042,3/18/2026,5/13/2025,Q08034322-S6-ST,Structural,Permit Issued,Q08034322-S6,New Building,,,Permit Entire,4983.10009765625,7,4,30000.0,43-09 108 STREET  QUEENS,1999,69,404,THC CONSTRUCTION INC,40.74848175048828,-73.85726165771484
Queens,4597325,4/10/2026,8/27/2025,42104946701NB03,NB,Issued,421049467,NB,,,PERMIT ISSUED - ENTIRE JOB/WORK,100.0,0,1,0.0,3-17GAR 125 STREET  Queens,3922,116,407,GERALD J. CALIENDO ARCHITECTS,40.79336929321289,-73.84229278564453
Queens,4597332,4/10/2026,8/27/2025,42104837901NB03,NB,Issued,421048379,NB,,,PERMIT ISSUED - ENTIRE JOB/WORK,100.0,0,1,0.0,3-13 125 STREET  Queens,3922,17,407,GERALD J. CALIENDO ARCHITECTS,40.79351043701172,-73.84227752685547
QUEENS,4597654,3/13/2026,9/23/2025,Q01006700-I1-ST,Structural,Permit Issued,Q01006700-I1,New Building,,,Permit Entire,300.0,2,1,0.0,85-31 GAR 239 STREET  QUEENS,7958,14,413,MARK CONTRACTING NY INC,40.73258972167969,-73.7260971069336
Queens,4607302,12/13/2025,12/19/2024,42066678201NB03,NB,Issued,420666782,NB,,,PERMIT ISSUED - ENTIRE JOB/WORK,15021.0,14,5,0.0,110-12 101 AVENUE  Queens,9428,5,409,AP PROFESSIONAL ENGINEERING PLLC,40.687721252441406,-73.83293914794922
Queens,4607303,12/21/2025,9/12/2025,42123408801NB04,NB,Issued,421234088,NB,,,PERMIT ISSUED - ENTIRE JOB/WORK,2960.0,3,3,0.0,139-12 ATLANTIC AVE  Queens,10006,5,412,JLS DESIGNS,40.696990966796875,-73.8100814819336
Queens,4607304,12/21/2025,9/12/2025,42123407901NB04,NB,Issued,421234079,NB,,,PERMIT ISSUED - ENTIRE JOB/WORK,3016.0,3,3,0.0,139-16 ATLANTIC AVE  Queens,10006,7,412,JLS DESIGNS,40.69704055786133,-73.80995178222656
Queens,4607306,12/21/2025,6/30/2025,42122979901NB05,NB,Issued,421229799,NB,,,PERMIT ISSUED - ENTIRE JOB/WORK,3016.0,3,3,0.0,139-22 ATLANTIC AVE  Queens,10006,9,412,JLS DESIGNS,40.697078704833984,-73.80982971191406
Queens,4607369,1/21/2026,6/20/2025,42125826701NB07,NB,Issued,421258267,NB,,,PERMIT ISSUED - ENTIRE JOB/WORK,5178.0,3,4,0.0,85-12 57 AVENUE  Queens,2882,2,404,TAN ARCHITECT PC,40.73168182373047,-73.87699127197266
Queens,4607370,1/21/2026,6/20/2025,42125827601NB07,NB,Issued,421258276,NB,,,PERMIT ISSUED - ENTIRE JOB/WORK,5183.0,3,4,0.0,85-14 57 AVENUE  Queens,2882,102,404,TAN ARCHITECT PC,40.731719970703125,-73.87693786621094
Queens,4607371,1/21/2026,6/20/2025,42125828501NB07,NB,Issued,421258285,NB,,,PERMIT ISSUED - ENTIRE JOB/WORK,5183.0,3,4,0.0,85-16 57 AVENUE  Queens,2882,3,404,TAN ARCHITECT PC,40.73175811767578,-73.87687683105469
Queens,4607372,1/21/2026,6/20/2025,42125829401NB07,NB,Issued,421258294,NB,,,PERMIT ISSUED - ENTIRE JOB/WORK,5183.0,3,4,0.0,85-18 57 AVENUE  Queens,2882,103,404,TAN ARCHITECT PC,40.7318000793457,-73.87683868408203
Queens,4607373,1/21/2026,6/20/2025,42125821201NB07,NB,Issued,421258212,NB,,,PERMIT ISSUED - ENTIRE JOB/WORK,5162.0,3,4,0.0,84-77 57 ROAD  Queens,2882,20,404,TAN ARCHITECT PC,40.73163986206055,-73.87653350830078
Queens,4607556,3/30/2026,9/18/2025,42137353301NB08,NB,Issued,421373533,NB,,,PERMIT ISSUED - ENTIRE JOB/WORK,7567.0,1,2,0.0,144-46 BOULEVARD  Queens,4440,23,407,INSIGHT STUDIO ARCHITECTURE PC,40.7923583984375,-73.82525634765625
Queens,4607679,2/12/2026,2/25/2025,42133863501NB10,NB,Issued,421338635,NB,,,PERMIT ISSUED - ENTIRE JOB/WORK,5920.0,1,3,0.0,182-26 GRAND CENTRAL PKWY  Queens,9953,11,408,GERALD J CALIENDO  R.A.  A.I.A,40.719520568847656,-73.78170013427734
Queens,4607754,12/3/2025,9/25/2025,42065245801NB15,NB,Issued,420652458,NB,,,PERMIT ISSUED - ENTIRE JOB/WORK,3630.0,2,3,0.0,1602 CHANNEL ROAD  Queens,15480,51,414,AVID DESIGNS  INC,40.60150146484375,-73.81871795654297
Queens,4607880,2/5/2026,2/5/2025,42132774501NB05,NB,Issued,421327745,NB,,,PERMIT ISSUED - ENTIRE JOB/WORK,7416.0,0,1,0.0,122-06 MERRICK BOULEVARD  Queens,12516,45,412,CHERICO KING ARCHITECT  PC,40.68333053588867,-73.76957702636719
Queens,4611263,6/8/2026,6/16/2025,40140187101NB05,NB,Issued,401401871,NB,,,PERMIT ISSUED - ENTIRE JOB/WORK,2925.0,2,2,0.0,117-36 166 STREET  Queens,12356,36,412,SION ASSOCIATES INC,40.684181213378906,-73.78024291992188
Queens,4611273,6/8/2026,6/16/2025,40140186201NB04,NB,Issued,401401862,NB,,,PERMIT ISSUED - ENTIRE JOB/WORK,2925.0,2,2,0.0,117-38 166 STREET  Queens,12356,39,412,SION ASSOCIATES,40.684059143066406,-73.78014373779297
Queens,4613059,3/5/2026,3/5/2025,42023720101NB04,NB,Issued,420237201,NB,,,PERMIT ISSUED - ENTIRE JOB/WORK,2889.0,2,3,0.0,127-04 102 AVENUE  Queens,9495,34,409,IP ENGENEER & SERVICES P.C.,40.69110870361328,-73.81852722167969
Queens,4614907,4/1/2026,8/12/2025,42110306801NB08,NB,Issued,421103068,NB,,,PERMIT ISSUED - ENTIRE JOB/WORK,97755.0,0,5,0.0,34-55 112 STREET  Queens,1756,25,403,DESIGN RESOURCES GROUP ARCHITECT,40.75539016723633,-73.85572052001953
Queens,4614996,9/15/2026,9/15/2025,42105901701NB05,NB,Issued,421059017,NB,,,PERMIT ISSUED - ENTIRE JOB/WORK,7194.0,0,3,0.0,58-43 FRANCIS LEWIS BOULEVARD  Queens,7451,45,411,EAB ARCHITECTURAL DESIGNS  PLLC,40.744468688964844,-73.7759017944336
Queens,4615160,4/3/2026,5/8/2025,42140662301NB06,NB,Issued,421406623,NB,,,PERMIT ISSUED - PARTIAL JOB,3840.0,1,3,0.0,813 JARVIS AVENUE  Queens,15599,664,414,GERALD J. CALIENDO  R.A.  A.I.A.,40.59812927246094,-73.743408203125
Queens,4615815,2/20/2026,2/20/2025,42146967201NB04,NB,Issued,421469672,NB,,,PERMIT ISSUED - ENTIRE JOB/WORK,5100.0,1,2,0.0,194-16 DUNTON AVENUE  Queens,10509,157,408,MICHAEL KANG ARCHITECT  P.C.,40.71895980834961,-73.76982879638672
Queens,4615817,1/26/2026,2/28/2025,42146968101NB03,NB,Issued,421469681,NB,,,PERMIT ISSUED - ENTIRE JOB/WORK,4500.0,1,2,0.0,194-20 DUNTON AVENUE  Queens,10509,59,408,MICHAEL KANG ARCHITECT  P.C.,40.71900939941406,-73.76959991455078
QUEENS,4615829,1/26/2026,9/18/2025,Q01076536-I1-GC-CX,Mechanical Systems Structural General Construction Foundation Earth Work,Permit Issued,Q01076536-I1,New Building,,,Permit Entire,8563.0,1,3,0.0,193-19 CLOVER HILL ROAD  QUEENS,10509,158,408,MEGA GENERAL CONSTRUCTION,40.71883010864258,-73.76936340332031
Queens,4616210,6/11/2026,6/12/2025,42157461001NB06,NB,Issued,421574610,NB,,,PERMIT ISSUED - ENTIRE JOB/WORK,2912.0,2,3,0.0,48-15 ASTORIA BLVD  Queens,758,47,401,PRAINITO DESIGN GROUP LLC,40.767921447753906,-73.9018783569336
Queens,4616337,1/21/2026,3/18/2025,42160377701NB11,NB,Issued,421603777,NB,,,PERMIT ISSUED - ENTIRE JOB/WORK,58619.0,47,6,0.0,8-29 ASTORIA BOULEVARD  Queens,509,18,401,ANGELO NG & ANTHONY NG ARCHITECT,40.77260971069336,-73.93144226074219
Queens,4616420,1/21/2026,8/11/2025,42189211601NB06,NB,Issued,421892116,NB,,,PERMIT ISSUED - ENTIRE JOB/WORK,4421.0,0,2,0.0,33-03 213TH STREET  Queens,6113,1,411,SUCCESS BEST DESIGN  INC,40.77177810668945,-73.775146484375
Queens,4616576,12/20/2025,12/20/2024,42141073401NB11,NB,Issued,421410734,NB,,,PERMIT ISSUED - ENTIRE JOB/WORK,29373.0,61,8,0.0,42-59 CRESCENT STREET  Queens,430,37,402,S&S ARCHITECTURAL DESIGN  LLC,40.74898147583008,-73.94178771972656
Queens,4617346,6/1/2026,5/29/2025,42175501401NB03,NB,Issued,421755014,NB,,,PERMIT ISSUED - ENTIRE JOB/WORK,3524.0,4,4,0.0,87-13 63 AVE  Queens,3108,153,406,GERALD J. CALIENDO ARCHITECTS,40.72486877441406,-73.86888122558594
Queens,4617668,3/2/2026,3/7/2025,42153275501NB09,NB,Issued,421532755,NB,,,PERMIT ISSUED - ENTIRE JOB/WORK,96780.0,80,9,0.0,148-18 HILLSIDE AVE  Queens,9694,17,412,DESIGN 101. LLC.,40.705970764160156,-73.80769348144531
Queens,4617734,9/27/2026,10/20/2025,42143333601NB06,NB,Issued,421433336,NB,,,PERMIT ISSUED - PARTIAL JOB,18287.0,10,4,0.0,25-62 97 ST  Queens,1370,39,403,CNA BUILDERS & CONSULTANT CORP,40.76279830932617,-73.8726806640625
Queens,4617767,1/17/2026,6/20/2025,42108877101NB10,NB,Issued,421088771,NB,,,PERMIT ISSUED - ENTIRE JOB/WORK,41937.0,35,8,0.0,88-35 163 STREET  Queens,9813,11,412,A.NG&A.NG ARCHITECTS STUDIO  PC,40.70777130126953,-73.79844665527344
Queens,4617795,10/18/2026,10/14/2025,42139523401NB11,NB,Issued,421395234,NB,,,PERMIT ISSUED - PARTIAL JOB,18923.0,19,7,0.0,51-20 VAN LOON STREET  Queens,1542,28,404,TAN ARCHITECT PC,40.737640380859375,-73.87962341308594
Queens,4617796,4/1/2026,5/23/2025,42104186601NB10,NB,Issued,421041866,NB,,,PERMIT ISSUED - ENTIRE JOB/WORK,80000.0,0,4,0.0,78-15 LINDEN BLVD.  Queens,11376,23,410,IMC ARCHITECTURE DPC,40.67081069946289,-73.8569564819336
QUEENS,4618093,12/28/2025,10/1/2025,Q00581050-I1-GC,General Construction,Permit Issued,Q00581050-I1,New Building,,,Permit Entire,650.0,0,1,40000.0,4615 NORTON AVENUE  QUEENS,15969,35,414,DONOVAN PETGRAVE,40.59751892089844,-73.77815246582031
Queens,4618155,6/27/2026,9/24/2025,42161147401NB03,NB,Issued,421611474,NB,,,PERMIT ISSUED - ENTIRE JOB/WORK,5635.0,2,2,0.0,78-06 67 ROAD  Queens,3777,10,405,JOSEPH GIANNETTI ARCHITECT,40.71229934692383,-73.87513732910156
Queens,4618204,10/28/2025,7/28/2025,42121186001NB02,NB,Issued,421211860,NB,,,PERMIT ISSUED - ENTIRE JOB/WORK,2314.0,1,3,0.0,11-01 PLAINVIEW AVENUE  Queens,15618,8,414,DJ ASSOCIATES ARCHITECT,40.5972900390625,-73.74545288085938
Queens,4618262,1/21/2026,5/9/2025,42130048901NB04,NB,Issued,421300489,NB,,,PERMIT ISSUED - ENTIRE JOB/WORK,9761.0,1,3,0.0,33-73 154TH STREET  Queens,5239,9,407,LUNING ARCHITECTURE  PLLC.,40.766448974609375,-73.81043243408203
QUEENS,4618266,4/1/2026,4/23/2025,Q00787859-S2-EW-SP,Sprinklers,Permit Issued,Q00787859-S2,New Building,,,Permit Entire,2276.0,2,3,6720.0,62-45 60 STREET  QUEENS,3493,22,405,MASTER PLBG AND HTG INC,40.712440490722656,-73.90447998046875
Queens,4618268,2/4/2026,3/14/2025,42193810301NB04,NB,Issued,421938103,NB,,,PERMIT ISSUED - ENTIRE JOB/WORK,3393.0,1,2,0.0,10-42 UTOPIA PARKWAY  Queens,4608,53,407,BFS ARCHITECT PC,40.79077911376953,-73.79496765136719
Queens,4618293,3/20/2026,3/20/2025,42116269001NB09,NB,Issued,421162690,NB,,,PERMIT ISSUED - ENTIRE JOB/WORK,14409.0,12,8,0.0,23-25 ASTORIA BLVD  Queens,872,7,401,STRUCTURAL ENGINEERING SYSTEMS,40.7718391418457,-73.92333221435547
Queens,4618307,4/1/2026,9/18/2025,42110414701NB01,NB,Issued,421104147,NB,,,PERMIT ISSUED - ENTIRE JOB/WORK,82130.0,0,5,0.0,1-55 54 AVENUE  Queens,6,160,402,PURCELL/EVERETT ARCHITECTS  P.C,40.740928649902344,-73.96000671386719
QUEENS,4618368,7/11/2026,7/11/2025,Q00769076-S4-SE,Support of Excavation,Permit Issued,Q00769076-S4,New Building,,,Permit Entire,8070.0,9,3,0.0,63-09 FLUSHING AVENUE  QUEENS,2713,43,405,GOLDEN TIME CONTRACTING I,40.722530364990234,-73.9019775390625
Queens,4618539,3/18/2026,6/25/2025,42174175201NB01,NB,Issued,421741752,NB,,,PERMIT ISSUED - ENTIRE JOB/WORK,448.0,0,1,0.0,26-01 20TH AVE  Queens,850,100,401,WORKSHOP DESIGN + ARCHITECTURE ,40.78910827636719,-73.90794372558594
Queens,4618770,12/30/2025,2/28/2025,42131776501NB07,NB,Issued,421317765,NB,,,PERMIT ISSUED - PARTIAL JOB,4540.0,3,4,0.0,98-39 CORONA AVE  Queens,1629,133,404,A&T ENGINEERING  P.C.,40.7452507019043,-73.86386108398438
Queens,4618771,12/30/2025,2/28/2025,42131733701NB07,NB,Issued,421317337,NB,,,PERMIT ISSUED - PARTIAL JOB,4405.0,3,4,0.0,98-37 CORONA AVENUE  Queens,1629,134,404,A&T ENGINEERING  P.C.,40.74528884887695,-73.86392211914062
Queens,4618772,1/1/2026,12/12/2024,42147693101NB05,NB,Issued,421476931,NB,,,PERMIT ISSUED - ENTIRE JOB/WORK,375259.0,647,31,0.0,26-02 1ST STREET  Queens,916,10,401,HANDEL ARCHITECTS LLP,40.77642822265625,-73.93628692626953
Queens,4618773,9/30/2026,9/30/2025,42160376801NB01,NB,Issued,421603768,NB,,,PERMIT ISSUED - PARTIAL JOB,109531.0,180,8,0.0,37-20 114TH STREET  Queens,1782,30,403,M.S. SAVANI ARCHITECT  PC,40.75429916381836,-73.85386657714844
QUEENS,4618795,12/31/2025,2/25/2025,Q01061043-S2-ST,Structural,Permit Issued,Q01061043-S2,New Building,,,Permit Entire,149500.0,0,2,0.0,121-10 ROOSEVELT AVENUE  QUEENS,2018,1,481,TISHMAN CONSTRUCTION CORP,40.74726104736328,-73.84333038330078
Queens,4618849,5/16/2026,9/30/2025,42124902701NB16,NB,Issued,421249027,NB,,,PERMIT ISSUED - ENTIRE JOB/WORK,4632.0,1,2,0.0,43-16 24TH STREET  Queens,436,10,402,HILL WEST ARCHITECTS LLP,40.74897003173828,-73.94346618652344
Queens,4618854,1/24/2026,6/5/2025,42167577001NB07,NB,Issued,421675770,NB,,,PERMIT ISSUED - ENTIRE JOB/WORK,5294.0,2,2,0.0,201-05 17 AVENUE  Queens,5780,40,407,TAN ARCHITECT PC,40.78266906738281,-73.792236328125
QUEENS,4618892,10/30/2025,10/30/2024,Q00501608-I1-GC,General Construction,Permit Issued,Q00501608-I1,New Building,,,Permit Entire,5354.0,7,4,500000.0,21-10 BIRDSALL AVENUE  QUEENS,15526,45,414,ZK DEVELOPMENT CORP,40.60715866088867,-73.75315856933594
Queens,4618918,12/13/2025,3/7/2025,42167746601NB05,NB,Issued,421677466,NB,,,PERMIT ISSUED - ENTIRE JOB/WORK,49365.0,60,7,0.0,94-04 115 ST  Queens,9400,3,409,ANGELO NG & ANTHONY NG ARCHITECT,40.69274139404297,-73.83154296875
Queens,4618933,8/29/2026,9/2/2025,42102598201NB18,NB,Issued,421025982,NB,,,PERMIT ISSUED - ENTIRE JOB/WORK,349426.0,120,16,0.0,33-71 PRINCE STREET  Queens,4949,46,407,MY ARCHITECT PC,40.76462936401367,-73.83293151855469
QUEENS,4618937,2/11/2026,2/11/2025,Q00561468-I1-GC-CX,Mechanical Systems General Construction Foundation Earth Work,Permit Issued,Q00561468-I1,New Building,,,Permit Entire,5212.0,0,1,865200.0,21-06 COLLEGE POINT BOULEVARD  QUEENS,4164,34,407,CTI CONSTRUCTION INC,40.78078079223633,-73.84626770019531
Queens,4619459,4/8/2026,4/8/2025,42065669501NB16,NB,Issued,420656695,NB,,,PERMIT ISSUED - ENTIRE JOB/WORK,1114256.0,938,67,0.0,23-15 44 ROAD  Queens,436,1,402,HILL WEST ARCHITECTS,40.74876022338867,-73.94397735595703
Queens,4619470,3/7/2026,2/25/2025,42066760101NB03,NB,Issued,420667601,NB,,,PERMIT ISSUED - ENTIRE JOB/WORK,107015.0,0,6,0.0,1212 SEAGIRT BLVD  Queens,15620,1,414,BDF ARCHITECTURE. LLP,40.596031188964844,-73.74662017822266
Queens,4619563,5/31/2026,8/20/2025,42174709701NB07,NB,Issued,421747097,NB,,,PERMIT ISSUED - ENTIRE JOB/WORK,248466.0,260,22,0.0,98-10 63 ROAD  Queens,2098,5,406,ANGELO NG & ANTHONY NG ARCHITECT,40.73173904418945,-73.85867309570312
Queens,4619619,4/1/2026,6/17/2025,42110131901NB07,NB,Issued,421101319,NB,,,PERMIT ISSUED - ENTIRE JOB/WORK,57148.0,0,3,0.0,221-15 58TH AVENUE  Queens,7529,1,411,NYC SCHOOL CONSTRUCTION AUTH.,40.75226974487305,-73.75740051269531
QUEENS,4619718,11/1/2025,6/12/2025,Q00925897-S3-EW-SP,Sprinklers,Permit Issued,Q00925897-S3,ALT-CO - New Building with Existing Elements to Remain,,,Permit Entire,32000.0,40,7,50000.0,131-10 AVERY AVENUE  QUEENS,5076,61,407,PACIFIC PLBG. & HTG. CORP,40.75189971923828,-73.83544158935547
Queens,4619732,5/11/2026,6/11/2025,42104487201NB14,NB,Issued,421044872,NB,,,PERMIT ISSUED - ENTIRE JOB/WORK,23591.0,19,6,0.0,46-11 QUEENS BOULEVARD  Queens,141,51,402,ARCTONE GROUP  INC. - ARCHITECTS,40.7435188293457,-73.91816711425781
Queens,4619737,1/1/2026,12/30/2024,42160510501NB05,NB,Issued,421605105,NB,,,PERMIT ISSUED - PARTIAL JOB,4044.0,1,2,0.0,137-48 75 ROAD  Queens,6605,31,408,RMA STUDIO,40.72251892089844,-73.82289123535156
Queens,4620049,4/1/2026,6/10/2025,40288542801NB11,NB,Issued,402885428,NB,,,PERMIT ISSUED - ENTIRE JOB/WORK,105560.0,0,4,0.0,50-51 98 STREET  Queens,1891,1,404,PEI COBB FREED & PARTNERS ARCHIT,40.74150848388672,-73.86356353759766
Queens,4620272,3/27/2026,7/24/2025,42124036601NB07,NB,Issued,421240366,NB,,,PERMIT ISSUED - ENTIRE JOB/WORK,5660.0,1,3,0.0,823 MEEHAN AVENUE  Queens,15598,605,414,SHMUEL D. FLAUM  ARCHITECT,40.59870910644531,-73.74382781982422
QUEENS,4620472,3/7/2026,9/25/2025,Q01172218-I1-GC,General Construction,Permit Issued,Q01172218-I1,Alteration CO,,Yes,Permit Issued,1679.0,1,2,235200.0,142 OCEANSIDE AVENUE  QUEENS,16350,400,414,EMERSON BROTHERS LLC,40.556880950927734,-73.92073059082031
Queens,4620806,4/1/2026,4/15/2025,42110118601NB05,NB,Issued,421101186,NB,,,PERMIT ISSUED - ENTIRE JOB/WORK,100548.0,0,3,0.0,64-29 218 STREET  Queens,7619,1,411,PERKINS EASTMAN,40.745750427246094,-73.75804138183594
Queens,4620816,1/31/2026,1/30/2025,42066496201NB10,NB,Issued,420664962,NB,,,PERMIT ISSUED - ENTIRE JOB/WORK,101087.0,0,3,0.0,22-11 31ST STREET  Queens,833,24,401,MARVEL ARCHITECTS PLLC,40.77540969848633,-73.91094207763672
Queens,4620845,4/1/2026,6/24/2025,42110418301NB11,NB,Issued,421104183,NB,,,PERMIT ISSUED - ENTIRE JOB/WORK,49394.0,0,3,0.0,170-21 84TH AVENUE  Queens,9875,1,408,URBAHN ARCHITECTS,40.717140197753906,-73.79408264160156
Queens,4620866,2/10/2026,2/10/2025,42189805801NB07,NB,Issued,421898058,NB,,,PERMIT ISSUED - ENTIRE JOB/WORK,53162.0,0,3,0.0,34-06 214 LANE  Queens,6121,1,411,RAWLINGS ARCHITECTS  P.C.,40.77016067504883,-73.7712173461914
QUEENS,4620991,11/25/2025,11/25/2024,Q00599457-S5-PL,Plumbing,Permit Issued,Q00599457-S5,New Building,,,Permit Entire,427832.0,354,13,1000.0,34-35 44 STREET  QUEENS,704,1,401,BEST MECHANICAL SVCS INC,40.75429916381836,-73.91787719726562
QUEENS,4620992,11/30/2025,12/30/2024,Q00682720-S6-EW-SD,Standpipe,Permit Issued,Q00682720-S6,New Building,,,Permit Entire,50868.0,52,16,220950.0,95-25 WALTHAM STREET  QUEENS,10026,34,412,RRP PLUMBING CORP,40.697418212890625,-73.80658721923828
Queens,4622952,4/1/2026,8/8/2025,42110232701NB08,NB,Issued,421102327,NB,,,PERMIT ISSUED - ENTIRE JOB/WORK,71567.0,0,5,0.0,212-03 23 AVENUE  Queens,5865,50,407,MACRAE-GIBSON ARCHITECTS,40.78226089477539,-73.77841186523438
QUEENS,4622955,3/4/2026,8/21/2025,Q00726004-I1-GC-CX,Mechanical Systems General Construction,Permit Issued,Q00726004-I1,New Building,,,Permit Entire,3180.0,3,3,1000.0,32-48 100 STREET  QUEENS,1429,31,403,BEN'S HOME IMPROVEMENT IN,40.757789611816406,-73.8689193725586
Queens,4622997,3/26/2026,9/18/2025,42188967401NB03,NB,Issued,421889674,NB,,,PERMIT ISSUED - ENTIRE JOB/WORK,23220.0,39,8,0.0,87-67 170 STREET  Queens,9826,49,412,LND ARCHITECT,40.71083068847656,-73.79155731201172
QUEENS,4623020,3/20/2026,10/1/2025,Q01192267-I1-FO-EA,Foundation Earth Work,Permit Issued,Q01192267-I1,New Building,,,Permit Issued,2898.0,3,3,0.0,145-35 ARLINGTON TERRACE  QUEENS,11938,46,412,CARLIN CONTRACTING OF NY,40.68986892700195,-73.80236053466797
Queens,4623044,1/2/2026,6/3/2025,42141831701NB02,NB,Issued,421418317,NB,,,PERMIT ISSUED - PARTIAL JOB,6100.0,2,3,0.0,18-15 COLLEGE POINT BOULEVARD  Queens,4128,14,407,LAM & LAM ENGINEERING D.P.C.,40.78269958496094,-73.84559631347656
Queens,4623053,1/24/2026,6/5/2025,42171471901NB03,NB,Issued,421714719,NB,,,PERMIT ISSUED - ENTIRE JOB/WORK,300.0,0,1,0.0,201-05 GAR 17 AVENUE  Queens,5780,40,407,TAN ARCHITECT PC,40.78266906738281,-73.792236328125
Queens,4623085,2/14/2026,2/14/2025,42110053301NB06,NB,Issued,421100533,NB,,,PERMIT ISSUED - ENTIRE JOB/WORK,37995.0,0,3,0.0,61-01 97TH PLACE  Queens,2083,123,406,CTA ARCHITECTS P.C.,40.73406982421875,-73.86097717285156
Queens,4623106,1/23/2026,7/14/2025,42190895701NB07,NB,Issued,421908957,NB,,,PERMIT ISSUED - ENTIRE JOB/WORK,2595.0,2,2,0.0,191-06 120 AVENUE  Queens,12670,2,412,BAALBAKI&ASSOCIATES ENGIN.  PC,40.68735885620117,-73.7580337524414
Queens,4623111,11/16/2025,2/11/2025,42157674301NB08,NB,Issued,421576743,NB,,,PERMIT ISSUED - ENTIRE JOB/WORK,13574.0,15,5,0.0,229 BEACH 14 STREET  Queens,15627,36,414,SHMUEL D. FLAUM  ARCHITECT,40.59613037109375,-73.74854278564453
Queens,4623126,5/31/2026,8/28/2025,42142966201NB14,NB,Issued,421429662,NB,,,PERMIT ISSUED - ENTIRE JOB/WORK,12251.0,1,2,0.0,99 MALBA DRIVE  Queens,4416,181,407,BLUARCH ARCHITECTURE,40.79389190673828,-73.82740020751953
Queens,4623141,1/22/2026,1/22/2025,42110158701NB04,NB,Issued,421101587,NB,,,PERMIT ISSUED - ENTIRE JOB/WORK,307904.0,0,6,0.0,53-16 NORTHERN BOULEVARD  Queens,1192,48,402,NYC SCHOOL CONSTRUCTION AUTHORIT,40.752628326416016,-73.90827178955078
Queens,4623159,4/24/2026,7/1/2025,42194694201NB02,NB,Issued,421946942,NB,,,PERMIT ISSUED - ENTIRE JOB/WORK,16268.0,11,4,0.0,31-88 45 STREET  Queens,709,1,401,GERALD J CALIENDO ARCHITECT PC,40.75735855102539,-73.91497039794922
Queens,4623196,12/30/2025,1/2/2025,42173013001NB03,NB,Issued,421730130,NB,,,PERMIT ISSUED - ENTIRE JOB/WORK,3550.0,1,3,0.0,3106 BESSEMUND AVENUE  Queens,15738,97,414,NSC ARCHITECTURE  PC,40.60251998901367,-73.76802825927734
Queens,4623219,1/31/2026,2/3/2025,42196151301NB03,NB,Issued,421961513,NB,,,PERMIT ISSUED - ENTIRE JOB/WORK,35782.0,0,3,0.0,6519 ROCKAWAY BEACH BLVD  Queens,15905,1,414,URBAHN ARCHITECTS P.L.L.C,40.59061813354492,-73.7947769165039
Queens,4623237,8/1/2026,8/11/2025,42176311201NB03,NB,Issued,421763112,NB,,,PERMIT ISSUED - ENTIRE JOB/WORK,4625.0,0,1,0.0,312A BEACH 54TH STREET  Queens,15890,18,414,RICE + LIPKA ARCHITECT,40.59309005737305,-73.78407287597656
Queens,4623241,4/14/2026,4/9/2025,44060894101NB02,NB,Issued,440608941,NB,,,PERMIT ISSUED - ENTIRE JOB/WORK,45388.0,38,5,0.0,45-06 215 PLACE  Queens,7334,70,411,GERALD J CALIENDO ARCHITECT PC,40.76033020019531,-73.7668228149414
Queens,4623245,4/1/2026,2/20/2025,42066714801NB07,NB,Issued,420667148,NB,,,PERMIT ISSUED - ENTIRE JOB/WORK,136243.0,146,8,0.0,331 BEACH 35 STREET  Queens,15825,7,414,BERNHEIMER ARCHITECTURE,40.59587860107422,-73.76820373535156
Queens,4623258,3/26/2026,3/26/2025,42189960901NB04,NB,Issued,421899609,NB,,,PERMIT ISSUED - ENTIRE JOB/WORK,64400.0,0,4,0.0,23-55 29TH STREET  Queens,842,8,401,JACK L. GORDON ARCHITECTS,40.77354049682617,-73.915283203125
Queens,4623263,5/14/2026,5/14/2025,42132402501NB03,NB,Issued,421324025,NB,,,PERMIT ISSUED - ENTIRE JOB/WORK,10771.0,8,6,0.0,23-60 31 AVENUE  Queens,569,53,401,TAN ARCHITECT PC,40.765621185302734,-73.92681884765625
QUEENS,4623281,11/30/2025,12/26/2024,Q00970820-S6-EW-SD,Standpipe,Permit Issued,Q00970820-S6,New Building,,,Permit Entire,61123.0,0,4,0.0,134-11 221 STREET  QUEENS,13100,22,413,TARGET PIPING NY LLC,40.67824935913086,-73.74797058105469
Queens,4623287,1/31/2026,3/3/2025,42168486801NB06,NB,Issued,421684868,NB,,,PERMIT ISSUED - ENTIRE JOB/WORK,55923.0,46,7,0.0,183-03 HILLSIDE AVENUE  Queens,9950,64,408,MARIN ARCHITECTS  P.C,40.71419143676758,-73.77900695800781
Queens,4623288,6/24/2026,9/9/2025,44060625701NB08,NB,Issued,440606257,NB,,,PERMIT ISSUED - ENTIRE JOB/WORK,53230.0,0,2,0.0,161-02 ROCKAWAY BLVD  Queens,14260,80,483,H2M ARCHITECTS + ENGINEERS,40.66175079345703,-73.7767105102539
Queens,4623289,11/6/2025,11/18/2024,42176707401NB07,NB,Issued,421767074,NB,,,PERMIT ISSUED - ENTIRE JOB/WORK,4680.0,3,4,0.0,51-53 69 PLACE  Queens,2458,6,405,MADRIAGA ENGINEERING P.C,40.733890533447266,-73.89472961425781
Queens,4623310,4/1/2026,6/24/2025,42189962701NB04,NB,Issued,421899627,NB,,,PERMIT ISSUED - ENTIRE JOB/WORK,44233.0,0,4,0.0,33-59 171 STREET  Queens,5256,1,407,VELOCITY ARCHITECTURE.& ENG GROU,40.76546096801758,-73.79432678222656
Queens,4623341,11/8/2025,12/31/2024,42066691501NB15,NB,Issued,420666915,NB,,,PERMIT ISSUED - ENTIRE JOB/WORK,57049.0,1,9,0.0,35-01 36 AVE  Queens,639,1,401,NDKAZALAS ARCHITECTURE,40.755088806152344,-73.92610931396484
Queens,4623356,11/8/2025,11/19/2024,42113333901NB13,NB,Reissued,421133339,NB,,,PERMIT ISSUED - ENTIRE JOB/WORK,233651.0,194,17,0.0,5123 BEACH CHANNEL DRIVE  Queens,15843,15,414,AUFGANG ARCHITECTS,40.59465026855469,-73.78307342529297
QUEENS,4623369,2/6/2026,4/4/2025,Q00948649-S3-SE,Support of Excavation,Permit Issued,Q00948649-S3,New Building,,,Permit Entire,15247.0,10,6,0.0,25-81 31 STREET  QUEENS,620,3,401,91 M&F MANAGEMENT LLC,40.76844024658203,-73.91940307617188
Queens,4623375,5/12/2026,7/15/2025,44064117401NB05,NB,Issued,440641174,NB,,,PERMIT ISSUED - ENTIRE JOB/WORK,7841.0,8,4,0.0,54-24 METROPOLITAN AVE  Queens,3362,21,405,FRANK PETRUSO ARCHITECT P.C.,40.712860107421875,-73.90989685058594
Queens,4623385,5/1/2026,9/21/2025,42157019701NB09,NB,Issued,421570197,NB,,,PERMIT ISSUED - PARTIAL JOB,2615.0,1,3,0.0,24 BAYSIDE  Queens,16350,300,414,NORMAN C LOK PE MBA,40.561649322509766,-73.91818237304688
Queens,4623436,11/9/2025,1/23/2025,42173166501NB05,NB,Issued,421731665,NB,,,PERMIT ISSUED - ENTIRE JOB/WORK,20981.0,24,7,0.0,43-34 53 ST  Queens,1321,41,402,A&T ENGINEERING  P.C.,40.74293899536133,-73.9120864868164
Queens,4623504,2/26/2026,3/17/2025,42132431001NB16,NB,Issued,421324310,NB,,,PERMIT ISSUED - ENTIRE JOB/WORK,91405.0,76,14,0.0,27-49 JACKSON AVENUE  Queens,432,3,402,RAYMOND CHAN ARCHITECT  PC.,40.74842071533203,-73.93959045410156
QUEENS,4623544,4/25/2026,5/7/2025,Q00548557-I1-GC,General Construction,Permit Issued,Q00548557-I1,New Building,,,Permit Entire,3617.0,2,3,644800.0,99-78 163 DRIVE  QUEENS,14248,1385,410,BHA CONSULTANTS LLC,40.65237045288086,-73.82939910888672
Queens,4623555,3/26/2026,3/26/2025,42189993001NB05,NB,Issued,421899930,NB,,,PERMIT ISSUED - ENTIRE JOB/WORK,53842.0,0,4,0.0,195-15 73RD AVENUE  Queens,7117,421,408,DI DOMENICO + PARTNERS LLP,40.73598098754883,-73.77758026123047
QUEENS,4623566,11/18/2025,2/6/2025,Q00478431-I1-ST,Structural,Permit Issued,Q00478431-I1,New Building,,,Permit Entire,3607.0,2,2,550000.0,150-17 HAWTREE STREET  QUEENS,11562,156,410,GREEN JJ MANAGEMENT INC,40.66886901855469,-73.83470916748047
QUEENS,4623569,11/18/2025,2/6/2025,Q00481328-I1-ST,Structural,Permit Issued,Q00481328-I1,New Building,,,Permit Entire,3658.0,2,3,550000.0,150-29 HAWTREE STREET  QUEENS,11562,153,410,GREEN JJ MANAGEMENT INC,40.66844177246094,-73.83450317382812
QUEENS,4623571,2/23/2026,10/8/2025,Q00549420-I1-GC-CX,Mechanical Systems Structural General Construction Foundation,Permit Issued,Q00549420-I1,New Building,,,Permit Entire,3288.0,2,3,550000.0,149-43 HAWTREE STREET  QUEENS,11562,185,410,V.A BUILDERS CORP,40.67026901245117,-73.83538818359375
QUEENS,4623601,3/18/2026,5/13/2025,Q00742360-I1-GC,General Construction,Permit Issued,Q00742360-I1,New Building,,,Permit Entire,2112.0,2,2,15000.0,71-37 166 STREET  QUEENS,6954,86,408,THC CONSTRUCTION INC,40.72938919067383,-73.80303192138672
QUEENS,4623616,11/6/2025,11/6/2024,Q00487394-S2-ST,Structural,Permit Issued,Q00487394-S2,New Building,,,Permit Entire,142250.0,377,14,1000.0,143-16 135 AVENUE  QUEENS,12099,34,412,LGTB MANAGEMENT INC,40.667999267578125,-73.79557800292969
QUEENS,4623691,10/21/2025,10/21/2024,Q00518481-I1-GC,General Construction,Permit Issued,Q00518481-I1,New Building,,,Permit Entire,3071.25,1,2,921375.0,112-03 178 STREET  QUEENS,10301,28,412,YAFE MEOD CORP,40.6962890625,-73.773681640625
Queens,4623703,8/28/2026,8/28/2025,42113373001NB05,NB,Issued,421133730,NB,,,PERMIT ISSUED - ENTIRE JOB/WORK,160011.0,441,14,0.0,143-02 135 AVENUE  Queens,12099,32,412,GENE KAUFMAN ARCHITECT PC,40.66790008544922,-73.79617309570312
Queens,4623707,12/3/2025,12/3/2024,42066764701NB02,NB,Issued,420667647,NB,,,PERMIT ISSUED - ENTIRE JOB/WORK,168630.0,0,6,0.0,350 BEACH 79 STREET  Queens,16100,14,414,FRANK G. RELF ARCHITECT  P.C.,40.59128189086914,-73.80551147460938
QUEENS,4623737,12/26/2025,6/11/2025,Q00574566-I1-GC-CX,Mechanical Systems General Construction Foundation,Permit Issued,Q00574566-I1,New Building,,,Permit Entire,2223.75,1,2,200000.0,95-21 113 STREET  QUEENS,9415,80,409,J & D CARRYING & CONSTRUC,40.690528869628906,-73.83165740966797
Queens,4623738,3/29/2026,7/22/2025,42113364101NB09,NB,Issued,421133641,NB,,,PERMIT ISSUED - ENTIRE JOB/WORK,593618.0,575,34,0.0,2-20 MALT DRIVE  Queens,11,3,402,SLCE ARCHITECTS,40.73931121826172,-73.95897674560547
Queens,4623739,7/26/2026,10/20/2025,42113363201NB07,NB,Issued,421133632,NB,,,PERMIT ISSUED - ENTIRE JOB/WORK,846238.0,811,39,0.0,2-21 MALT DRIVE  Queens,11,1,402,SLCE ARCHITECTS,40.74018859863281,-73.95844268798828
QUEENS,4623740,4/1/2026,4/30/2025,Q00495073-I1-GC-CX,General Construction Foundation Earth Work,Permit Issued,Q00495073-I1,New Building,,,Permit Entire,225.0,0,1,33750.0,82-22 GAR 261 STREET  QUEENS,8754,24,413,PEBBLE CONSTRUCTION INC,40.74065017700195,-73.70887756347656
Queens,4623782,2/11/2026,2/11/2025,42190268601NB04,NB,Issued,421902686,NB,,,PERMIT ISSUED - ENTIRE JOB/WORK,44646.0,0,2,0.0,65-30 DIETERLE CRESCENT  Queens,3134,1,406,CIARDULLO ARCHITECTURE & ENG. PC,40.72053909301758,-73.86009216308594
Queens,4623796,5/20/2026,5/20/2025,42122973501NB03,NB,Issued,421229735,NB,,,PERMIT ISSUED - ENTIRE JOB/WORK,69529.0,68,11,0.0,21-07 ASTORIA BOULEVARD  Queens,884,57,401,KAO HWA LEE ARCHITECTS PC,40.77228927612305,-73.92536926269531
Queens,4623835,12/9/2025,1/13/2025,42179761101NB10,NB,Issued,421797611,NB,,,PERMIT ISSUED - ENTIRE JOB/WORK,48000.0,40,6,0.0,36-45 31ST STREET  Queens,600,8,401,MYLES ARCHITECTURE  P.C,40.7552604675293,-73.93041229248047
QUEENS,4623843,1/11/2026,2/10/2025,Q00561053-I1-GC-CX,Mechanical Systems Structural General Construction Foundation Earth Work,Permit Issued,Q00561053-I1,New Building,,,Permit Entire,3748.5,2,2,250000.0,1327 GIPSON STREET  QUEENS,15664,121,414,GEREBUZZA CONSTRUCTION IN,40.60689163208008,-73.75881958007812
QUEENS,4623861,2/11/2026,2/11/2025,Q00561474-I1-GC-CX,Mechanical Systems General Construction Foundation Earth Work,Permit Issued,Q00561474-I1,New Building,,,Permit Entire,5360.0,0,1,900000.0,21-02 COLLEGE POINT BOULEVARD  QUEENS,4164,32,407,CTI CONSTRUCTION INC,40.78078079223633,-73.84626770019531
Queens,4623881,3/11/2026,5/5/2025,42066311501NB05,NB,Issued,420663115,NB,,,PERMIT ISSUED - PARTIAL JOB,142889.0,111,8,0.0,83-05 116 STREET  Queens,3321,372,409,S M TAM ARCHITECT  PLLC,40.7064208984375,-73.83592987060547
QUEENS,4623884,3/27/2026,9/24/2025,Q01016755-S3-GC-CX,Structural General Construction Foundation Earth Work,Permit Issued,Q01016755-S3,New Building,,,Permit Entire,3227.0,2,2,0.0,115-26 117 STREET  QUEENS,11709,48,410,RB & SON GENERAL CONTRACT,40.6756706237793,-73.82154083251953
QUEENS,4623886,12/23/2025,7/8/2025,Q00573246-I1-GC-CX,Mechanical Systems General Construction,Permit Issued,Q00573246-I1,New Building,,,Permit Entire,4197.0,2,3,350000.0,72-07 45 AVENUE  QUEENS,1355,62,402,JD ARCH LLC,40.740570068359375,-73.89199829101562
Queens,4623891,2/5/2026,2/11/2025,42188316201NB04,NB,Issued,421883162,NB,,,PERMIT ISSUED - ENTIRE JOB/WORK,10183.0,8,6,0.0,163-16 89TH. AVENUE  Queens,9793,56,412,JOSE A. VELASQUEZ  PE,40.70705032348633,-73.797607421875
QUEENS,4623892,12/21/2025,1/21/2025,Q07995766-I1-GC-CX,Mechanical Systems General Construction Foundation,Permit Issued,Q07995766-I1,New Building,,,Permit Entire,10183.0,8,6,1200000.0,163-18 89 AVENUE  QUEENS,9793,57,412,THIND BUILDERS NY INC,40.707088470458984,-73.79752349853516
Queens,4623946,2/28/2026,2/28/2025,42190108001NB04,NB,Issued,421901080,NB,,,PERMIT ISSUED - ENTIRE JOB/WORK,54622.0,0,4,0.0,145-14 GLASSBORO AVENUE  Queens,11942,302,412,DESIGN RESOURCES GROUP ARCHITECT,40.68838119506836,-73.7996826171875
Queens,4623976,11/6/2025,11/18/2024,42194124201NB08,NB,Issued,421941242,NB,,,PERMIT ISSUED - ENTIRE JOB/WORK,4000.0,3,4,0.0,51-51 69 PLACE  Queens,2458,6,405,MADRIAGA ENGINEERING P.C,40.733951568603516,-73.89472961425781
QUEENS,4624033,12/15/2025,1/23/2025,Q00548195-S6-EW-SD,Standpipe,Permit Issued,Q00548195-S6,New Building,,,Permit Entire,232021.0,240,35,1000.0,23-10 42ND ROAD  QUEENS,428,19,402,RAEL AUTOMATIC SPR.CO INC,40.75033187866211,-73.94274139404297
QUEENS,4624037,1/15/2026,1/15/2025,Q00628028-I1-GC-CX,Structural General Construction Foundation,Permit Issued,Q00628028-I1,New Building,,,Permit Entire,300.0,0,1,3000.0,163-57 GAR PHROANE AVENUE  QUEENS,10202,231,412,MOD CONSULTANTS LLC,40.69181823730469,-73.78514099121094
QUEENS,4624050,1/15/2026,1/15/2025,Q00628024-I1-GC-CX,Structural General Construction Foundation,Permit Issued,Q00628024-I1,New Building,,,Permit Entire,300.0,0,1,3000.0,163-55 GAR PHROANE AVENUE  QUEENS,10202,131,412,MOD CONSULTANTS LLC,40.691650390625,-73.78502655029297
QUEENS,4624057,12/19/2025,12/19/2024,Q00633533-S6-SE,Support of Excavation,Permit Issued,Q00633533-S6,New Building,,,Permit Entire,80961.0,90,7,1000.0,39-03 COLLEGE POINT BOULEVARD  QUEENS,4973,6,407,ARCHSTONE BUILDERS LLC,40.75883865356445,-73.83412170410156
Queens,4624067,12/1/2025,12/20/2024,42066531901NB08,NB,Issued,420665319,NB,,,PERMIT ISSUED - ENTIRE JOB/WORK,7376.0,0,2,0.0,16 NOEL ROAD  Queens,15453,13,414,TPD ARCHITECTURE  PLLC,40.60749053955078,-73.81851959228516
QUEENS,4624114,10/31/2025,7/7/2025,Q00744656-I1-GC,General Construction,Permit Issued,Q00744656-I1,New Building,,,Permit Entire,3026.0,0,1,1.5607558E7,73-24 PARK DRIVE EAST  QUEENS,2280,1575,408,BOND CIVIL & UTILITY CONS,40.72346878051758,-73.8274917602539
QUEENS,4624141,12/1/2025,4/14/2025,Q00665096-S7-EW-SD,Standpipe,Permit Issued,Q00665096-S7,New Building,,,Permit Entire,61856.0,59,7,1000.0,87-57 150 STREET  QUEENS,9697,8,412,PLBG P & H INC,40.70637893676758,-73.80619812011719
QUEENS,4624274,11/4/2025,11/4/2024,Q00713167-S4-SE,Support of Excavation,Permit Issued,Q00713167-S4,New Building,,,Permit Entire,29853.0,17,5,1000.0,38-26 28 STREET  QUEENS,386,23,401,MEGA GENERAL CONSTRUCTION,40.75455093383789,-73.93502807617188
Queens,4624278,1/2/2026,1/2/2025,42190254201NB02,NB,Issued,421902542,NB,,,PERMIT ISSUED - ENTIRE JOB/WORK,39425.0,0,3,0.0,130-17 ROCKAWAY BOULEVARD  Queens,11694,27,410,KENNY & KHAN ARCHITECTS  P.C.,40.67538070678711,-73.80805969238281
QUEENS,4624284,4/2/2026,4/2/2025,Q00718151-S6-EW-SD,Standpipe,Permit Issued,Q00718151-S6,New Building,,,Permit Entire,84584.296875,63,8,1000.0,45-07 45 STREET  QUEENS,164,11,402,SAFEPIPE PLUMBING INC,40.742820739746094,-73.91938781738281
Queens,4624308,11/6/2025,11/6/2024,42110038301NB08,NB,Issued,421100383,NB,,,PERMIT ISSUED - ENTIRE JOB/WORK,28440.0,0,3,0.0,21-15 75 STREET  Queens,971,1,401,KENNY & KHAN ARCHITECTS  P.C.,40.769779205322266,-73.89411163330078
QUEENS,4624315,2/6/2026,2/6/2025,Q00576717-Z1-EW-SD,Standpipe,Permit Issued,Q00576717-Z1,New Building,,,Permit Entire,34456.0,29,9,0.0,42-78 65 PLACE  QUEENS,1342,36,402,A M B MECHANICAL INC,40.74135971069336,-73.89971923828125
QUEENS,4624327,10/21/2025,10/21/2024,Q00770449-I1-ST,Structural,Permit Issued,Q00770449-I1,New Building,,,Permit Entire,3672.0,2,3,350000.0,84-51 129 STREET  QUEENS,9250,81,409,SNR CONSTRUCTION  INC,40.70555114746094,-73.82350158691406
QUEENS,4624330,12/31/2025,4/1/2025,Q00614075-S2-SE,Support of Excavation,Permit Issued,Q00614075-S2,New Building,,,Permit Entire,473706.0,561,46,1000.0,29-10 NORTHERN BOULEVARD  QUEENS,239,6,401,LEEDING BUILDERS GROUP LL,40.74877166748047,-73.93666076660156
QUEENS,4624350,12/22/2025,8/5/2025,Q00942919-I1-GC-CX,Mechanical Systems Structural General Construction Foundation Earth Work,Permit Issued,Q00942919-I1,New Building,,,Permit Entire,3728.0,2,3,0.0,24-27 42 STREET  QUEENS,688,7,401,A & S CONTRACTORS OF NY I,40.76776885986328,-73.90930938720703
QUEENS,4624353,12/31/2025,1/29/2025,Q00755963-S1-ST,Structural,Permit Issued,Q00755963-S1,New Building,,,Permit Entire,4653.7001953125,1,2,0.0,32-35 164 STREET  QUEENS,4912,30,407,L&L CONSTRUCTION DEVELOP,40.76811981201172,-73.80078887939453
QUEENS,4624369,10/29/2025,10/10/2025,Q00806150-S1-PL,Plumbing,Permit Issued,Q00806150-S1,New Building,,,Permit Entire,3000.0,2,2,0.0,229-19 144 AVENUE  QUEENS,13509,1,413,INFINITI ESC PLUMBING COR,40.663299560546875,-73.74874877929688
QUEENS,4624386,3/18/2026,6/2/2025,Q00779965-I1-GC,General Construction,Permit Issued,Q00779965-I1,New Building,,,Permit Entire,3420.0,3,3,15000.0,172-26 93 AVENUE  QUEENS,10219,30,412,THC CONSTRUCTION INC,40.70581817626953,-73.7862319946289
QUEENS,4624387,3/18/2026,5/13/2025,Q00780252-I1-GC-CX,General Construction Foundation Earth Work,Permit Issued,Q00780252-I1,New Building,,,Permit Entire,360.0,0,1,10000.0,172-26 GAR 93 AVENUE  QUEENS,10219,30,412,THC CONSTRUCTION INC,40.70581817626953,-73.7862319946289
QUEENS,4624399,12/4/2025,12/16/2024,Q00789436-I1-GC-CX,Structural General Construction,Permit Issued,Q00789436-I1,New Building,,,Permit Entire,3040.949951171875,2,2,3040.949951171875,72-38 66 DRIVE  QUEENS,3057,72,405,HAWK. AA LLC,40.71335983276367,-73.88078308105469
QUEENS,4624432,1/16/2026,1/16/2025,Q00892727-S5-ST,Structural,Permit Issued,Q00892727-S5,New Building,,,Permit Entire,5153.0,1,3,0.0,323 BEACH   15 STREET  QUEENS,15629,69,414,SKIPUTZIM LLC,40.598358154296875,-73.74903106689453
QUEENS,4624437,2/9/2026,2/10/2025,Q00803878-I1-GC,General Construction,Permit Issued,Q00803878-I1,New Building,,,Permit Entire,89448.0,0,2,1.16E7,31-45 20 AVENUE  QUEENS,850,310,401,KIEWIT INFRASTRUCTURE CO,40.786861419677734,-73.90033721923828
QUEENS,4624448,3/31/2026,6/17/2025,Q00541049-S1-GC-CX,Structural General Construction Foundation,Signed-off,Q00541049-S1,New Building,,,Permit Entire,130799.0,0,2,1000.0,42-14 ORCHARD STREET  QUEENS,265,40,402,TRITON CONSTRUCTION CO. ,40.748111724853516,-73.93876647949219
QUEENS,4624461,1/6/2026,1/6/2025,Q08049083-S1-PL,Plumbing,Permit Issued,Q08049083-S1,New Building,,,Permit Entire,1768.0,2,2,0.0,145-58 19 AVENUE  QUEENS,4630,32,407,S & L PLUMBING INC,40.78219985961914,-73.8194808959961
QUEENS,4624489,12/31/2025,9/3/2025,Q08026751-S7-EW-SD,Standpipe,Permit Issued,Q08026751-S7,New Building,,,Permit Entire,64161.0,0,14,0.0,138-30 NORTHERN BOULEVARD  QUEENS,5010,28,407,FULL CIRCLE PLUMBING CORP,40.7636604309082,-73.82704162597656
QUEENS,4624490,12/31/2025,9/3/2025,Q08026754-S7-EW-SD,Standpipe,Permit Issued,Q08026754-S7,New Building,,,Permit Entire,105886.0,135,17,0.0,138-32 NORTHERN BOULEVARD  QUEENS,5010,28,407,FULL CIRCLE PLUMBING CORP,40.7636604309082,-73.82704162597656
Queens,4624506,11/22/2025,11/15/2024,42066746001NB04,NB,Issued,420667460,NB,,,PERMIT ISSUED - ENTIRE JOB/WORK,145446.0,0,4,0.0,52-35 74TH STREET  Queens,2492,141,405,BUTZ - WILBERN LTD.,40.73262023925781,-73.88773345947266
QUEENS,4624517,8/15/2026,8/15/2025,Q08037146-I1-GC-CX,Mechanical Systems Structural General Construction Foundation Earth Work,Permit Issued,Q08037146-I1,New Building,,,Permit Entire,2025.0,2,2,1400000.0,32-22 110 STREET  QUEENS,1703,103,403,CASA AZOUTR INC,40.75944900512695,-73.86052703857422
Queens,4624518,2/19/2026,2/19/2025,42192895301NB11,NB,Issued,421928953,NB,,,PERMIT ISSUED - ENTIRE JOB/WORK,247944.0,133,17,0.0,1607 WOODBINE STREET  Queens,3445,27,405,S9 ARCHITECTURE AND ENGINEERING,40.70016098022461,-73.90968322753906
QUEENS,4624551,3/18/2026,5/13/2025,Q00813002-I1-GC,General Construction,Permit Issued,Q00813002-I1,New Building,,,Permit Entire,5451.169921875,2,2,299267.0,215-15 36 AVENUE  QUEENS,6179,25,411,THC CONSTRUCTION INC,40.76890182495117,-73.76936340332031
QUEENS,4624555,12/31/2025,10/6/2025,Q08054172-S5-ST,Structural,Permit Issued,Q08054172-S5,New Building,,,Permit Entire,85147.0,0,5,1000.0,23-70 WATERS EDGE DRIVE  QUEENS,5958,30,407,TURNER CONSTRUCTION COMPA,40.781490325927734,-73.77307891845703
QUEENS,4624629,11/19/2025,3/25/2025,Q00843770-S6-EW-SP,Sprinklers,Permit Issued,Q00843770-S6,New Building,,,Permit Entire,18410.19921875,11,6,0.0,38-16 CRESCENT STREET  QUEENS,388,18,401,EXPERT FIRE SPRINKLER LLC,40.75551986694336,-73.93607330322266
QUEENS,4624662,12/2/2025,12/2/2024,Q00856989-S1-PL,Plumbing,Permit Issued,Q00856989-S1,New Building,,,Permit Entire,300.0,0,1,0.0,35-20 GAR 215 PLACE  QUEENS,6179,17,411,WATSON'S PLBG  HTG  & BDG,40.76921844482422,-73.76936340332031
QUEENS,4624700,11/29/2025,11/29/2024,Q00806670-S6-ST,Structural,Permit Issued,Q00806670-S6,New Building,,,Permit Entire,26478.0,0,3,0.0,366 BEACH   75 STREET  QUEENS,16079,1,414,E.W. HOWELL CO  LLC,40.591880798339844,-73.8028564453125
QUEENS,4624722,11/20/2025,9/23/2025,Q00925138-S2-PL,Plumbing,Permit Issued,Q00925138-S2,New Building,,,Permit Entire,4588.52001953125,1,2,0.0,259-03 81 AVENUE  QUEENS,8715,6,413,VMC PLUMBING & HEATING IN,40.74304962158203,-73.71118927001953
QUEENS,4624737,4/26/2026,6/6/2025,Q00903819-I1-GC-CX,Structural General Construction Foundation Earth Work,Permit Issued,Q00903819-I1,New Building,,,Permit Entire,400.0,0,1,0.0,137-21GAR KALMIA AVENUE  QUEENS,5149,59,407,LXC CONSTRUCTION INC,40.74858856201172,-73.82018280029297
QUEENS,4624777,11/10/2025,10/16/2025,Q00934221-S7-PL,Plumbing,Permit Issued,Q00934221-S7,New Building,,,Permit Entire,12297.0,11,6,0.0,28-03 36 STREET  QUEENS,630,17,401,ADRIANO PLMBG & HTG CORP,40.76633834838867,-73.9161376953125
QUEENS,4624779,12/26/2025,12/26/2024,Q00954971-S1-PL,Plumbing,Permit Issued,Q00954971-S1,New Building,,,Permit Entire,300.0,0,1,0.0,202-15 GAR 45 DRIVE  QUEENS,5545,37,411,WATSON'S PLBG  HTG  & BDG,40.756221771240234,-73.77970123291016
QUEENS,4624783,12/28/2025,9/19/2025,Q01233332-I1-FD,Full Demolition,Permit Issued,Q01233332-I1,Full Demolition,,,Permit Entire,2520.0,0,0,15000.0,89-53 165 STREET  QUEENS,9795,99,412,HEXAGON INDUSTRIES INC,40.70655822753906,-73.7950210571289
QUEENS,4624802,11/23/2025,2/13/2025,Q00927679-I1-ST,Structural,Signed-off,Q00927679-I1,New Building,,,Permit Entire,300.0,0,1,0.0,137-21 GAR 135 AVENUE  QUEENS,12085,20,412,HOME STYLE IMPROVEMENTS *,40.667999267578125,-73.79971313476562
QUEENS,4624830,10/31/2025,10/20/2025,Q00933672-S3-PL,Plumbing,Permit Issued,Q00933672-S3,New Building,,,Permit Entire,45656.671875,0,4,0.0,146-50 REEVES AVENUE  QUEENS,6507,1,408,PAR PLUMBING CO.  INC,40.73740005493164,-73.82373809814453
QUEENS,4624843,11/25/2025,3/11/2025,Q00557681-S9-EW-SD,Standpipe,Permit Issued,Q00557681-S9,New Building,,,Permit Entire,371191.0,417,27,1000.0,41-46 27 STREET  QUEENS,415,4,401,STAT FIRE SPRINKLER NYC C,40.751041412353516,-73.93963623046875
QUEENS,4624845,6/1/2026,9/11/2025,Q00951263-S1-GC-CX,Structural General Construction Earth Work,Permit Issued,Q00951263-S1,ALT-CO - New Building with Existing Elements to Remain,,,Permit Entire,1.0,0,1,150000.0,119-03 LINDEN BOULEVARD  QUEENS,11624,35,410,DEBORAH BRADLEY CONS & MG,40.67879867553711,-73.82035064697266
QUEENS,4624847,11/4/2025,8/5/2025,Q00990697-I1-ST,Structural,Permit Issued,Q00990697-I1,New Building,,,Permit Entire,3138.0,2,2,0.0,144-77 175 STREET  QUEENS,13287,45,413,AVATAR CONSTRUCTION INC,40.66518020629883,-73.77330017089844
QUEENS,4624879,2/14/2026,5/15/2025,Q00979026-I1-GC-CX,Structural General Construction,Permit Issued,Q00979026-I1,New Building,,,Permit Entire,260.0,0,1,0.0,88-08 GAR 193 STREET  QUEENS,10457,7,412,P & R CONSTR MGT NY CORP,40.71635055541992,-73.76896667480469
QUEENS,4624882,2/6/2026,3/28/2025,Q00954283-S5-SE,Support of Excavation,Permit Issued,Q00954283-S5,New Building,,,Permit Entire,251602.0,244,18,0.0,337 BEACH   52 STREET  QUEENS,15843,25,414,JOY CONSTRUCTION CORP,40.59403991699219,-73.78301239013672
QUEENS,4624889,11/15/2025,6/10/2025,Q00952839-I1-GC-CX,Structural General Construction Foundation,Permit Issued,Q00952839-I1,New Building,,,Permit Entire,340.0,0,1,0.0,144-03 GAR 105 AVENUE  QUEENS,10043,31,412,KBA HOME IMPROVEMENT INC,40.69226837158203,-73.80805206298828
QUEENS,4624892,2/11/2026,2/11/2025,Q00980376-S1-SE,Support of Excavation,Permit Issued,Q00980376-S1,New Building,,,Permit Entire,138158.0,0,9,0.0,37-18 138 STREET  QUEENS,4978,15,407,GREEN HOUSE TOWN CORP,40.76142120361328,-73.82978057861328
QUEENS,4624903,12/13/2025,3/10/2025,Q00959938-I1-GC-CX,Structural General Construction Foundation,Permit Issued,Q00959938-I1,New Building,,,Permit Entire,525.0,0,1,0.0,6-20 GAR 125 STREET  QUEENS,3949,54,407,CENTAURI DEVELOPMENT INC,40.79096984863281,-73.84290313720703
QUEENS,4624904,11/16/2025,7/25/2025,Q00796080-S1-PL,Plumbing,Permit Issued,Q00796080-S1,New Building,,,Permit Entire,3600.0,2,2,500000.0,6-20 125 STREET  QUEENS,3949,54,407,HP SERVICES INC,40.79096984863281,-73.84290313720703
QUEENS,4624906,2/3/2026,2/3/2025,Q00963294-I1-GC-CX,Mechanical Systems Structural General Construction Foundation Earth Work,Permit Issued,Q00963294-I1,New Building,,,Permit Entire,3039.75,2,2,0.0,146-15 229 STREET  QUEENS,13463,38,413,YAFE MEOD CORP,40.659549713134766,-73.7517318725586
QUEENS,4624915,4/25/2026,4/25/2025,Q01065927-I1-GC-CX,Structural General Construction,Permit Issued,Q01065927-I1,New Building,,,Permit Entire,300.0,0,1,0.0,114-46 GAR 158 STREET  QUEENS,12194,46,412,ELITE SIMRAN CONSTRUCTION,40.68693923950195,-73.78849029541016
QUEENS,4624937,4/15/2026,10/2/2025,Q00986637-S3-PL,Plumbing,Permit Issued,Q00986637-S3,New Building,,,Permit Entire,4348.43994140625,2,3,0.0,150-26 12 ROAD  QUEENS,4518,17,407,TRI STATE PLBG & HTG INC,40.78974151611328,-73.81314086914062
QUEENS,4624939,4/15/2026,10/2/2025,Q00986618-S3-PL,Plumbing,Permit Issued,Q00986618-S3,New Building,,,Permit Entire,4348.43994140625,2,3,0.0,150-18 12 ROAD  QUEENS,4518,15,407,TRI STATE PLBG & HTG INC,40.789669036865234,-73.81342315673828
Queens,4624942,7/1/2026,7/22/2025,42062090101NB15,NB,Issued,420620901,NB,,,PERMIT ISSUED - ENTIRE JOB/WORK,46503.0,39,7,0.0,25-16 37 AVE  Queens,368,22,401,TAN ARCHITECT P.C,40.756439208984375,-73.93437957763672
QUEENS,4624946,10/21/2025,10/21/2024,Q01022114-S3-SE,Support of Excavation,Permit Issued,Q01022114-S3,New Building,,,Permit Entire,3843.0,2,2,0.0,3-16 125 STREET  QUEENS,3921,47,407,HY DESIGN & DEVELOPMENT L,40.79331970214844,-73.84290313720703
QUEENS,4624947,6/11/2026,10/1/2025,Q01021890-S5-FN,Construction Fence,Permit Issued,Q01021890-S5,New Building,,,Permit Entire,4591.5,2,2,0.0,3-14 125 STREET  QUEENS,3921,46,407,HY DESIGN & DEVELOPMENT L,40.79351043701172,-73.84291076660156
QUEENS,4624948,6/11/2026,8/18/2025,Q01022119-S3-ST,Structural,Permit Issued,Q01022119-S3,New Building,,,Permit Entire,3369.0,2,2,0.0,3-20 125 STREET  QUEENS,3921,49,407,HY DESIGN & DEVELOPMENT L,40.793418884277344,-73.84256744384766
Queens,4624960,6/29/2026,8/29/2025,42113303501NB06,NB,Issued,421133035,NB,,,PERMIT ISSUED - ENTIRE JOB/WORK,71887.0,64,8,0.0,22-51 45 STREET  Queens,769,42,401,DATTNER ARCHITECTS,40.76935958862305,-73.90457153320312
Queens,4624973,11/25/2025,12/20/2024,42166196301NB05,NB,Issued,421661963,NB,,,PERMIT ISSUED - ENTIRE JOB/WORK,18900.0,25,8,0.0,41-34 45TH STREET  Queens,157,36,402,DEFONSECA ARCHITECTS,40.74571990966797,-73.91941833496094
QUEENS,4624975,1/27/2026,2/3/2025,Q01020631-S3-SE,Support of Excavation,Permit Issued,Q01020631-S3,New Building,,,Permit Entire,4153.0,0,1,0.0,80-52 SURREY PLACE  QUEENS,7228,51,408,GM 88 DEVELOPMENT CORP,40.72536849975586,-73.78800201416016
QUEENS,4624983,2/7/2026,2/7/2025,Q00993629-S3-SE,Support of Excavation,Permit Issued,Q00993629-S3,New Building,,,Permit Entire,4081.43994140625,2,2,0.0,13-07 125 STREET  QUEENS,4001,21,407,GOLDEN TIME CONTRACTING I,40.786460876464844,-73.84266662597656
QUEENS,4624987,11/15/2025,11/15/2024,Q00487705-I1-GC,General Construction,Permit Issued,Q00487705-I1,New Building,,,Permit Entire,88125.0,260,14,1000000.0,144-06 135 AVENUE  QUEENS,12099,36,412,LGTB MANAGEMENT INC,40.66767883300781,-73.7952880859375
QUEENS,4624999,12/31/2025,4/16/2025,Q01002920-Z5-SE,Support of Excavation,Permit Issued,Q01002920-Z5,New Building,,,Permit Entire,612205.0,0,5,0.0,126-87 WILLETS POINT BOULEVARD  QUEENS,1823,12,407,TURNER CONSTRUCTION COMPA,40.7582893371582,-73.84329986572266
QUEENS,4625001,10/30/2025,10/30/2024,Q00999453-I1-GC-CX,Structural General Construction,Permit Issued,Q00999453-I1,New Building,,,Permit Entire,300.0,0,1,0.0,155-15 GAR 134 AVENUE  QUEENS,12280,35,412,J&J DESIGNS INC,40.67131042480469,-73.78103637695312
QUEENS,4625009,1/20/2026,2/14/2025,Q01000858-S6-SE,Support of Excavation,Permit Issued,Q01000858-S6,New Building,,,Permit Entire,56122.0,47,4,0.0,140-28 31 DRIVE  QUEENS,4414,27,407,GRAND CONSTRUCTION & DEV*,40.76932144165039,-73.8273696899414
QUEENS,4625013,3/28/2026,10/20/2025,Q01006943-I1-GC-CX,Structural General Construction Foundation Earth Work,Permit Issued,Q01006943-I1,New Building,,,Permit Entire,300.0,0,1,0.0,42-20 GAR 247 STREET  QUEENS,8116,92,411,HOME STYLE IMPROVEMENTS *,40.76979064941406,-73.74227905273438
QUEENS,4625025,12/9/2025,12/9/2024,Q01010863-I1-GC-CX,Mechanical Systems General Construction Foundation Earth Work,Permit Issued,Q01010863-I1,New Building,,,Permit Entire,3816.0,2,2,0.0,145-33 167 STREET  QUEENS,13286,9,413,DAJ EMR LLC,40.663028717041016,-73.77404022216797
QUEENS,4625028,1/29/2026,1/29/2025,Q00554634-S6-SE,Support of Excavation,Permit Issued,Q00554634-S6,New Building,,,Permit Entire,29134.0,28,13,0.0,166-13 91 AVENUE  QUEENS,9796,47,412,SKYVIEW DEVELOPERS GROUP,40.706871032714844,-73.79408264160156
QUEENS,4625030,11/5/2025,1/9/2025,Q01010719-I1-ST,Structural,Permit Issued,Q01010719-I1,New Building,,,Permit Entire,570.0,0,1,0.0,160-26 GAR 130 AVENUE  QUEENS,12275,19,412,EMPIRE & R GENERAL CONSTR,40.67539978027344,-73.77932739257812
QUEENS,4625056,12/24/2025,12/24/2024,Q00654121-S1-SE,Support of Excavation,Permit Issued,Q00654121-S1,New Building,,,Permit Entire,53591.0,43,6,100.0,37-04 34 STREET  QUEENS,375,20,401,GRAND CONSTRUCTION & DEV*,40.753631591796875,-73.9291763305664
QUEENS,4625064,3/26/2026,10/16/2025,Q01026017-I1-GC,General Construction,Permit Issued,Q01026017-I1,New Building,,,Permit Entire,300.0,0,1,0.0,115-26 GAR 117 STREET  QUEENS,11709,48,410,RB & SON GENERAL CONTRACT,40.6756706237793,-73.82154083251953
QUEENS,4625073,8/1/2026,9/30/2025,Q01032022-I1-GC-CX,Mechanical Systems Structural General Construction Foundation Earth Work,Permit Issued,Q01032022-I1,New Building,,,Permit Entire,4850.72021484375,2,2,0.0,169-13 111 AVENUE  QUEENS,10200,83,412,D & D BUILDING CONTRACTOR,40.694358825683594,-73.782470703125
QUEENS,4625090,12/31/2025,9/17/2025,Q00548200-I1-GC,General Construction,Permit Issued,Q00548200-I1,New Building,,,Permit Entire,4998.0,0,1,1000.0,42-34 24 STREET  QUEENS,428,17,402,SUFFOLK CONSTRUCTION COMP,40.750179290771484,-73.94245910644531
QUEENS,4625092,2/23/2026,10/9/2025,Q01034648-I1-GC-CX,General Construction Foundation,Permit Issued,Q01034648-I1,New Building,,,Permit Entire,300.0,0,1,0.0,219-47 GAR EDGEWOOD AVENUE  QUEENS,13062,60,413,V.A BUILDERS CORP,40.6693115234375,-73.75476837158203
QUEENS,4625104,11/14/2025,9/4/2025,Q01038349-S9-SE,Support of Excavation,Permit Issued,Q01038349-S9,New Building,,,Permit Entire,4276.5,1,2,0.0,70-16 110 STREET  QUEENS,2222,34,406,EJ HOMES 45 LLC,40.72325134277344,-73.842041015625
QUEENS,4625121,3/18/2026,5/23/2025,Q01013827-I1-GC,General Construction,Permit Issued,Q01013827-I1,ALT-CO - New Building with Existing Elements to Remain,Yes,,Permit Entire,2199.3798828125,1,2,335730.0,166-17 METCALF AVENUE  QUEENS,5569,1,407,THC CONSTRUCTION INC,40.747501373291016,-73.80133056640625
Queens,4625132,11/19/2025,5/20/2025,42113417801NB04,NB,Issued,421134178,NB,,,PERMIT ISSUED - ENTIRE JOB/WORK,139435.0,133,12,0.0,15-23 VILLAGE LANE  Queens,15537,100,414,MARVEL ARCHITECTS,40.606781005859375,-73.7517318725586
Queens,4625133,11/19/2025,3/24/2025,42113418701NB06,NB,Issued,421134187,NB,,,PERMIT ISSUED - ENTIRE JOB/WORK,290691.0,252,12,0.0,1518 VILLAGE LANE  Queens,15537,65,414,MARVEL ARCHITECTS,40.607200622558594,-73.75221252441406
QUEENS,4625145,10/22/2025,10/22/2024,Q01053386-I1-GC-CX,Mechanical Systems Structural General Construction Foundation Earth Work,Permit Issued,Q01053386-I1,New Building,,,Permit Entire,3420.0,2,3,0.0,6950 HESSLER AVENUE  QUEENS,16051,54,414,PRECISION HOME DEV INC,40.59423065185547,-73.8001937866211
QUEENS,4625150,10/22/2025,10/25/2024,Q00847416-I1-GC,General Construction,Permit Issued,Q00847416-I1,New Building,,,Permit Entire,4791.0,0,1,1000.0,32-67 68 STREET  QUEENS,1164,45,403,LORICH CONSTRUCTION MANAG,40.75453186035156,-73.89806365966797
QUEENS,4625189,11/23/2025,9/24/2025,Q01083478-I1-ST,Structural,Permit Issued,Q01083478-I1,New Building,,,Permit Entire,3699.89990234375,2,3,0.0,58-18 83 PLACE  QUEENS,2911,13,405,HOME STYLE IMPROVEMENTS *,40.72882843017578,-73.87818908691406
QUEENS,4625200,1/8/2026,3/28/2025,Q01072014-I1-GC-CX,Mechanical Systems Structural General Construction,Permit Issued,Q01072014-I1,New Building,,,Permit Entire,3840.0,2,2,0.0,150-07 125 AVENUE  QUEENS,12218,101,412,RISHON HOMES CORP,40.67539978027344,-73.78955078125
Queens,4625212,8/16/2026,10/15/2025,42194957401NB21,NB,Issued,421949574,NB,,,PERMIT ISSUED - ENTIRE JOB/WORK,41386.0,105,15,0.0,144-02 94TH AVENUE  Queens,9993,1,412,MICHAEL KANG ARCHITECT  P.C.,40.698299407958984,-73.80827331542969
QUEENS,4625216,12/13/2025,7/21/2025,Q01090181-S6-SE,Support of Excavation,Permit Issued,Q01090181-S6,New Building,,,Permit Entire,15776.0498046875,16,4,0.0,97-36 BRISBIN STREET  QUEENS,10012,18,412,PRIME CONSTRUCTION USA,40.69517135620117,-73.80860900878906
QUEENS,4625221,2/24/2026,10/3/2025,Q01188606-S4-SE,Support of Excavation,Permit Issued,Q01188606-S4,New Building,,,Permit Entire,4711.93017578125,2,4,0.0,103-32 52 AVENUE  QUEENS,1943,14,404,STREAM ROCK CONTSRUCTION*,40.74197006225586,-73.85761260986328
QUEENS,4625222,12/30/2025,4/28/2025,Q01097196-S4-SE,Support of Excavation,Permit Issued,Q01097196-S4,New Building,,,Permit Entire,3902.8701171875,2,2,0.0,67-12 215 STREET  QUEENS,7626,11,411,L2 CONSTRUCTION INC,40.743141174316406,-73.76077270507812
QUEENS,4625232,2/3/2026,4/11/2025,Q01096568-S1-PL,Plumbing,Permit Issued,Q01096568-S1,New Building,,,Permit Entire,4112.0,2,2,0.0,147-47 DELAWARE AVENUE  QUEENS,5404,124,407,WATSON'S PLBG  HTG  & BDG,40.757450103759766,-73.81434631347656
QUEENS,4625245,2/10/2026,10/8/2025,Q01169423-I1-GC-CX,Structural General Construction Foundation Earth Work,Permit Issued,Q01169423-I1,New Building,,,Permit Entire,300.0,0,1,0.0,115-39GAR 158 STREET  QUEENS,12198,51,412,MOD CONSULTANTS LLC,40.686119079589844,-73.7862777709961
QUEENS,4625268,1/21/2026,1/21/2025,Q01111469-I1-GC-CX,Mechanical Systems Structural General Construction Foundation Earth Work,Permit Issued,Q01111469-I1,New Building,,,Permit Entire,3822.0,2,2,0.0,38-24 215 STREET  QUEENS,6240,35,411,PRECISION HOME DEV INC,40.76628875732422,-73.76947784423828
QUEENS,4625270,1/22/2026,1/22/2025,Q01111474-I1-GC-CX,Mechanical Systems Structural General Construction Foundation Earth Work,Permit Issued,Q01111474-I1,New Building,,,Permit Entire,3456.0,2,2,0.0,38-32 215 STREET  QUEENS,6240,37,411,PRECISION HOME DEV INC,40.7666015625,-73.76927947998047
Queens,4625276,1/21/2026,9/2/2025,42159027301NB08,NB,Issued,421590273,NB,,,PERMIT ISSUED - ENTIRE JOB/WORK,75443.0,51,9,0.0,31-35 137 STREET  Queens,4410,7,407,ANGELO NG & ANTHONY NG ARCHITECT,40.76866149902344,-73.83078002929688
QUEENS,4625281,7/28/2026,7/28/2025,Q01112041-I1-GC-CX,Structural General Construction Foundation Earth Work,Permit Issued,Q01112041-I1,New Building,,,Permit Entire,4901.2998046875,2,3,0.0,88-29 184 STREET  QUEENS,9931,13,412,B36 SERVICES INC,40.713340759277344,-73.77776336669922
QUEENS,4625293,10/29/2025,5/6/2025,Q01126046-S1-PL,Plumbing,Permit Issued,Q01126046-S1,New Building,,,Permit Entire,3517.0,2,3,0.0,449 BEACH   45 STREET  QUEENS,15968,86,414,INFINITI ESC PLUMBING COR,40.59709930419922,-73.77699279785156
QUEENS,4625294,10/29/2025,5/6/2025,Q01125266-S2-PL,Plumbing,Permit Issued,Q01125266-S2,New Building,,,Permit Entire,3517.0,2,3,0.0,453 BEACH   45 STREET  QUEENS,15968,85,414,INFINITI ESC PLUMBING COR,40.59716033935547,-73.77699279785156
QUEENS,4625298,1/8/2026,9/2/2025,Q01158762-I1-GC-CX,Structural General Construction Foundation Earth Work,Permit Issued,Q01158762-I1,New Building,,,Permit Entire,300.0,0,1,0.0,88-29GAR 184 STREET  QUEENS,9931,13,412,RISHON HOMES CORP,40.71311950683594,-73.77742767333984
QUEENS,4625306,6/30/2026,6/30/2025,Q01122532-I1-GC-CX,Mechanical Systems Structural General Construction,Permit Issued,Q01122532-I1,New Building,,,Permit Entire,3290.800048828125,2,3,0.0,66-31 53 ROAD  QUEENS,2406,42,405,SAFETY PRO CONSTRUCTION,40.730690002441406,-73.89884948730469
QUEENS,4625307,2/4/2026,7/28/2025,Q01127246-I1-GC-CX,General Construction Foundation Earth Work,Permit Issued,Q01127246-I1,New Building,,,Permit Entire,300.0,0,1,0.0,17-11 GAR 201 STREET  QUEENS,5783,62,407,MASTORAS BUILDERS LLC,40.782081604003906,-73.7920913696289
QUEENS,4625343,11/16/2025,4/21/2025,Q00858356-S2-PL,Plumbing,Permit Issued,Q00858356-S2,New Building,,,Permit Entire,3744.5400390625,2,3,0.0,66-15 CLINTON AVENUE  QUEENS,2396,28,405,HP SERVICES INC,40.7263298034668,-73.89824676513672
QUEENS,4625344,5/31/2026,10/7/2025,Q01193655-I1-GC-CX,Mechanical Systems Structural General Construction Foundation Earth Work,Permit Issued,Q01193655-I1,New Building,,,Permit Entire,4639.240234375,2,2,0.0,108-25 DITMARS BOULEVARD  QUEENS,1657,107,403,PRECISION HOME DEV INC,40.7636604309082,-73.86177062988281
QUEENS,4625369,12/31/2025,2/4/2025,Q01149650-I1-GC-CX,Structural General Construction Foundation,Permit Issued,Q01149650-I1,New Building,,,Permit Entire,300.0,0,1,0.0,150-28 GAR 17 ROAD  QUEENS,4686,38,407,L&L CONSTRUCTION DEVELOP,40.783119201660156,-73.81285095214844
QUEENS,4625383,1/9/2026,9/11/2025,Q01153968-S4-ST,Structural,Permit Issued,Q01153968-S4,New Building,,,Permit Entire,1140.0,0,1,0.0,46-73 54 ROAD  QUEENS,2545,40,402,GA INDUSTRIES INC,40.73080062866211,-73.91963958740234
Queens,4625397,12/20/2025,7/24/2025,42066541701NB05,NB,Issued,420665417,NB,,,PERMIT ISSUED - ENTIRE JOB/WORK,8735.0,7,4,0.0,40-54 JUNCTION BLVD  Queens,1596,34,404,HC ARCHITECT PC,40.7476806640625,-73.86885070800781
QUEENS,4625403,12/31/2025,4/15/2025,Q01159561-S1-ST,Structural,Permit Issued,Q01159561-S1,New Building,,,Permit Entire,5296.18994140625,1,2,0.0,251-42 THORNHILL AVENUE  QUEENS,8246,5,411,L&L CONSTRUCTION DEVELOP,40.76390075683594,-73.72933197021484
Queens,4625406,12/13/2025,4/18/2025,42113354301NB04,NB,Issued,421133543,NB,,,PERMIT ISSUED - ENTIRE JOB/WORK,29031.0,23,4,0.0,187-11 HOLLIS AVE  Queens,10815,14,412,VS CONSULTING ENGINEERING  P.C,40.710350036621094,-73.77055358886719
QUEENS,4625442,2/24/2026,5/2/2025,Q01177691-S3-FN,Construction Fence,Permit Issued,Q01177691-S3,New Building,,,Permit Entire,61270.5,99,6,0.0,137 BEACH   30 STREET  QUEENS,15822,48,414,TARGET CONSTRUCTION LLC,40.59300994873047,-73.76277160644531
QUEENS,4625443,10/29/2025,10/17/2025,Q01083226-S4-PL,Plumbing,Permit Issued,Q01083226-S4,New Building,,,Permit Entire,5039.0,2,2,0.0,219-50 143 AVENUE  QUEENS,13083,65,413,INFINITI ESC PLUMBING COR,40.66767120361328,-73.75531768798828
QUEENS,4625488,9/3/2026,9/3/2025,Q01180150-S3-PL,Plumbing,Permit Issued,Q01180150-S3,New Building,,,Permit Entire,3627.5400390625,2,2,0.0,118-11 LAKEVIEW BOULEVARD EAST  QUEENS,12239,26,412,JMW PLUMBING  INC,40.68238067626953,-73.78462982177734
QUEENS,4625506,2/13/2026,2/13/2025,Q00616681-I1-GC-CX,Structural General Construction,Permit Issued,Q00616681-I1,New Building,,,Permit Entire,4134.0,1,2,1033500.0,149-55 122 STREET  QUEENS,11823,9,410,P & R CONSTR MGT NY CORP,40.66661834716797,-73.8189926147461
Queens,4625514,5/5/2026,7/29/2025,42130130801NB17,NB,Issued,421301308,NB,,,PERMIT ISSUED - ENTIRE JOB/WORK,330.0,1,1,0.0,108-37 JEWEL AVE  Queens,2220,49,406,ATELIER CS,40.72425079345703,-73.84353637695312
Queens,4625517,12/4/2025,11/20/2024,42066737101NB04,NB,Issued,420667371,NB,,,PERMIT ISSUED - ENTIRE JOB/WORK,20374.0,26,7,0.0,64-10 WETHEROLE STREET  Queens,3096,75,406,MICHAEL MUROFF ARCHITECT DPC,40.72726058959961,-73.86239624023438
QUEENS,4625536,3/18/2026,7/24/2025,Q01223894-S1-FN,Construction Fence,Permit Issued,Q01223894-S1,New Building,,,Permit Entire,4910.330078125,1,2,0.0,11-23 MALBA DRIVE  QUEENS,4444,121,407,THC CONSTRUCTION INC,40.7884407043457,-73.82449340820312
Queens,4625561,12/30/2025,1/2/2025,42172927701NB03,NB,Issued,421729277,NB,,,PERMIT ISSUED - ENTIRE JOB/WORK,4238.0,1,4,0.0,3016 BESSEMUND AVENUE  Queens,15738,87,414,NSC ARCHITECTURE  PC,40.602779388427734,-73.7673568725586
Queens,4625562,12/30/2025,1/2/2025,42172925901NB03,NB,Issued,421729259,NB,,,PERMIT ISSUED - ENTIRE JOB/WORK,4723.0,1,3,0.0,3020 BESSEMUND AVENUE  Queens,15738,88,414,NSC ARCHITECTURE  PC,40.60274887084961,-73.76744842529297
Queens,4625563,12/30/2025,1/2/2025,42172998101NB03,NB,Issued,421729981,NB,,,PERMIT ISSUED - ENTIRE JOB/WORK,3730.0,1,3,0.0,3024 BESSEMUND AVENUE  Queens,15738,89,414,NSC ARCHITECTURE  PC,40.60272979736328,-73.76754760742188
Queens,4625564,12/30/2025,1/2/2025,42172996301NB03,NB,Issued,421729963,NB,,,PERMIT ISSUED - ENTIRE JOB/WORK,3100.0,1,3,0.0,3028 BESSEMUND AVENUE  Queens,15738,91,414,NSC ARCHITECTURE  PC,40.60322952270508,-73.76715087890625
Queens,4625565,12/30/2025,1/2/2025,42172995401NB03,NB,Issued,421729954,NB,,,PERMIT ISSUED - ENTIRE JOB/WORK,3100.0,1,3,0.0,3102 BESSEMUND AVENUE  Queens,15738,92,414,NSC ARCHITECTURE  PC,40.60258865356445,-73.767822265625
Queens,4625566,12/30/2025,1/2/2025,42172994501NB03,NB,Issued,421729945,NB,,,PERMIT ISSUED - ENTIRE JOB/WORK,3100.0,1,3,0.0,3104 BESSEMUND AVENUE  Queens,15738,95,414,NSC ARCHITECTURE  PC,40.602569580078125,-73.7679214477539
Queens,4625567,12/30/2025,1/2/2025,42172926801NB03,NB,Issued,421729268,NB,,,PERMIT ISSUED - ENTIRE JOB/WORK,3428.0,1,3,0.0,3018 BESSEMUND AVENUE  Queens,15738,187,414,NSC ARCHITECTURE  PC,40.602779388427734,-73.7673568725586
Queens,4625568,12/30/2025,1/2/2025,42172997201NB03,NB,Issued,421729972,NB,,,PERMIT ISSUED - ENTIRE JOB/WORK,3100.0,1,3,0.0,3026 BESSEMUND AVENUE  Queens,15738,189,414,NSC ARCHITECTURE  PC,40.6026496887207,-73.76761627197266
Queens,4625569,12/30/2025,1/2/2025,42172992701NB03,NB,Issued,421729927,NB,,,PERMIT ISSUED - ENTIRE JOB/WORK,3100.0,1,3,0.0,1060 BEACH 32 STREET  Queens,15738,192,414,NSC ARCHITECTURE  PC,40.602779388427734,-73.76790618896484
Queens,4625570,12/30/2025,1/2/2025,42172991801NB03,NB,Issued,421729918,NB,,,PERMIT ISSUED - ENTIRE JOB/WORK,3100.0,1,3,0.0,1062 BEACH 32 STREET  Queens,15738,194,414,NSC ARCHITECTURE  PC,40.60285949707031,-73.7679214477539
Queens,4625571,12/30/2025,1/2/2025,42172990901NB03,NB,Issued,421729909,NB,,,PERMIT ISSUED - ENTIRE JOB/WORK,2986.0,1,3,0.0,1066 BEACH 32 STREET  Queens,15738,195,414,NSC ARCHITECTURE  PC,40.60292053222656,-73.76805877685547
QUEENS,4625602,7/20/2026,9/29/2025,Q01218647-I1-GC-CX,Structural General Construction Foundation,Permit Issued,Q01218647-I1,New Building,,,Permit Entire,360.0,0,1,0.0,66-15 GAR MARATHON PARKWAY  QUEENS,8380,240,411,GOLDEN TIME CONTRACTING I,40.75325012207031,-73.72634887695312
QUEENS,4625606,2/4/2026,5/9/2025,Q01217891-S1-FN,Construction Fence,Permit Issued,Q01217891-S1,New Building,,,Permit Entire,5353.5,2,2,0.0,147-15 22 AVENUE  QUEENS,4656,13,407,MASTORAS BUILDERS LLC,40.77949905395508,-73.8187026977539
QUEENS,4625628,8/27/2026,9/29/2025,Q01169436-I1-ST,Structural,Permit Issued,Q01169436-I1,New Building,,,Permit Issued,4650.5,2,2,0.0,43-43 189 STREET  QUEENS,5514,3,411,JJK BUILDING CONSULTING,40.75651931762695,-73.79154968261719
QUEENS,4625639,10/29/2025,9/8/2025,Q01231176-S2-PL,Plumbing,Permit Issued,Q01231176-S2,New Building,,,Permit Entire,3807.0,2,2,0.0,322 BEACH   32 STREET  QUEENS,15796,43,414,INFINITI ESC PLUMBING COR,40.596378326416016,-73.7645034790039
QUEENS,4625646,1/12/2026,7/14/2025,Q01212348-S1-FN,Construction Fence,Permit Issued,Q01212348-S1,New Building,,,Permit Entire,240.0,0,1,0.0,145-35 GAR 13 AVENUE  QUEENS,4461,87,407,KAIETEUR CONSTRUCTION INC,40.789039611816406,-73.82164001464844
QUEENS,4625664,5/6/2026,8/13/2025,Q01150703-S1-SE,Support of Excavation,Permit Issued,Q01150703-S1,New Building,,,Permit Entire,80881.0,89,9,0.0,34-16 38 STREET  QUEENS,645,38,401,Y&L INTERIOR LLC,40.756690979003906,-73.92228698730469
QUEENS,4625701,11/16/2025,7/24/2025,Q00883871-S1-FN,Construction Fence,Permit Issued,Q00883871-S1,New Building,,,Permit Entire,1710.8199462890625,0,1,0.0,197-20 HILLSIDE AVENUE  QUEENS,10472,7,412,IVAN ROSA LLC,40.718379974365234,-73.76458740234375
QUEENS,4804845,1/20/2026,8/7/2025,Q01169174-S1-SE,Support of Excavation,Permit Issued,Q01169174-S1,New Building,,,Permit Entire,49276.0,35,6,0.0,10-39 49 AVENUE  QUEENS,44,17,402,BBTS MANAGEMENT INC,40.74325942993164,-73.95298767089844
Queens,4807573,8/15/2026,9/26/2025,44063092501NB02,NB,Issued,440630925,NB,,,PERMIT ISSUED - ENTIRE JOB/WORK,3646.0,1,3,0.0,186-01 80 DRIVE  Queens,7257,58,408,AMINOV DESIGN ENGINEER  PC,40.72748947143555,-73.781982421875
Queens,4809235,2/12/2026,8/25/2025,42066307101NB04,NB,Issued,420663071,NB,,,PERMIT ISSUED - PARTIAL JOB,2592.0,2,2,0.0,31-41 97TH STREET  Queens,1409,48,403,OAPD - OFFICE FOR ARCHITECTURE,40.7595100402832,-73.87149810791016
QUEENS,4811592,3/26/2026,8/21/2025,Q01168948-S2-FN,Construction Fence,Permit Issued,Q01168948-S2,New Building,,,Permit Entire,2997.0,2,2,0.0,131-16 134 STREET  QUEENS,11778,87,410,NY1 SARPANCH CONSTRUCTION,40.66997146606445,-73.80487060546875
Queens,4818148,4/2/2026,5/27/2025,42159624001NB08,NB,Issued,421596240,NB,,,PERMIT ISSUED - ENTIRE JOB/WORK,2750.0,2,3,0.0,414 BEACH 45TH STREET  Queens,15967,7,414,CB ENGINEERING PC,40.59611129760742,-73.77635955810547
Queens,4823967,10/15/2026,10/15/2025,42023025301NB04,NB,Issued,420230253,NB,,,PERMIT ISSUED - PARTIAL JOB,3609.0,1,2,0.0,32-11 DOUGLAS ROAD  Queens,8162,120,411,MIELE ASSOCIATES LLP,40.77743911743164,-73.74578094482422
QUEENS,4831477,12/9/2025,12/9/2024,Q00608821-S4-GC-CX,Structural General Construction Foundation Earth Work,Permit Issued,Q00608821-S4,New Building,,,Permit Entire,165844.0,0,6,9000000.0,106-02 ROCKAWAY BEACH BOULEVARD  QUEENS,16178,65,414,STANDARD CONCRETE AND EXC,40.58245849609375,-73.82798767089844
Queens,4833056,2/17/2026,7/8/2025,42065918401NB12,NB,Issued,420659184,NB,,,PERMIT ISSUED - ENTIRE JOB/WORK,3140.0,2,2,0.0,116-13 SUTPHIN BOULEVARD  Queens,12201,4,412,NEW YORK ARCHITECTURAL SOLUTIONS,40.682220458984375,-73.79228210449219
QUEENS,4834394,4/1/2026,6/4/2025,Q00643563-S4-SE,Support of Excavation,Permit Issued,Q00643563-S4,New Building,,,Permit Entire,103782.0,15,2,1.0,242-22 61 AVENUE  QUEENS,8286,186,411,ATRIA BUILDERS LLC,40.75566101074219,-73.73739624023438
Queens,4842231,12/31/2025,12/20/2024,42173388701AL06,AL,Issued,421733887,A1,Y,Y,PERMIT ISSUED - ENTIRE JOB/WORK,275963.0,0,6,5635000.0,81-80 COOPER AVE  Queens,3810,2,405,MYLES ARCHITECTURE  P.C.,40.70996856689453,-73.86797332763672
Queens,4850809,4/19/2026,4/30/2025,42160907601NB08,NB,Issued,421609076,NB,,,PERMIT ISSUED - ENTIRE JOB/WORK,18550.0,12,3,0.0,6-05 129 STREET  Queens,3959,13,407,FANG ARCHITECT,40.79161071777344,-73.83837127685547
Queens,4853311,4/25/2026,6/17/2025,42060232401NB07,NB,Issued,420602324,NB,,,PERMIT ISSUED - ENTIRE JOB/WORK,23168.0,18,5,0.0,49-18 VERNON BOULEVARD  Queens,32,1,402,OAPD-OFFICE FOR ARCHITECTURE,40.74293899536133,-73.9543685913086
Queens,4854169,11/25/2025,1/13/2025,42153282601NB06,NB,Issued,421532826,NB,,,PERMIT ISSUED - ENTIRE JOB/WORK,3284.0,3,4,0.0,50-38 44 STREET  Queens,2293,63,402,DEFONSECA ARCHITECTS,40.73662185668945,-73.92217254638672
QUEENS,4855669,11/6/2025,11/20/2024,Q00951994-S1-SE,Support of Excavation,Permit Issued,Q00951994-S1,New Building,,,Permit Entire,5000.0,0,8,0.0,133-45 39 AVENUE  QUEENS,4972,59,407,WING JAY CONSTRUCTION INC,40.75912094116211,-73.83415222167969
Queens,4857816,4/1/2026,9/19/2025,40175788001NB03,NB,Issued,401757880,NB,,,PERMIT ISSUED - ENTIRE JOB/WORK,6308.0,0,1,0.0,14-11 31 DRIVE  Queens,532,14,401,GINO A MISCIAGNA  ARCHITECT,40.76707077026367,-73.93226623535156
Queens,4862338,7/8/2026,7/29/2025,40238344301NB07,NB,Issued,402383443,NB,,,PERMIT ISSUED - ENTIRE JOB/WORK,1729.0,1,2,0.0,123-62 135 STREET  Queens,11758,78,410,Joshua Architect + Planner  P.C.,40.67277908325195,-73.80377960205078
Queens,4862405,6/8/2026,8/21/2025,40241535601NB06,NB,Issued,402415356,NB,,,PERMIT ISSUED - ENTIRE JOB/WORK,5200.0,3,3,0.0,107-46 156 STREET  Queens,10134,48,412,NORMAN CHAN  P.E.,40.69472122192383,-73.79686737060547
Queens,4863289,6/8/2026,6/20/2025,40257536101NB06,NB,Issued,402575361,NB,,,PERMIT ISSUED - ENTIRE JOB/WORK,2940.0,1,2,0.0,130-06 233 STREET  Queens,12911,151,413,Royal Engineering  P.C.,40.6803092956543,-73.73438262939453
Queens,4864171,9/9/2026,8/22/2025,40263449501NB16,NB,Issued,402634495,NB,,,PERMIT ISSUED - ENTIRE JOB/WORK,5500.0,6,4,0.0,92-12 101 AVENUE  Queens,9099,5,409,M.A. COSENTINO & WHYTE ARCHITECT,40.683448791503906,-73.84795379638672
Queens,4864634,11/13/2025,9/25/2025,42139247901NB07,NB,Issued,421392479,NB,,,PERMIT ISSUED - PARTIAL JOB,1840.0,2,2,0.0,160-11 109TH AVENUE  Queens,10149,77,412,BILLAH ENGINEERING,40.694549560546875,-73.79174041748047
STATEN ISLAND,5000206,8/7/2026,8/13/2025,S00612758-I1-GC-CX,Structural General Construction Foundation Earth Work,Permit Issued,S00612758-I1,New Building,,,Permit Entire,6667.0,5,4,1000.0,422 ST MARKS PLACE  STATEN ISLAND,16,117,501,AVC GENERAL CONTRACTING L,40.63938903808594,-74.07762908935547
STATEN ISLAND,5004999,10/28/2025,10/28/2024,S01050297-I1-GC-CX,Structural General Construction Foundation,Permit Issued,S01050297-I1,Alteration CO,Yes,Yes,Permit Entire,1597.8900146484375,1,2,102081.0,45 SENECA STREET  STATEN ISLAND,180,77,501,R.N.K. ROMEO CONST INC,40.632080078125,-74.11559295654297
Staten Island,5006499,3/17/2026,5/7/2025,51011332401AL01,AL,Issued,510113324,A1,Y,,PERMIT ISSUED - PARTIAL JOB,2534.0,2,2,140000.0,389 JEWETT AVE.  Staten Island,238,238,501,AVID DESIGNS  INC,40.62725067138672,-74.13069152832031
STATEN ISLAND,5009894,2/26/2026,9/15/2025,S08004461-S2-MS,Mechanical Systems,Permit Issued,S08004461-S2,ALT-CO - New Building with Existing Elements to Remain,Yes,Yes,Permit Entire,4102.0,1,3,20000.0,150 RAVENHURST AVENUE  STATEN ISLAND,356,324,501,JM MECHANICAL HVAC LLC,40.623268127441406,-74.13038635253906
STATEN ISLAND,5010297,3/14/2026,10/16/2025,S01283288-I1-FD,Full Demolition,Permit Issued,S01283288-I1,Full Demolition,,,Permit Entire,1950.0,0,0,25000.0,396 MANOR ROAD  STATEN ISLAND,367,23,501,BETHEL BUILDING CORP,40.618160247802734,-74.12445068359375
STATEN ISLAND,5010387,1/1/2026,1/3/2025,S00975811-I1-GC,General Construction,Permit Issued,S00975811-I1,Alteration CO,Yes,Yes,Permit Entire,3161.0,1,3,400975.0,66 GOODWIN AVENUE  STATEN ISLAND,369,97,501,Z N J CONSTRUCTION INC,40.616268157958984,-74.1260986328125
STATEN ISLAND,5010425,3/8/2026,8/12/2025,S01116628-I1-GC,General Construction,Permit Issued,S01116628-I1,ALT-CO - New Building with Existing Elements to Remain,Yes,Yes,Permit Issued,2946.050048828125,1,2,850000.0,305 SOUTH GREENLEAF AVENUE  STATEN ISLAND,370,17,501,SCAMPA CONTRACTING  CORP,40.61629867553711,-74.1247787475586
Staten Island,5012366,9/22/2026,9/18/2025,52038748401AL07,AL,Issued,520387484,A1,Y,,PERMIT ISSUED - ENTIRE JOB/WORK,5400.0,2,3,343000.0,190 WATCHOGUE ROAD  Staten Island,459,16,501,CSGUDE ARCHITECTURE  PC,40.615509033203125,-74.13571166992188
Staten Island,5013025,6/29/2026,10/1/2025,52021475901AL08,AL,Issued,520214759,A1,Y,Y,PERMIT ISSUED - ENTIRE JOB/WORK,0.0,1,2,67000.0,404 CRYSTAL AVENUE  Staten Island,479,46,501,CHARLES A. MAGRINO  A.I.A.,40.613468170166016,-74.14293670654297
Staten Island,5013211,7/31/2026,8/7/2025,52012266101AL10,AL,Issued,520122661,A1,,Y,PERMIT ISSUED - ENTIRE JOB/WORK,0.0,2,4,242790.0,26 WATER STREET  Staten Island,493,8,501,WILLY C. YUIN ARCHITECT PLLC,40.62709045410156,-74.07525634765625
STATEN ISLAND,5016143,8/27/2026,8/27/2025,S08014541-S3-GC-CX,Structural General Construction Foundation,Permit Issued,S08014541-S3,ALT-CO - New Building with Existing Elements to Remain,Yes,Yes,Permit Entire,7114.0,1,3,50000.0,28 INWOOD ROAD  STATEN ISLAND,629,125,501,LL CUSTOM HOMES LLC,40.612510681152344,-74.09425354003906
STATEN ISLAND,5016261,1/9/2026,3/9/2025,S01121982-I1-GC-CX,Mechanical Systems Structural General Construction Foundation Earth Work,Permit Issued,S01121982-I1,New Building,,,Permit Entire,366.0,2,2,0.0,37 WIEDERER PLACE  STATEN ISLAND,634,18,501,STEADFAST CONSTRUCTION LL,40.61817932128906,-74.08379364013672
Staten Island,5016305,7/2/2026,7/9/2025,52025676701AL05,AL,Issued,520256767,A1,Y,,PERMIT ISSUED - PARTIAL JOB,0.0,0,2,462500.0,36 HARDY STREET  Staten Island,638,49,501,ASKON ARCHITECTS  P.C.,40.617431640625,-74.08363342285156
Staten Island,5017092,4/1/2026,10/15/2025,52045237701NB07,NB,Issued,520452377,NB,,,PERMIT ISSUED - ENTIRE JOB/WORK,8801.0,1,3,0.0,527 OCEAN TERRACE  Staten Island,684,12,502,MICHAEL A. BIAGIOLI  AIA,40.60374069213867,-74.10301971435547
STATEN ISLAND,5017113,3/15/2026,8/27/2025,S00954361-I1-GC-CX,Structural General Construction Foundation,Permit Issued,S00954361-I1,ALT-CO - New Building with Existing Elements to Remain,Yes,Yes,Permit Entire,10540.7998046875,1,3,1315000.0,61 COVERLY AVENUE  STATEN ISLAND,684,148,502,K&W BUILDING & DEVELOPMEN,40.6044807434082,-74.10289764404297
STATEN ISLAND,5017650,2/28/2026,2/28/2025,S00702236-I1-GC-CX,Structural General Construction Foundation Earth Work,Permit Issued,S00702236-I1,ALT-CO - New Building with Existing Elements to Remain,Yes,Yes,Permit Entire,3999.31005859375,2,3,602600.0,31 LINCOLN STREET  STATEN ISLAND,700,63,502,SKEN SERVICES CORP,40.60408020019531,-74.11929321289062
Staten Island,5018596,1/18/2026,8/28/2025,52011624001AL06,AL,Issued,520116240,A1,Y,Y,PERMIT ISSUED - ENTIRE JOB/WORK,3822.0,2,2,113600.0,74 KELL AVE.  Staten Island,734,19,501,SANARK DESIGN GROUP,40.6114387512207,-74.13540649414062
Staten Island,5019871,4/8/2026,8/13/2025,50065142101AL03,AL,Issued,500651421,A1,,Y,PERMIT ISSUED - ENTIRE JOB/WORK,2500.0,1,3,10000.0,22 FILLMORE AVENUE  Staten Island,776,25,502,LAWRENCE MANDARINO ARCH,40.60371017456055,-74.134521484375
STATEN ISLAND,5020512,12/13/2025,12/13/2024,S00945770-S3-MS,Mechanical Systems,Permit Issued,S00945770-S3,Alteration CO,No,Yes,Permit Entire,3331.0,2,3,13700.0,735 WILLOWBROOK ROAD  STATEN ISLAND,795,34,502,BRADLEY ASSOCIATES OF SI,40.606510162353516,-74.14717864990234
STATEN ISLAND,5020974,5/8/2026,10/7/2025,S01254012-I1-GC,General Construction,Permit Issued,S01254012-I1,Alteration CO,,Yes,Permit Issued,3764.0,2,3,263400.0,91 LIVINGSTON AVENUE  STATEN ISLAND,808,8,502,PYRAMID FRAMERS USA INC,40.603450775146484,-74.12853240966797
STATEN ISLAND,5022995,1/27/2026,2/20/2025,S08029762-I1-GC-CX,Structural General Construction Foundation,Permit Issued,S08029762-I1,New Building,,,Permit Entire,12831.0,1,2,1500000.0,76 CROMWELL CIRCLE  STATEN ISLAND,894,113,502,AL DIBIASI BUILDERS LLC,40.58951187133789,-74.10987854003906
STATEN ISLAND,5023044,1/15/2026,7/25/2025,S01188171-S1-FN,Construction Fence,Permit Issued,S01188171-S1,ALT-CO - New Building with Existing Elements to Remain,Yes,Yes,Permit Entire,5995.0,1,3,1000.0,55 HILLTOP TERRACE  STATEN ISLAND,894,478,502,CONCORD 1 CONSTRUCTION LL,40.591678619384766,-74.10973358154297
STATEN ISLAND,5023071,11/19/2025,10/20/2025,S00879106-I1-GC,General Construction,Permit Issued,S00879106-I1,Alteration CO,,Yes,Permit Entire,4322.0,1,2,289420.0,45 WINDY HOLLOW WAY  STATEN ISLAND,896,20,502,LBM CONSTRUCTION OF NY IN,40.58647155761719,-74.1093521118164
Staten Island,5023724,1/18/2026,9/3/2025,52009081001AL08,AL,Issued,520090810,A1,Y,,PERMIT ISSUED - ENTIRE JOB/WORK,0.0,0,1,179060.0,91 PORT RICHMOND AVE  Staten Island,1005,11,501,RYAN DESIGN ARCHITECTURE,40.63869094848633,-74.13255310058594
STATEN ISLAND,5024901,1/1/2026,6/16/2025,S00790875-I1-GC,General Construction,Permit Issued,S00790875-I1,Alteration CO,Yes,Yes,Permit Entire,3303.0,2,2,350004.78125,196 LEXINGTON AVENUE  STATEN ISLAND,1050,120,501,RICHMOND COUNTY DEVEL LLC,40.627498626708984,-74.13719177246094
Staten Island,5026205,1/14/2026,6/23/2025,52010402001AL06,AL,Issued,520104020,A1,,Y,PERMIT ISSUED - ENTIRE JOB/WORK,0.0,2,3,46000.0,219 MORNINGSTAR ROAD  Staten Island,1127,7,501,RYAN AND VACCARO,40.63236999511719,-74.14620971679688
Staten Island,5026245,2/25/2026,2/25/2025,54018937501AL04,AL,Issued,540189375,A1,Y,Y,PERMIT ISSUED - ENTIRE JOB/WORK,3594.0,2,2,347000.0,91 WALKER STREET  Staten Island,1131,40,501,ALFRED V SAULO  ARCHITECT PC,40.63059997558594,-74.14264678955078
STATEN ISLAND,5026780,12/31/2025,4/1/2025,S00922525-I1-GC-CX,General Construction Foundation Earth Work,Permit Issued,S00922525-I1,New Building,,,Permit Entire,1112.0,1,2,0.0,327 PULASKI AVENUE  STATEN ISLAND,1166,11,501,KDC OF STATEN ISLAND INC,40.6303596496582,-74.14784240722656
Staten Island,5028553,1/14/2026,6/20/2025,54019445801NB05,NB,Issued,540194458,NB,,,PERMIT ISSUED - ENTIRE JOB/WORK,2880.0,2,2,0.0,116 NORTHFIELD AVENUE  Staten Island,1272,395,501,RYAN DESIGN ARCHITECTURE,40.637569427490234,-74.16845703125
Staten Island,5028715,1/23/2026,9/15/2025,52039957801AL02,AL,Issued,520399578,A1,Y,Y,PERMIT ISSUED - ENTIRE JOB/WORK,2509.0,1,3,74000.0,647 COLLEGE AVE  Staten Island,1435,136,501,KING ARCHITECT PLLC,40.62255859375,-74.14237213134766
Staten Island,5033748,7/10/2026,9/16/2025,51011587601NB06,NB,Issued,510115876,NB,,,PERMIT ISSUED - ENTIRE JOB/WORK,40234.0,24,2,0.0,1239 FOREST HILL RD  Staten Island,1965,49,502,SIMINO ARCHITECT,40.58897018432617,-74.1450424194336
Staten Island,5034154,6/8/2026,8/13/2025,52037087501NB06,NB,Issued,520370875,NB,,,PERMIT ISSUED - ENTIRE JOB/WORK,3569.0,2,2,0.0,19 DOROTHY STREET  Staten Island,1978,53,502,CALVANICO ASSOC. ARCH. &AMP; ENG,40.59885025024414,-74.13915252685547
Staten Island,5037036,4/10/2026,4/25/2025,52018460201NB11,NB,Issued,520184602,NB,,,PERMIT ISSUED - ENTIRE JOB/WORK,5375.0,1,3,0.0,10 MCCULLY AVENUE  Staten Island,2244,29,502,RYAN AND VACCARO,40.57548904418945,-74.13008117675781
STATEN ISLAND,5041686,12/31/2025,2/27/2025,S01165128-S1-PL,Plumbing,Permit Issued,S01165128-S1,New Building,,,Permit Entire,2222.080078125,2,3,0.0,106 BURKE AVENUE  STATEN ISLAND,2627,20,502,DUO PLUMBING & HTG CORP.,40.5926513671875,-74.1874008178711
Staten Island,5042304,5/31/2026,6/3/2025,51000333601NB10,NB,Issued,510003336,NB,,,PERMIT ISSUED - ENTIRE JOB/WORK,2987.0,2,2,0.0,87 CLIFF STREET  Staten Island,2834,64,501,MICHAEL DERUVO AND ASSOCIATES,40.61016082763672,-74.06243896484375
STATEN ISLAND,5042942,11/29/2025,11/29/2024,S01032439-I1-GC-CX,Structural General Construction Foundation,Permit Issued,S01032439-I1,New Building,,,Permit Entire,2500.0,2,3,0.0,109 ST JOHNS AVENUE  STATEN ISLAND,2859,180,501,ZAIM CONTRACTOR CORP,40.61071014404297,-74.06829833984375
STATEN ISLAND,5043675,5/26/2026,8/13/2025,S00945713-I1-GC-CX,Structural General Construction Foundation Earth Work,Permit Issued,S00945713-I1,Alteration CO,Yes,Yes,Permit Entire,4821.0,2,2,200005.0,720 TARGEE STREET  STATEN ISLAND,2903,1,501,BROOKLYN CONTRACTOR INC,40.609901428222656,-74.08757781982422
Staten Island,5045176,6/27/2026,7/14/2025,52036496201AL03,AL,Issued,520364962,A1,Y,Y,PERMIT ISSUED - ENTIRE JOB/WORK,2498.0,1,2,516066.0,18 SHORE ACRES ROAD  Staten Island,3066,163,501,WILLY C YUIN ARCHITECTS  PLLC,40.60865020751953,-74.061279296875
Staten Island,5045974,12/12/2025,7/24/2025,52036382901AL07,AL,Issued,520363829,A1,,Y,PERMIT ISSUED - ENTIRE JOB/WORK,1705.0,1,2,271100.0,11 WATERFORD COURT  Staten Island,3121,82,502,THINK DESIGN ARCHITECTURE,40.59833908081055,-74.06387329101562
Staten Island,5047291,7/24/2026,7/15/2025,50065773701AL05,AL,Issued,500657737,A1,Y,Y,PERMIT ISSUED - ENTIRE JOB/WORK,5893.0,1,3,158616.0,794 WEST FINGERBOARD ROAD  Staten Island,3225,14,502,SANNA & LOCCISANO ARCHITECTS PC,40.60158920288086,-74.08074188232422
Staten Island,5047349,12/29/2025,8/20/2025,52024087301AL05,AL,Issued,520240873,A1,Y,Y,PERMIT ISSUED - ENTIRE JOB/WORK,0.0,1,3,225060.0,170 BEVERLY ROAD  Staten Island,3228,85,502,LAND PLANNING & ENGINEERING CONS,40.60042953491211,-74.07872772216797
STATEN ISLAND,5048045,2/12/2026,3/27/2025,S00963309-I1-GC-CX,General Construction Foundation Earth Work,Permit Issued,S00963309-I1,Alteration CO,Yes,Yes,Permit Entire,2304.47998046875,2,34,206755.0,48 HICKORY AVENUE  STATEN ISLAND,3269,83,502,YAFE MEOD CORP,40.59624099731445,-74.0743637084961
STATEN ISLAND,5048739,12/1/2025,4/9/2025,S01135008-I1-GC-CX,Structural General Construction Foundation,Permit Issued,S01135008-I1,ALT-CO - New Building with Existing Elements to Remain,Yes,Yes,Permit Entire,2995.679931640625,2,3,375040.0,32 REMSEN STREET  STATEN ISLAND,3311,14,502,JP GENERAL CONTRACTOR &,40.594200134277344,-74.09175872802734
STATEN ISLAND,5049291,3/15/2026,6/4/2025,S01220118-S1-FN,Construction Fence,Permit Issued,S01220118-S1,Full Demolition,,,Permit Entire,1637.0,0,0,1.0,281 ALTER AVENUE  STATEN ISLAND,3337,49,502,PERCIBALLI INDUSTRIES INC,40.58926010131836,-74.09146118164062
STATEN ISLAND,5049561,6/9/2026,6/9/2025,S00499972-I1-GC-CX,Mechanical Systems Structural General Construction Foundation,Permit Issued,S00499972-I1,ALT-CO - New Building with Existing Elements to Remain,Yes,Yes,Permit Entire,3599.10009765625,2,2,552741.0,104 JEROME ROAD  STATEN ISLAND,3351,17,502,LL CUSTOM HOMES LLC,40.59286117553711,-74.08580017089844
STATEN ISLAND,5050065,11/19/2025,9/19/2025,S01262519-I1-FD,Full Demolition,Permit Issued,S01262519-I1,Full Demolition,,,Permit Entire,1274.0,0,0,35000.0,303 LIBERTY AVENUE  STATEN ISLAND,3380,91,502,MADONIA DEVELOPMENT CORP,40.58570861816406,-74.09165954589844
STATEN ISLAND,5050591,6/30/2026,7/16/2025,S00958775-S7-SE,Support of Excavation,Permit Issued,S00958775-S7,ALT-CO - New Building with Existing Elements to Remain,Yes,Yes,Permit Entire,4183.6201171875,2,2,29500.0,697 NORTH RAILROAD AVENUE  STATEN ISLAND,3530,107,502,CAVALRY LLC,40.58829116821289,-74.0982894897461
STATEN ISLAND,5051044,11/13/2025,11/13/2024,S00964713-I1-GC-CX,Structural General Construction,Permit Issued,S00964713-I1,New Building,,,Permit Entire,4056.0,2,3,0.0,153 HULL AVENUE  STATEN ISLAND,3557,1,502,SKEN SERVICES CORP,40.582618713378906,-74.1014404296875
STATEN ISLAND,5051361,12/12/2025,9/8/2025,S00980709-I1-GC-CX,Structural General Construction Foundation,Permit Issued,S00980709-I1,New Building,,,Permit Entire,3996.800048828125,2,3,0.0,311 HUSSON STREET  STATEN ISLAND,3570,34,502,OUR ISLAND PROPERTY MANAG,40.58129119873047,-74.10267639160156
STATEN ISLAND,5051436,5/1/2026,10/17/2025,S01192346-S1-EW-SP,Sprinklers,Permit Issued,S01192346-S1,New Building,,,Permit Issued,5724.0,1,3,0.0,306 HUSSON STREET  STATEN ISLAND,3573,33,502,AMERICAN STANDARD PLUMBIN,40.58110046386719,-74.10212707519531
STATEN ISLAND,5051462,4/1/2026,9/2/2025,S01232382-S1-FN,Construction Fence,Permit Issued,S01232382-S1,Alteration CO,Yes,Yes,Permit Entire,4935.0,2,3,1000.0,197 HAMDEN AVENUE  STATEN ISLAND,3574,21,502,RAF GENERAL CONTRACTING C,40.5801887512207,-74.10247802734375
STATEN ISLAND,5051750,5/27/2026,8/28/2025,S01089946-I1-GC-CX,Structural General Construction Foundation Earth Work,Permit Issued,S01089946-I1,ALT-CO - New Building with Existing Elements to Remain,Yes,Yes,Permit Entire,4308.0,2,3,272970.0,12 GRANT PLACE  STATEN ISLAND,3591,36,502,ARCHLINK DESIGN CORP,40.57815933227539,-74.1036376953125
STATEN ISLAND,5052495,6/12/2026,6/12/2025,S01198948-I1-GC-CX,Mechanical Systems Structural General Construction,Permit Issued,S01198948-I1,New Building,,,Permit Entire,4919.0,2,3,0.0,168 OTIS AVENUE  STATEN ISLAND,3633,59,502,OWR DEVELOPERS LLC,40.57548904418945,-74.11174011230469
STATEN ISLAND,5053574,3/31/2026,10/2/2025,S01038536-S3-SE,Support of Excavation,Permit Issued,S01038536-S3,ALT-CO - New Building with Existing Elements to Remain,Yes,Yes,Permit Entire,4998.2998046875,0,3,50000.0,2236 HYLAN BOULEVARD  STATEN ISLAND,3697,6,502,STEEL TONE CONSTRUCTION,40.57583999633789,-74.1037368774414
STATEN ISLAND,5054237,12/8/2025,7/31/2025,S00570405-I1-GC,General Construction,Permit Issued,S00570405-I1,New Building,,,Permit Entire,685.7999877929688,1,3,30000.0,181 MORELAND STREET  STATEN ISLAND,3734,38,502,URBAN ECOSPACES  INC,40.57516098022461,-74.09664154052734
STATEN ISLAND,5054292,12/8/2025,3/3/2025,S00570523-I1-GC,General Construction,Permit Issued,S00570523-I1,New Building,,,Permit Entire,896.0,1,2,30000.0,455 LINCOLN AVENUE  STATEN ISLAND,3738,6,502,URBAN ECOSPACES  INC,40.573970794677734,-74.0981674194336
STATEN ISLAND,5054557,12/10/2025,9/19/2025,S00705968-I1-GC-CX,Structural General Construction Foundation,Permit Issued,S00705968-I1,Alteration CO,Yes,Yes,Permit Entire,986.0,1,2,109240.0,560 HUNTER AVENUE  STATEN ISLAND,3797,24,502,A.B.C.D. CONSTRUCTION COR,40.57487106323242,-74.09158325195312
Staten Island,5054618,10/24/2025,10/24/2024,52033295201AL05,AL,Issued,520332952,A1,Y,Y,PERMIT ISSUED - ENTIRE JOB/WORK,2043.0,2,2,396550.0,20 MAPLETON AVE  Staten Island,3800,21,502,PONDOSA DESIGN INC,40.57421112060547,-74.0926284790039
STATEN ISLAND,5054628,12/8/2025,6/2/2025,S00548990-I1-GC,General Construction,Permit Issued,S00548990-I1,New Building,,,Permit Entire,986.0,1,3,30000.0,521 LINCOLN AVENUE  STATEN ISLAND,3802,5,502,URBAN ECOSPACES  INC,40.57276916503906,-74.09580993652344
STATEN ISLAND,5055151,1/19/2026,7/21/2025,S00959538-S3-CC,Curb Cut,Permit Issued,S00959538-S3,ALT-CO - New Building with Existing Elements to Remain,,Yes,Permit Entire,2700.0,1,3,1000.0,1200 OLYMPIA BOULEVARD  STATEN ISLAND,3888,18,502,A.D. ALPHA CONSTRUCTION C,40.569698333740234,-74.09562683105469
Staten Island,5055623,2/25/2026,2/25/2025,54017930401AL04,AL,Issued,540179304,A1,Y,Y,PERMIT ISSUED - ENTIRE JOB/WORK,5570.0,1,2,801750.0,544 FALCON AVE  Staten Island,4026,18,503,NY BUILDING ASSOCIATES INC,40.55949020385742,-74.11712646484375
Staten Island,5056082,4/3/2026,5/21/2025,54019067501NB01,NB,Issued,540190675,NB,,,PERMIT ISSUED - ENTIRE JOB/WORK,3071.0,1,3,0.0,106 WINHAM AVENUE  Staten Island,4049,49,502,STANLEY M. KREBUSHEVSKI  R.A.,40.56452941894531,-74.10497283935547
Staten Island,5056828,12/3/2025,9/18/2025,52013597901AL10,AL,Issued,520135979,A1,,Y,PERMIT ISSUED - ENTIRE JOB/WORK,1168.0,1,3,168624.0,14 SEAFOAM ST  Staten Island,4081,46,502,AVID DESIGNS  INC,40.564208984375,-74.10030364990234
Staten Island,5056835,12/3/2025,9/18/2025,52013596001AL12,AL,Issued,520135960,A1,,Y,PERMIT ISSUED - ENTIRE JOB/WORK,1250.0,1,3,54420.0,34 SEAFOAM ST  Staten Island,4081,57,502,AVID DESIGNS  INC,40.56391143798828,-74.09969329833984
STATEN ISLAND,5057081,1/6/2026,3/21/2025,S00692680-S1-ST,Structural,Permit Issued,S00692680-S1,ALT-CO - New Building with Existing Elements to Remain,,Yes,Permit Entire,1185.0,1,3,40000.0,57 NEUTRAL AVENUE  STATEN ISLAND,4092,9,502,REVCON MANAGEMENT LLC,40.56045913696289,-74.10188293457031
STATEN ISLAND,5057468,12/4/2025,6/5/2025,S01106980-I1-GC,General Construction,Permit Issued,S01106980-I1,Alteration CO,Yes,Yes,Permit Entire,3026.5,2,2,446850.0,41 7 STREET  STATEN ISLAND,4215,17,502,TERRANOVA CONTRACTING COR,40.57133865356445,-74.11908721923828
Staten Island,5057794,2/13/2026,3/5/2025,52037257901NB03,NB,Issued,520372579,NB,,,PERMIT ISSUED - ENTIRE JOB/WORK,2902.0,2,3,0.0,2750 AMBOY ROAD  Staten Island,4229,28,502,THINK DESIGN ARCHITECTURE,40.569698333740234,-74.1231689453125
STATEN ISLAND,5058513,4/16/2026,4/16/2025,S01077927-S2-PL,Plumbing,Permit Issued,S01077927-S2,Alteration CO,Yes,Yes,Permit Entire,3049.169921875,1,3,35300.0,340 10 STREET  STATEN ISLAND,4273,76,503,CAPITAL CONTR P&H CORP,40.56517028808594,-74.12088012695312
STATEN ISLAND,5058698,12/31/2025,1/16/2025,S01082221-S1-PL,Plumbing,Permit Issued,S01082221-S1,ALT-CO - New Building with Existing Elements to Remain,Yes,Yes,Permit Entire,4165.10009765625,1,3,64000.0,250 OAK AVENUE  STATEN ISLAND,4294,20,503,FINE MECHANICAL CORP,40.563621520996094,-74.12110900878906
STATEN ISLAND,5060012,1/25/2026,6/16/2025,S00816672-S2-PL,Plumbing,Permit Issued,S00816672-S2,Alteration CO,Yes,Yes,Permit Entire,1888.93994140625,1,2,15000.0,164 AMBER STREET  STATEN ISLAND,4377,47,503,SUPERB PLUMBING & HEATING,40.568138122558594,-74.13301849365234
STATEN ISLAND,5060266,10/28/2025,10/28/2024,S01001835-I1-GC-CX,Structural General Construction Foundation,Permit Issued,S01001835-I1,ALT-CO - New Building with Existing Elements to Remain,No,Yes,Permit Entire,3392.0,1,2,451520.0,189 BARBARA STREET  STATEN ISLAND,4416,56,503,HITECH RENOVATIONS CORP,40.56901931762695,-74.13526153564453
STATEN ISLAND,5062406,12/12/2025,8/28/2025,S01240603-I1-FD,Full Demolition,Permit Issued,S01240603-I1,Full Demolition,,,Permit Entire,993.0,0,0,50000.0,69 GIBSON AVENUE  STATEN ISLAND,4613,104,503,OUR ISLAND PROPERTY MANAG,40.556640625,-74.1500473022461
STATEN ISLAND,5062407,12/12/2025,8/27/2025,S01240605-I1-FD,Full Demolition,Permit Issued,S01240605-I1,Full Demolition,,,Permit Entire,1725.0,0,0,50000.0,63 GIBSON AVENUE  STATEN ISLAND,4613,107,503,OUR ISLAND PROPERTY MANAG,40.55659866333008,-74.15017700195312
STATEN ISLAND,5066096,4/18/2026,6/16/2025,S01150133-I1-GC-CX,Structural General Construction Foundation Earth Work,Permit Issued,S01150133-I1,ALT-CO - New Building with Existing Elements to Remain,Yes,Yes,Permit Entire,5741.0,2,4,581985.0,19 MCKEE AVENUE  STATEN ISLAND,5200,59,503,BEYER CONSTRUCTION CORP,40.54568862915039,-74.14137268066406
STATEN ISLAND,5066101,11/19/2025,1/23/2025,S00951922-I1-ST,Structural,Permit Issued,S00951922-I1,Alteration CO,Yes,Yes,Permit Entire,5586.330078125,2,2,894650.0,4 MCKEE AVENUE  STATEN ISLAND,5201,6,503,MADONIA DEVELOPMENT CORP,40.54561996459961,-74.1420669555664
STATEN ISLAND,5067200,11/15/2025,2/6/2025,S01028930-S4-ST,Structural,Permit Issued,S01028930-S4,ALT-CO - New Building with Existing Elements to Remain,Yes,Yes,Permit Entire,1538.449951171875,2,3,50000.0,315 BEACH ROAD  STATEN ISLAND,5264,87,503,ALPHA BUILDS INC,40.541038513183594,-74.1558609008789
STATEN ISLAND,5067666,1/1/2026,8/27/2025,S01223438-I1-GC-CX,Structural General Construction Foundation,Permit Issued,S01223438-I1,ALT-CO - New Building with Existing Elements to Remain,Yes,Yes,Permit Entire,3279.0,2,2,700000.0,81 RUSSELL STREET  STATEN ISLAND,5280,28,503,RICHMOND COUNTY DEVEL LLC,40.53995132446289,-74.14946746826172
STATEN ISLAND,5067850,10/29/2025,10/29/2024,S00999557-S4-GC-CX,Structural General Construction Foundation,Permit Issued,S00999557-S4,Alteration CO,Yes,,Permit Entire,1305.0,2,2,50000.0,154 ARMSTRONG AVENUE  STATEN ISLAND,5286,29,503,REGAL CONSTRUCTION GROUP,40.537811279296875,-74.15074920654297
STATEN ISLAND,5068279,1/29/2026,1/29/2025,S01032765-S1-PL,Plumbing,Permit Issued,S01032765-S1,Alteration CO,Yes,Yes,Permit Entire,3645.0,2,2,40500.0,72 GOODALL STREET  STATEN ISLAND,5307,49,503,CAPITAL CONTR P&H CORP,40.53841018676758,-74.14610290527344
STATEN ISLAND,5068988,1/31/2026,1/31/2025,S01110499-I1-GC-CX,General Construction Foundation Earth Work,Permit Issued,S01110499-I1,Alteration CO,Yes,Yes,Permit Entire,3040.070068359375,1,2,300000.0,147 RETFORD AVENUE  STATEN ISLAND,5332,64,503,D.C.F. CONTRACTING INC,40.538509368896484,-74.16168975830078
Staten Island,5069514,4/12/2026,8/20/2025,50080309901AL02,AL,Issued,500803099,A1,Y,Y,PERMIT ISSUED - ENTIRE JOB/WORK,4285.0,1,2,70245.0,32 HALES AVENUE  Staten Island,5366,26,503,JOSEPH M MORACE ARCHITECTS,40.53554916381836,-74.16204071044922
STATEN ISLAND,5069900,10/26/2025,3/17/2025,S08020259-S1-GC-CX,Structural General Construction Foundation,Permit Issued,S08020259-S1,New Building,,,Permit Entire,8446.0400390625,1,3,1000.0,108 LENZIE STREET  STATEN ISLAND,5405,5,503,MONELLO ENTERPRISES INC,40.531089782714844,-74.16400146484375
STATEN ISLAND,5074451,11/7/2025,4/21/2025,S00963891-I1-GC-CX,General Construction Foundation Earth Work,Permit Issued,S00963891-I1,Alteration CO,Yes,Yes,Permit Entire,3360.0,1,2,470000.0,413 GENESEE AVENUE  STATEN ISLAND,5606,63,503,FAM & HENRY HOME IMPROVEM,40.552589416503906,-74.17076110839844
STATEN ISLAND,5075129,12/3/2025,8/5/2025,S01214022-I1-GC-CX,General Construction Foundation,Permit Issued,S01214022-I1,Alteration CO,Yes,Yes,Permit Entire,4132.56982421875,1,2,723100.0,51 RYE AVENUE  STATEN ISLAND,5627,57,503,SERVIDIO INC,40.54534149169922,-74.17060852050781
STATEN ISLAND,5080602,11/19/2025,10/16/2025,S01162029-I1-FD,Full Demolition,Permit Issued,S01162029-I1,Full Demolition,,,Permit Entire,561.0,0,0,35000.0,46 NORTH RAILROAD STREET  STATEN ISLAND,6254,47,503,MADONIA DEVELOPMENT CORP,40.54029846191406,-74.18038940429688
STATEN ISLAND,5080646,12/31/2025,7/15/2025,S00982301-S2-PL,Plumbing,Permit Issued,S00982301-S2,ALT-CO - New Building with Existing Elements to Remain,Yes,Yes,Permit Entire,4327.1201171875,1,2,42000.0,132 JEFFERSON BOULEVARD  STATEN ISLAND,6260,42,503,AGIUS PLUMBING & HTG INC,40.54331970214844,-74.1800765991211
STATEN ISLAND,5080670,3/14/2026,10/16/2025,S01245431-I1-FD,Full Demolition,Permit Issued,S01245431-I1,Full Demolition,,,Permit Entire,2658.0,0,0,10000.0,224 RATHBUN AVENUE  STATEN ISLAND,6264,21,503,BETHEL BUILDING CORP,40.5446891784668,-74.18399047851562
Staten Island,5081409,12/3/2025,12/3/2024,50090309801AL05,AL,Issued,500903098,A1,Y,Y,PERMIT ISSUED - ENTIRE JOB/WORK,2452.0,1,2,50000.0,16 ALVINE AVENUE  Staten Island,6323,28,503,RICHARD J. PIERCE ARCH,40.53569030761719,-74.18299102783203
STATEN ISLAND,5082057,2/24/2026,3/12/2025,S45826682-S1-PL,Plumbing,Permit Issued,S01006019-S1,Alteration CO,Yes,Yes,Permit Entire,6931.2001953125,2,2,34500.0,185 EYLANDT STREET  STATEN ISLAND,6417,12,503,K.M.D MECHANICAL 1443 LLC,40.53358840942383,-74.17230987548828
STATEN ISLAND,5082160,11/18/2025,1/2/2025,S00672981-S1-PL,Plumbing,Permit Issued,S00672981-S1,Alteration CO,,Yes,Permit Entire,3313.0,1,3,13500.0,20 ZEPHYR AVENUE  STATEN ISLAND,6452,13,503,1215 CORP DBA KCM PLBG &,40.523258209228516,-74.1729507446289
Staten Island,5082301,7/21/2026,9/29/2025,52022514001NB10,NB,Issued,520225140,NB,,,PERMIT ISSUED - ENTIRE JOB/WORK,3983.0,1,3,0.0,480 ARBUTUS AVENUE  Staten Island,6530,34,503,CITISCAPE CONSULTING LTD,40.52206039428711,-74.17951202392578
Staten Island,5082688,11/1/2025,12/2/2024,52030144101NB05,NB,Issued,520301441,NB,,,PERMIT ISSUED - PARTIAL JOB,5799.0,2,3,0.0,12 WILBUR STREET  Staten Island,6665,13,503,CALVANICO ASSOC. ARCH. &AMP; ENG,40.5147705078125,-74.19615936279297
STATEN ISLAND,5082794,10/28/2025,10/28/2024,S00957103-I1-GC,General Construction,Permit Issued,S00957103-I1,Alteration CO,Yes,Yes,Permit Entire,3620.570068359375,2,2,200000.0,89 ORMSBY AVENUE  STATEN ISLAND,6671,85,503,2D CONSTRUCTION CORP,40.51860809326172,-74.19586181640625
STATEN ISLAND,5083369,2/22/2026,10/7/2025,S01218670-I1-FD,Full Demolition,Permit Issued,S01218670-I1,Full Demolition,,,Permit Entire,1.0,0,0,25000.0,128 HAWLEY AVENUE  STATEN ISLAND,6815,116,503,STOUT HOMES INC,40.530601501464844,-74.1953125
STATEN ISLAND,5083547,4/5/2026,6/24/2025,S00685504-I1-GC-CX,Structural General Construction Foundation,Permit Issued,S00685504-I1,New Building,,,Permit Entire,5350.0,1,2,1000000.0,331 DARLINGTON AVENUE  STATEN ISLAND,6833,41,503,AJC RENOVATIONS LLC,40.535980224609375,-74.1968002319336
STATEN ISLAND,5085199,11/17/2025,4/9/2025,S00916313-I1-GC-CX,Mechanical Systems Structural General Construction,Permit Issued,S00916313-I1,Alteration CO,,Yes,Permit Entire,2808.199951171875,1,2,165000.0,306 VOGEL AVENUE  STATEN ISLAND,6943,40,503,SORRENTINO DEVELOPMENT,40.52669143676758,-74.20848846435547
Staten Island,5086719,12/31/2025,12/20/2024,52036503301NB08,NB,Issued,520365033,NB,,,PERMIT ISSUED - ENTIRE JOB/WORK,93800.0,0,1,0.0,2911 ARTHUR KILL ROAD  Staten Island,7187,1,503,STEVEN R SAVINO ARCHITECT,40.5518913269043,-74.22904968261719
STATEN ISLAND,5086868,3/18/2026,3/18/2025,S01017715-S1-FN,Construction Fence,Permit Issued,S01017715-S1,Full Demolition,,,Permit Entire,1900.0,0,0,1000.0,40 WINANT PLACE  STATEN ISLAND,7407,46,503,AVC GENERAL CONTRACTING L,40.536468505859375,-74.23892974853516
Staten Island,5087240,11/3/2025,7/11/2025,52030799901AL07,AL,Issued,520307999,A1,Y,Y,PERMIT ISSUED - ENTIRE JOB/WORK,0.0,2,2,249000.0,40 BEDELL STREET  Staten Island,7664,310,503,GEOGRE TURNER,40.52088165283203,-74.2149887084961
STATEN ISLAND,5087341,12/30/2025,12/30/2024,S00931796-S2-PL,Plumbing,Permit Issued,S00931796-S2,ALT-CO - New Building with Existing Elements to Remain,Yes,Yes,Permit Entire,3728.60009765625,1,2,6000.0,296 RICHARD AVENUE  STATEN ISLAND,7740,17,503,ALMA PLBG SPRINKLER INC,40.5111198425293,-74.22511291503906
STATEN ISLAND,5087991,10/31/2025,8/6/2025,S00660654-I1-GC,General Construction,Permit Issued,S00660654-I1,ALT-CO - New Building with Existing Elements to Remain,Yes,Yes,Permit Entire,2317.0,1,2,330280.0,433 YETMAN AVENUE  STATEN ISLAND,7889,68,503,ROCK SOLID LANDSCAPE AND,40.505619049072266,-74.24165344238281
Staten Island,5088608,10/25/2027,10/20/2025,52037724401AL07,AL,Issued,520377244,A1,Y,Y,PERMIT ISSUED - ENTIRE JOB/WORK,6511.0,2,3,969500.0,93 MAIN STREET  Staten Island,8001,43,503,MICHAEL DERUVO & ASSOCIATES ARCH,40.51259994506836,-74.24989318847656
Staten Island,5088624,12/6/2025,3/3/2025,52026524901NB12,NB,Issued,520265249,NB,,,PERMIT ISSUED - ENTIRE JOB/WORK,6472.0,2,3,0.0,5517 ARTHUR KILL ROAD  Staten Island,8005,30,503,STANLEY M KREBUSHEVSKI R.A,40.51124954223633,-74.25360870361328
STATEN ISLAND,5088648,4/8/2026,6/12/2025,S01112926-I1-FD,Full Demolition,Signed-off,S01112926-I1,Full Demolition,,,Permit Entire,1552.0,0,0,50000.0,6901 AMBOY ROAD  STATEN ISLAND,8007,39,503,SKEN SERVICES CORP,40.517940521240234,-74.23162078857422
STATEN ISLAND,5088921,12/9/2025,12/9/2024,S01113284-I1-ST,Structural,Permit Issued,S01113284-I1,Alteration CO,Yes,,Permit Entire,2375.800048828125,1,2,196625.0,117 BUTLER AVENUE  STATEN ISLAND,8028,31,503,MAXIMUM CONTRACTING INC,40.51158142089844,-74.25055694580078
STATEN ISLAND,5089058,11/15/2025,11/15/2024,S61820188-S2-PL,Plumbing,Permit Issued,S01012635-S2,Alteration CO,Yes,,Permit Entire,3190.0,1,3,19000.0,265 BREHAUT AVENUE  STATEN ISLAND,8040,17,503,STEVEN THOMAS HTG INC,40.51308822631836,-74.23912811279297
STATEN ISLAND,5089191,11/18/2025,9/30/2025,S01193734-S1-PL,Plumbing,Permit Issued,S01193734-S1,Alteration CO,Yes,Yes,Permit Entire,5189.7001953125,1,2,39000.0,224 WOOD AVENUE  STATEN ISLAND,8044,62,503,1215 CORP DBA KCM PLBG &,40.511871337890625,-74.24343872070312
STATEN ISLAND,5089239,2/10/2026,5/12/2025,S01150743-I1-GC-CX,Structural General Construction,Permit Issued,S01150743-I1,Alteration CO,Yes,Yes,Permit Entire,3609.5400390625,1,2,643250.0,219 JOHNSON AVENUE  STATEN ISLAND,8046,32,503,D.C.F. CONTRACTING INC,40.510459899902344,-74.24552917480469
Staten Island,5089922,6/27/2026,7/16/2025,52007232201AL14,AL,Issued,520072322,A1,Y,,PERMIT ISSUED - ENTIRE JOB/WORK,0.0,67,4,600270.0,20 BRISTOL AVENUE  Staten Island,680,20,501,SANNA & LOCCISANO ARCHITECTS PC,40.61280822753906,-74.10904693603516
Staten Island,5091365,3/16/2026,6/6/2025,52019855301NB03,NB,Issued,520198553,NB,,,PERMIT ISSUED - ENTIRE JOB/WORK,2620.0,0,2,0.0,1145 NORTH RAILROAD AVE  Staten Island,3592,72,502,LESLIE M. GOOD  ARCHITECT,40.57941818237305,-74.10978698730469
STATEN ISLAND,5105071,2/24/2026,7/24/2025,S00739180-S2-EW-SP,Sprinklers,Permit Issued,S00739180-S2,ALT-CO - New Building with Existing Elements to Remain,Yes,Yes,Permit Entire,4772.919921875,1,3,29700.0,20 JOLINE LANE  STATEN ISLAND,7826,135,503,K.M.D MECHANICAL 1443 LLC,40.50151062011719,-74.23412322998047
STATEN ISLAND,5105582,12/8/2025,7/31/2025,S00555960-I1-GC,General Construction,Permit Issued,S00555960-I1,New Building,,,Permit Entire,1880.0,2,3,30000.0,770 PATTERSON AVENUE  STATEN ISLAND,3873,28,502,URBAN ECOSPACES  INC,40.5726203918457,-74.08970642089844
Staten Island,5105583,12/11/2025,12/11/2024,51011400101AL01,AL,Issued,510114001,A1,,Y,PERMIT ISSUED - ENTIRE JOB/WORK,1146.0,1,2,114552.0,808 PATTERSON AVE  Staten Island,3873,12,502,RYAN DESIGN ARCHITECTURE,40.57183074951172,-74.09034729003906
Staten Island,5105642,7/2/2026,8/8/2025,54019651701NB04,NB,Issued,540196517,NB,,,PERMIT ISSUED - ENTIRE JOB/WORK,3360.0,2,3,0.0,291 COLONY AVE  Staten Island,3814,29,502,ZPROEKT,40.57183074951172,-74.09320068359375
STATEN ISLAND,5105839,12/8/2025,8/1/2025,S00570356-I1-GC,General Construction,Permit Issued,S00570356-I1,New Building,,,Permit Entire,1200.0,1,2,30000.0,176 KISWICK STREET  STATEN ISLAND,3736,20,502,URBAN ECOSPACES  INC,40.57463836669922,-74.09542846679688
STATEN ISLAND,5105873,12/8/2025,8/26/2025,S00570442-I1-GC,General Construction,Permit Issued,S00570442-I1,New Building,,,Permit Entire,1383.0,2,2,30000.0,185 MORELAND STREET  STATEN ISLAND,3734,39,502,URBAN ECOSPACES  INC,40.57509994506836,-74.09671020507812
STATEN ISLAND,5106202,4/2/2026,10/14/2025,S01246252-I1-FD,Full Demolition,Permit Issued,S01246252-I1,Full Demolition,,,Permit Entire,1828.0,0,0,50000.0,291 CLIFTON AVENUE  STATEN ISLAND,2973,12,501,ZAIM CONTRACTOR CORP,40.612281799316406,-74.07276153564453
STATEN ISLAND,5107008,1/1/2026,5/29/2025,S00852555-I1-MS,Mechanical Systems,Permit Issued,S00852555-I1,Alteration CO,Yes,,Permit Entire,4534.0,2,2,423822.0,545 PORT RICHMOND AVENUE  STATEN ISLAND,1056,14,501,Z N J CONSTRUCTION INC,40.62950134277344,-74.1404800415039
Staten Island,5107039,1/14/2026,1/13/2025,52039315501AL05,AL,Issued,520393155,A1,,Y,PERMIT ISSUED - ENTIRE JOB/WORK,461.0,2,4,280000.0,24 PORT RICHMOND AVENUE  Staten Island,1073,70,501,RYAN DESIGN ARCHITECTURE,40.64006042480469,-74.13195037841797
Staten Island,5107040,1/14/2026,1/13/2025,52039317301AL05,AL,Issued,520393173,A1,,Y,PERMIT ISSUED - ENTIRE JOB/WORK,493.0,1,4,280000.0,28 PORT RICHMOND AVENUE  Staten Island,1073,70,501,RYAN DESIGN ARCHITECTURE,40.64006042480469,-74.13195037841797
Staten Island,5107041,1/14/2026,1/13/2025,52039316401AL05,AL,Issued,520393164,A1,,Y,PERMIT ISSUED - ENTIRE JOB/WORK,573.0,1,4,280000.0,26 PORT RICHMOND AVENUE  Staten Island,1073,70,501,RYAN DESIGN ARCHITECTURE,40.640159606933594,-74.13208770751953
STATEN ISLAND,5107208,12/20/2025,12/20/2024,S00881122-S3-PMM,Protection and Mechanical Methods,Permit Issued,S00881122-S3,Full Demolition,,,Permit Entire,70114.0,0,0,5000.0,2577 FOREST AVENUE  STATEN ISLAND,1384,150,501,PINNACLE COMMERCIAL DEVEL,40.6273193359375,-74.1751480102539
STATEN ISLAND,5107496,1/7/2026,1/7/2025,S00659229-I1-GC-CX,Mechanical Systems Structural General Construction Foundation,Permit Issued,S00659229-I1,Alteration CO,,Yes,Permit Entire,6386.0,0,2,374795.0,2096 CLOVE ROAD  STATEN ISLAND,3162,8,502,PROJECT EYE CONSULTANTS I,40.60334014892578,-74.08350372314453
Staten Island,5107747,5/15/2026,8/7/2025,52028032001AL07,AL,Issued,520280320,A1,Y,,PERMIT ISSUED - ENTIRE JOB/WORK,159018.0,0,2,1879500.0,5150 HYLAN BLVD  Staten Island,6475,1,503,ROGERS CALVANICO GROUP PLLC,40.52553939819336,-74.17719268798828
Staten Island,5107819,2/4/2026,7/29/2025,52046189301DM02,DM,Issued,520461893,DM,,,PERMIT ISSUED - ENTIRE JOB/WORK,0.0,0,0,0.0,4101 ARTHUR KILL ROAD  Staten Island,7247,1,503,ANCORA ENGINEERING PLLC,40.545509338378906,-74.24009704589844
STATEN ISLAND,5109537,5/25/2026,10/16/2025,S01265070-I1-FD,Full Demolition,Permit Issued,S01265070-I1,Full Demolition,,,Permit Entire,500.0,0,0,15000.0,45REAR SCOTT AVENUE  STATEN ISLAND,3393,23,502,V&V DEVELOPMENT CORP,40.592350006103516,-74.0797119140625
Staten Island,5130986,3/12/2026,10/16/2025,51011402901NB06,NB,Issued,510114029,NB,,,PERMIT ISSUED - ENTIRE JOB/WORK,134348.0,0,1,0.0,1000 WEST SERVICE ROAD  Staten Island,5900,500,503,ANDREA STEELE ARCHITECTURE,40.57133102416992,-74.1977310180664
STATEN ISLAND,5141480,4/18/2026,8/28/2025,S00952432-I1-GC-CX,Structural General Construction Foundation Earth Work,Permit Issued,S00952432-I1,New Building,,,Permit Entire,299.0,0,1,0.0,437 GAR BRIGHTON STREET  STATEN ISLAND,7881,65,503,BEYER CONSTRUCTION CORP,40.49922180175781,-74.24134063720703
STATEN ISLAND,5141617,11/16/2025,1/6/2025,S01140810-I1-GC-CX,Structural General Construction Foundation Earth Work,Permit Issued,S01140810-I1,New Building,,,Permit Entire,650.0,0,1,0.0,107GAR PATTEN STREET  STATEN ISLAND,8032,22,503,KARAPANJO'S CONSTR LLC,40.509639739990234,-74.25155639648438
Staten Island,5154342,11/16/2025,7/8/2025,50058775001NB25,NB,Issued,500587750,NB,,,PERMIT ISSUED - ENTIRE JOB/WORK,3630.0,1,2,0.0,677 EYLANDT STREET  Staten Island,6575,54,503,VICTORIO ASSOCIATES ARCHITECTS &,40.528221130371094,-74.18833923339844
STATEN ISLAND,5158018,3/14/2026,5/12/2025,S00975478-I1-ST,Structural,Permit Issued,S00975478-I1,New Building,,,Permit Entire,3448.080078125,2,3,0.0,489 COLON AVENUE  STATEN ISLAND,5451,76,503,BETHEL BUILDING CORP,40.561771392822266,-74.15875244140625
Staten Island,5158059,4/8/2026,7/29/2025,51001559101NB19,NB,Issued,510015591,NB,,,PERMIT ISSUED - ENTIRE JOB/WORK,6564.0,5,4,0.0,210 NAUGHTON AVENUE  Staten Island,3546,29,502,Stanley M.Krebushevski Architect,40.58517837524414,-74.09715270996094
Staten Island,5158409,4/1/2026,3/12/2025,50090815501NB18,NB,Issued,500908155,NB,,,PERMIT ISSUED - PARTIAL JOB,3240.0,2,3,0.0,113 BLOOMINGDALE ROAD  Staten Island,6998,14,503,ANSELMO S. GENOVESE  ARCHITECT,40.52690124511719,-74.21563720703125
Staten Island,5164111,2/3/2026,6/30/2025,52014890101NB19,NB,Issued,520148901,NB,,,PERMIT ISSUED - ENTIRE JOB/WORK,3167.0,1,3,0.0,131 HIGHLAND AVENUE  Staten Island,597,27,501,LO BUE VALENZIANO  AIA,40.617000579833984,-74.09713745117188
Staten Island,5164735,12/31/2025,3/18/2025,52001554501NB16,NB,Issued,520015545,NB,,,PERMIT ISSUED - ENTIRE JOB/WORK,134522.0,0,4,0.0,625 FATHER CAPODANNO BOULEVARD  Staten Island,3355,70,502,SAGE & COOMBE ARCHITECTS  LLP,40.58287811279297,-74.08036041259766
Staten Island,5164859,4/2/2026,7/1/2025,51005828701NB20,NB,Issued,510058287,NB,,,PERMIT ISSUED - ENTIRE JOB/WORK,5649.0,0,2,0.0,2348 FOREST AVENUE  Staten Island,1707,41,501,MICHAEL DERUVO AND ASSOCIATES AR,40.627418518066406,-74.16808319091797
Staten Island,5164997,2/2/2026,5/15/2025,52026478501NB05,NB,Issued,520264785,NB,,,PERMIT ISSUED - PARTIAL JOB,10041.0,1,3,0.0,115 MERRICK AVENUE  Staten Island,864,484,502,RAMPULLA ASSOCIATES ARCHITECTS,40.60184097290039,-74.10938262939453
Staten Island,5165120,5/12/2026,6/26/2025,52023327501NB01,NB,Issued,520233275,NB,,,PERMIT ISSUED - PARTIAL JOB,3114.0,1,4,0.0,680 VAN DUZER STREET  Staten Island,615,95,501,JOSEPH M. MORACE  ARCHITECTS,40.62303924560547,-74.08580780029297
Staten Island,5165121,5/12/2026,6/26/2025,52023326601NB01,NB,Issued,520233266,NB,,,PERMIT ISSUED - PARTIAL JOB,3114.0,1,4,0.0,682 VAN DUZER STREET  Staten Island,615,96,501,JOSEPH M. MORACE  ARCHITECTS,40.62300109863281,-74.08585357666016
Staten Island,5165122,5/12/2026,6/26/2025,52023325701NB01,NB,Issued,520233257,NB,,,PERMIT ISSUED - PARTIAL JOB,3114.0,1,4,0.0,684 VAN DUZER STREET  Staten Island,615,97,501,JOSEPH M. MORACE  ARCHITECTS,40.62295913696289,-74.08586120605469
Staten Island,5165173,11/5/2025,2/18/2025,54019385001NB02,NB,Issued,540193850,NB,,,PERMIT ISSUED - ENTIRE JOB/WORK,3343.0,1,2,0.0,91 WESTENTRY RD  Staten Island,891,93,502,VENGOECHEA + BOYLAND ARCHITECTUR,40.58726119995117,-74.1053237915039
Staten Island,5165198,4/14/2026,5/21/2025,52022126001NB05,NB,Issued,520221260,NB,,,PERMIT ISSUED - ENTIRE JOB/WORK,32177.0,80,4,0.0,110 SOUTH BRIDGE STREET  Staten Island,7584,99,503,RAMPULLA ASSOCIATES ARCHITECTS,40.524810791015625,-74.238037109375
Staten Island,5165199,6/16/2026,7/17/2025,52033275601NB04,NB,Issued,520332756,NB,,,PERMIT ISSUED - PARTIAL JOB,6035.0,1,3,0.0,387 LIGHTHOUSE AVENUE  Staten Island,2287,110,502,MICHAEL DERUVO  AND ASSOCIATES,40.57600021362305,-74.13964080810547
STATEN ISLAND,5165335,11/17/2025,1/22/2025,S00924260-I1-GC-CX,Structural General Construction Foundation Earth Work,Permit Issued,S00924260-I1,New Building,,,Permit Entire,21780.0,0,2,0.0,4285 ARTHUR KILL ROAD  STATEN ISLAND,7400,20,503,SORRENTINO DEVELOPMENT,40.53742980957031,-74.23725128173828
Staten Island,5166155,1/1/2026,1/14/2025,52013837901NB19,NB,Issued,520138379,NB,,,PERMIT ISSUED - ENTIRE JOB/WORK,216986.0,115,17,0.0,35A BAY STREET  Staten Island,1,58,501,COOPER CARRY ARCHITECTS NEW YORK,40.641658782958984,-74.0750503540039
Staten Island,5166270,12/6/2025,3/3/2025,52026525801NB12,NB,Issued,520265258,NB,,,PERMIT ISSUED - ENTIRE JOB/WORK,3887.0,2,3,0.0,5511 ARTHUR KILL ROAD  Staten Island,8005,28,503,STANLEY M KREBUSHEVSKI RA,40.51137161254883,-74.25350952148438
STATEN ISLAND,5166431,4/30/2026,10/1/2025,S43511396-S1-PL,Plumbing,Permit Issued,S00555511-S1,New Building,,,Permit Entire,3954.0,2,3,0.0,43 CUNARD AVENUE  STATEN ISLAND,623,252,501,QUALITY PLUMBING  INC,40.61383056640625,-74.08815002441406
STATEN ISLAND,5166432,10/25/2025,10/25/2024,S00555507-I1-GC-CX,Structural General Construction Foundation Earth Work,Permit Issued,S00555507-I1,New Building,,,Permit Entire,3954.0,2,3,250000.0,31 CUNARD AVENUE  STATEN ISLAND,623,253,501,DOOR TO DOOR REALTY LLC,40.61404037475586,-74.08795166015625
Staten Island,5167022,3/15/2026,4/22/2025,52030409101NB10,NB,Issued,520304091,NB,,,PERMIT ISSUED - PARTIAL JOB,5364.0,2,3,0.0,331 BURGHER AVENUE  Staten Island,3360,16,502,SANNA & LOCCISANO ARCHITECTS P.C,40.590641021728516,-74.08766174316406
Staten Island,5168157,10/11/2026,10/10/2025,52020068401NB04,NB,Issued,520200684,NB,,,PERMIT ISSUED - ENTIRE JOB/WORK,2829.0,2,4,0.0,262 BRIGHTON AVENUE  Staten Island,123,77,501,STANLEY M. KREBUSHEVSKI  R.A.,40.6351203918457,-74.09427642822266
Staten Island,5168158,10/11/2026,10/10/2025,52020069301NB04,NB,Issued,520200693,NB,,,PERMIT ISSUED - ENTIRE JOB/WORK,2829.0,1,3,0.0,260 BRIGHTON AVENUE  Staten Island,123,79,501,STANLEY M. KREBUSHEVSKI  R.A.,40.634769439697266,-74.09407043457031
STATEN ISLAND,5168812,12/15/2025,7/25/2025,S01083112-I1-GC,General Construction,Permit Issued,S01083112-I1,New Building,,,Permit Entire,3485.0,2,3,0.0,27 UTICA STREET  STATEN ISLAND,6760,150,503,NICOLOSI BROS INC,40.52471160888672,-74.20784759521484
STATEN ISLAND,5169132,3/14/2026,9/26/2025,S00975480-I1-FO,Foundation,Permit Issued,S00975480-I1,New Building,,,Permit Entire,271.2300109863281,0,1,0.0,489GAR COLON AVENUE  STATEN ISLAND,5451,76,503,BETHEL BUILDING CORP,40.561771392822266,-74.15875244140625
Staten Island,5169145,11/27/2025,2/15/2025,52029576001NB07,NB,Issued,520295760,NB,,,PERMIT ISSUED - PARTIAL JOB,3144.0,1,3,0.0,57 BILLOP AVENUE  Staten Island,7861,45,503,STANLEY M. KREBUSHEVSKI  R.A.,40.500308990478516,-74.23854064941406
Staten Island,5169253,2/13/2026,3/5/2025,52037256001NB03,NB,Issued,520372560,NB,,,PERMIT ISSUED - ENTIRE JOB/WORK,2947.0,2,3,0.0,2748 AMBOY ROAD  Staten Island,4229,29,502,THINK DESIGN ARCHITECTURE,40.57020950317383,-74.12301635742188
STATEN ISLAND,5169688,2/16/2026,10/9/2025,S25914497-S1-PL,Plumbing,Permit Issued,S00915196-S1,New Building,,,Permit Entire,5049.419921875,2,3,0.0,437 BRIGHTON STREET  STATEN ISLAND,7881,65,503,CHARLES J. DEHART JR P&H,40.49917984008789,-74.2413330078125
Staten Island,5169844,3/12/2026,3/20/2025,52029519001NB12,NB,Issued,520295190,NB,,,PERMIT ISSUED - ENTIRE JOB/WORK,15459.0,0,3,0.0,1719 HYLAN BOULEVARD  Staten Island,3344,26,502,SANNA & LOCCISANO ARCHITECTS P.C,40.58689880371094,-74.09208679199219
Staten Island,5169902,11/5/2025,4/11/2025,52031678301NB01,NB,Issued,520316783,NB,,,PERMIT ISSUED - ENTIRE JOB/WORK,3732.0,2,3,0.0,85 TRENTON CT  Staten Island,6708,13,503,MICHAEL A. BIAGIOLI  AIA,40.51968002319336,-74.20024108886719
Staten Island,5169903,4/11/2026,4/11/2025,52031679201NB01,NB,Issued,520316792,NB,,,PERMIT ISSUED - PARTIAL JOB,264.0,0,1,0.0,85 GAR TRENTON COURT  Staten Island,6708,13,503,MICHAEL A. BIAGIOLI  AIA,40.519561767578125,-74.19992065429688
STATEN ISLAND,5170242,12/9/2025,12/9/2024,S00786911-I1-GC,General Construction,Permit Issued,S00786911-I1,New Building,,,Permit Entire,3528.0,1,2,352800.0,46 AULTMAN AVENUE  STATEN ISLAND,2280,51,502,3584 CONSTRUCTION CORP,40.57427978515625,-74.13691711425781
Staten Island,5170537,1/14/2026,6/19/2025,52032528301NB08,NB,Issued,520325283,NB,,,PERMIT ISSUED - ENTIRE JOB/WORK,2091.0,2,3,0.0,275 SOUTH AVENUE  Staten Island,1261,70,501,RYAN & VACCARO,40.632720947265625,-74.16594696044922
Staten Island,5170538,1/14/2026,6/19/2025,52032527401NB08,NB,Issued,520325274,NB,,,PERMIT ISSUED - ENTIRE JOB/WORK,2091.0,2,3,0.0,279 SOUTH AVENUE  Staten Island,1261,68,501,RYAN & VACCARO,40.63264083862305,-74.16631317138672
Staten Island,5170539,1/14/2026,6/20/2025,52032937801NB06,NB,Issued,520329378,NB,,,PERMIT ISSUED - ENTIRE JOB/WORK,2091.0,0,1,0.0,279 GAR SOUTH AVENUE  Staten Island,1261,68,501,RYAN DESIGN ARCHITECTURE,40.63264083862305,-74.16631317138672
Staten Island,5170556,1/14/2026,6/19/2025,52032529201NB08,NB,Issued,520325292,NB,,,PERMIT ISSUED - ENTIRE JOB/WORK,3075.0,2,2,0.0,277 SOUTH AVENUE  Staten Island,1261,69,501,RYAN & VACCARO,40.63267135620117,-74.16631317138672
Staten Island,5170609,1/14/2026,6/20/2025,52032525601NB07,NB,Issued,520325256,NB,,,PERMIT ISSUED - PARTIAL JOB,3549.0,2,2,0.0,30 TRUMBULL PLACE  Staten Island,112,14,501,RYAN DESIGN ARCHITECTURE,40.63515090942383,-74.09013366699219
Staten Island,5170724,11/7/2025,8/5/2025,52033840201NB12,NB,Issued,520338402,NB,,,PERMIT ISSUED - ENTIRE JOB/WORK,1826.0,2,2,0.0,4B TAYLOR COURT  Staten Island,198,6,501,THINK DESIGN ARCHITECTURE,40.634849548339844,-74.12254333496094
Staten Island,5170727,11/7/2025,8/5/2025,52033836801NB12,NB,Issued,520338368,NB,,,PERMIT ISSUED - ENTIRE JOB/WORK,1826.0,2,2,0.0,2B TAYLOR COURT  Staten Island,198,8,501,THINK DESIGN ARCHITECTURE,40.634830474853516,-74.12284851074219
Staten Island,5171159,12/3/2025,9/30/2025,52036054601NB05,NB,Issued,520360546,NB,,,PERMIT ISSUED - PARTIAL JOB,7258.0,1,2,0.0,111 JOHN STREET  Staten Island,1121,74,501,ANSELMO GENOVESE ARCHITECT P.C.,40.63594055175781,-74.14341735839844
Staten Island,5171376,3/10/2026,6/2/2025,52038355801NB03,NB,Issued,520383558,NB,,,PERMIT ISSUED - ENTIRE JOB/WORK,3290.0,1,3,0.0,15 GLENWOOD AVENUE  Staten Island,603,63,501,SCAGLIONE ARCHITECTS,40.61928176879883,-74.09929656982422
STATEN ISLAND,5171424,3/17/2026,6/4/2025,S00978333-I1-ST,Structural,Permit Issued,S00978333-I1,New Building,,,Permit Entire,3260.0,2,2,0.0,336 COLE STREET  STATEN ISLAND,7566,21,503,AMERICAN HOME BUILDING AN,40.52080154418945,-74.22892761230469
Staten Island,5171497,11/14/2025,11/11/2024,52039516201NB08,NB,Issued,520395162,NB,,,PERMIT ISSUED - ENTIRE JOB/WORK,3276.0,2,3,0.0,318 BEMENT AVENUE  Staten Island,163,61,501,RYAN DESIGN ARCHITECTURE,40.634159088134766,-74.11274719238281
Staten Island,5171717,11/7/2025,8/5/2025,52033837701NB11,NB,Issued,520338377,NB,,,PERMIT ISSUED - ENTIRE JOB/WORK,200.0,0,1,0.0,2B GARAGE TAYLOR COURT  Staten Island,198,8,501,THINK DESIGN ARCHITECTURE,40.634830474853516,-74.12284851074219
Staten Island,5171719,11/7/2025,8/5/2025,52033841101NB12,NB,Issued,520338411,NB,,,PERMIT ISSUED - ENTIRE JOB/WORK,200.0,0,1,0.0,4B GARAGE TAYLOR COURT  Staten Island,198,6,501,THINK DESIGN ARCHITECTURE,40.634849548339844,-74.12254333496094
STATEN ISLAND,5171764,12/31/2025,1/15/2025,S00852021-S2-CC,Curb Cut,Permit Issued,S00852021-S2,New Building,,,Permit Entire,5481.56982421875,1,3,0.0,69 ELMBANK STREET  STATEN ISLAND,5384,70,503,DIMOLA CONSTRUCTION CORP,40.530818939208984,-74.16204833984375
STATEN ISLAND,5171981,7/2/2026,8/8/2025,S01111514-I1-GC-CX,Structural General Construction,Permit Issued,S01111514-I1,New Building,,,Permit Entire,1726.4599609375,1,3,0.0,66 HEMPSTEAD AVENUE  STATEN ISLAND,3813,15,502,CHESTER BUILDERS CORP,40.571929931640625,-74.09123992919922
Staten Island,5172193,1/14/2026,6/18/2025,50040181601NB32,NB,Issued,500401816,NB,,,PERMIT ISSUED - ENTIRE JOB/WORK,8517.0,1,3,0.0,74 OTTAVIO PROMENADE  Staten Island,7775,50,503,RUDOLF J. BENEDA  AIA,40.50299835205078,-74.22956085205078
Staten Island,5172194,1/14/2026,6/18/2025,50040180701NB30,NB,Issued,500401807,NB,,,PERMIT ISSUED - ENTIRE JOB/WORK,8024.0,1,3,0.0,64 OTTAVIO PROMENADE  Staten Island,7775,55,503,RUDOLF J. BENEDA  AIA,40.502899169921875,-74.2298812866211
Staten Island,5172198,7/27/2026,9/2/2025,51011585801NB08,NB,Issued,510115858,NB,,,PERMIT ISSUED - ENTIRE JOB/WORK,23610.0,0,2,0.0,170 BURGHER AVENUE  Staten Island,3314,30,502,URBAN ARCHITECTURAL INITIATIVES,40.59244155883789,-74.09210968017578
STATEN ISLAND,5172226,12/4/2025,12/4/2024,S00795855-S5-EW-SP,Sprinklers,Permit Issued,S00795855-S5,New Building,,,Permit Entire,13671.0,1,3,0.0,197 MEISNER AVENUE  STATEN ISLAND,2306,79,502,K.M.D MECHANICAL 1443 LLC,40.579280853271484,-74.13365936279297
Staten Island,5174380,10/30/2025,4/3/2025,54018807201NB04,NB,Issued,540188072,NB,,,PERMIT ISSUED - ENTIRE JOB/WORK,5498.0,1,3,0.0,272 EDINBORO ROAD  Staten Island,2276,21,502,JAMES V MORRI  RA,40.577369689941406,-74.13646697998047
Staten Island,5174402,7/18/2026,10/20/2025,52033285401NB07,NB,Issued,520332854,NB,,,PERMIT ISSUED - ENTIRE JOB/WORK,7634.0,2,3,0.0,717 BLOOMINGDALE ROAD  Staten Island,7079,8,503,SANNA & LOCCISANO ARCHITECTS PC,40.54356002807617,-74.21824645996094
Staten Island,5174547,2/21/2026,5/15/2025,54018576101NB07,NB,Issued,540185761,NB,,,PERMIT ISSUED - ENTIRE JOB/WORK,2686.0,1,2,0.0,18 HARRIS LANE  Staten Island,7094,147,503,STEVEN R SAVINO ARCHITECT,40.542991638183594,-74.21897888183594
Staten Island,5174549,2/21/2026,5/15/2025,54018579801NB07,NB,Issued,540185798,NB,,,PERMIT ISSUED - ENTIRE JOB/WORK,2686.0,1,2,0.0,10 HARRIS LANE  Staten Island,7094,144,503,STEVEN R SAVINO ARCHITECT,40.543060302734375,-74.2186508178711
Staten Island,5174550,2/21/2026,5/15/2025,54018578901NB07,NB,Issued,540185789,NB,,,PERMIT ISSUED - ENTIRE JOB/WORK,2686.0,1,2,0.0,12 HARRIS LANE  Staten Island,7094,145,503,STEVEN R SAVINO ARCHITECT,40.54304122924805,-74.21878814697266
Staten Island,5174551,2/21/2026,5/15/2025,54018577001NB07,NB,Issued,540185770,NB,,,PERMIT ISSUED - ENTIRE JOB/WORK,2686.0,1,2,0.0,16 HARRIS LANE  Staten Island,7094,146,503,STEVEN R SAVINO ARCHITECT,40.54301071166992,-74.21887969970703
Staten Island,5174600,12/19/2025,6/20/2025,51011556301NB01,NB,Issued,510115563,NB,,,PERMIT ISSUED - ENTIRE JOB/WORK,4000.0,1,2,0.0,235 ODER AVE.  Staten Island,2887,19,501,AVID DESIGNS  INC,40.610260009765625,-74.08538055419922
Staten Island,5174675,1/14/2026,1/14/2025,52039314601AL07,AL,Issued,520393146,A1,,Y,PERMIT ISSUED - ENTIRE JOB/WORK,471.0,2,4,280000.0,22 PORT RICHMOND AVENUE  Staten Island,1073,66,501,RYAN DESIGN ARCHITECTURE,40.64023971557617,-74.1318588256836
Staten Island,5174822,4/1/2026,8/1/2025,54017849401NB02,NB,Issued,540178494,NB,,,PERMIT ISSUED - ENTIRE JOB/WORK,1605.0,0,1,0.0,4465 VICTORY BOULEVARD  Staten Island,99999,1,502,O'BRIEN & GERE INC. ( A RAMBOLL,40.585670471191406,-74.20210266113281
STATEN ISLAND,5174842,3/20/2026,9/24/2025,S00981696-I1-ST,Structural,Permit Issued,S00981696-I1,New Building,,,Permit Entire,4763.0,1,3,0.0,477 BERTRAM AVENUE  STATEN ISLAND,6454,35,503,M.S.B. DEVELOPMENT CO INC,40.52388000488281,-74.17446899414062
STATEN ISLAND,5174844,3/20/2026,9/24/2025,S00981697-I1-ST,Structural,Permit Issued,S00981697-I1,New Building,,,Permit Entire,4763.0,1,3,0.0,485 BERTRAM AVENUE  STATEN ISLAND,6454,30,503,M.S.B. DEVELOPMENT CO INC,40.52349090576172,-74.17389678955078
Staten Island,5174919,4/3/2026,5/21/2025,54019068401NB01,NB,Issued,540190684,NB,,,PERMIT ISSUED - ENTIRE JOB/WORK,3071.0,1,3,0.0,108 WINHAM AVENUE  Staten Island,4049,48,502,STANLEY M. KREBUSHEVSKI  R.A.,40.5648307800293,-74.10513305664062
Staten Island,5174965,12/1/2025,5/14/2025,54019616101NB04,NB,Issued,540196161,NB,,,PERMIT ISSUED - ENTIRE JOB/WORK,1552.0,3,2,0.0,177 HOPE AVE  Staten Island,3002,40,501,HAMANN ENGINERING  PLLC,40.60820007324219,-74.06903839111328
STATEN ISLAND,5174970,1/13/2026,1/13/2025,S00601250-I1-GC-CX,Mechanical Systems Structural General Construction Foundation Earth Work,Permit Issued,S00601250-I1,New Building,,,Permit Entire,2942.719970703125,1,3,294272.0,261B SPRAGUE AVENUE  STATEN ISLAND,7826,243,503,NELLO HOMES  INC,40.50469970703125,-74.23744201660156
Staten Island,5175015,12/5/2025,3/12/2025,51011570501NB02,NB,Issued,510115705,NB,,,PERMIT ISSUED - PARTIAL JOB,7221.0,1,2,0.0,71 ST ANDREWS RD  Staten Island,2242,125,502,BUILDPLUS ARCHITECTURE PLLC,40.57630920410156,-74.1295394897461
Staten Island,5175016,11/20/2025,12/9/2024,54019772101NB05,NB,Issued,540197721,NB,,,PERMIT ISSUED - ENTIRE JOB/WORK,4273.0,2,3,0.0,183 BENNETT AVENUE  Staten Island,6321,121,503,STANLEY M. KREBUSHEVSKI  R.A.,40.53675842285156,-74.18402862548828
Staten Island,5175017,11/20/2025,12/9/2024,54019774901NB04,NB,Issued,540197749,NB,,,PERMIT ISSUED - ENTIRE JOB/WORK,299.0,0,1,0.0,183 GAR BENNETT AVENUE  Staten Island,6321,121,503,STANLEY M. KREBUSHEVSKI  R.A.,40.53664016723633,-74.18372344970703
Staten Island,5175018,11/20/2025,12/9/2024,54019773001NB05,NB,Issued,540197730,NB,,,PERMIT ISSUED - ENTIRE JOB/WORK,4273.0,2,3,0.0,181 BENNETT AVENUE  Staten Island,6321,120,503,STANLEY M. KREBUSHEVSKI  R.A.,40.53681182861328,-74.1838607788086
Staten Island,5175019,11/20/2025,12/9/2024,54019775801NB04,NB,Issued,540197758,NB,,,PERMIT ISSUED - ENTIRE JOB/WORK,299.0,0,1,0.0,181 GAR BENNETT AVENUE  Staten Island,6321,120,503,STANLEY M. KREBUSHEVSKI  R.A.,40.536651611328125,-74.18367004394531
Staten Island,5175048,7/1/2026,8/19/2025,52032842201NB05,NB,Issued,520328422,NB,,,PERMIT ISSUED - PARTIAL JOB,26690.0,20,4,0.0,269 PORT RICHMOND AVENUE  Staten Island,1036,4,501,POSEN ARCHITECTS,40.634788513183594,-74.13524627685547
Staten Island,5175049,10/30/2025,4/3/2025,54018806301NB04,NB,Issued,540188063,NB,,,PERMIT ISSUED - ENTIRE JOB/WORK,5493.0,1,3,0.0,280 EDINBORO ROAD  Staten Island,2276,19,502,JAMES V MORRI  RA,40.577308654785156,-74.13670349121094
STATEN ISLAND,5175065,1/7/2026,1/7/2025,S00824824-S1-PL,Plumbing,Permit Issued,S00824824-S1,New Building,,,Permit Entire,3336.0,2,2,0.0,42 SEELEY LANE  STATEN ISLAND,5223,60,503,JUST PLBG & HTG INC,40.548309326171875,-74.15328979492188
Staten Island,5175245,7/10/2026,9/17/2025,51011338801NB10,NB,Issued,510113388,NB,,,PERMIT ISSUED - ENTIRE JOB/WORK,15500.0,0,4,0.0,839 FATHER CAPODANNO BOULEVARD  Staten Island,3847,24,502,SIMINO ARCHITECT,40.57569885253906,-74.0837173461914
STATEN ISLAND,5175265,12/8/2025,2/19/2025,S00584285-I1-GC,General Construction,Permit Issued,S00584285-I1,New Building,,,Permit Entire,1757.0,2,2,30000.0,527 GREELEY AVENUE  STATEN ISLAND,3881,3,502,URBAN ECOSPACES  INC,40.571678161621094,-74.09664154052734
STATEN ISLAND,5175268,11/12/2025,11/12/2024,S00588042-S4-MS,Mechanical Systems,Permit Issued,S00588042-S4,New Building,,,Permit Entire,6310.0,1,2,47000.0,71 HARBORVIEW PLACE  STATEN ISLAND,2835,38,501,SKEN SERVICES CORP,40.61043167114258,-74.06036376953125
Staten Island,5175380,1/8/2026,1/8/2025,50087688501NB03,NB,Issued,500876885,NB,,,PERMIT ISSUED - ENTIRE JOB/WORK,46964.0,0,3,0.0,348A DEISIUS STREET  Staten Island,6566,1,503,LHP ARCHITECTS  PLLC,40.52941131591797,-74.18728637695312
STATEN ISLAND,5175409,4/20/2026,10/7/2025,S00951067-S2-PL,Plumbing,Permit Issued,S00951067-S2,New Building,,,Permit Entire,3614.219970703125,2,3,0.0,83 BOMBAY STREET  STATEN ISLAND,7035,8,503,FLOW-RIGHT PLBG & HTG COR,40.54450988769531,-74.21282196044922
STATEN ISLAND,5175410,4/20/2026,7/18/2025,S00953922-S2-PL,Plumbing,Permit Issued,S00953922-S2,New Building,,,Permit Entire,3614.219970703125,2,3,0.0,87 BOMBAY STREET  STATEN ISLAND,7035,6,503,FLOW-RIGHT PLBG & HTG COR,40.544410705566406,-74.2127914428711
STATEN ISLAND,5175411,4/20/2026,7/18/2025,S00953925-S1-PL,Plumbing,Permit Issued,S00953925-S1,New Building,,,Permit Entire,3614.219970703125,2,3,0.0,91 BOMBAY STREET  STATEN ISLAND,7035,4,503,FLOW-RIGHT PLBG & HTG COR,40.5443000793457,-74.21273803710938
STATEN ISLAND,5175421,12/2/2025,12/2/2024,S00641533-I1-GC-CX,Mechanical Systems Structural General Construction Foundation Earth Work,Permit Issued,S00641533-I1,New Building,,,Permit Entire,3240.610107421875,2,3,324061.0,323 SPRAGUE AVENUE  STATEN ISLAND,7826,215,503,NELLO HOMES  INC,40.503238677978516,-74.2369613647461
STATEN ISLAND,5175422,12/3/2025,12/3/2024,S07996665-I1-GC-CX,Structural General Construction Foundation,Permit Issued,S07996665-I1,New Building,,,Permit Entire,198.0,0,1,0.0,323GAR SPRAGUE AVENUE  STATEN ISLAND,7826,215,503,NELLO HOMES  INC,40.503238677978516,-74.2369613647461
STATEN ISLAND,5175424,11/13/2025,11/13/2024,S07996662-I1-GC,General Construction,Permit Issued,S07996662-I1,New Building,,,Permit Issued,198.0,0,1,0.0,319GAR SPRAGUE AVENUE  STATEN ISLAND,7826,216,503,NELLO HOMES  INC,40.503021240234375,-74.23734283447266
STATEN ISLAND,5175448,4/20/2026,5/6/2025,S00953941-S2-PL,Plumbing,Permit Issued,S00953941-S2,New Building,,,Permit Entire,3370.0,2,3,0.0,171 MASON BOULEVARD  STATEN ISLAND,7035,80,503,FLOW-RIGHT PLBG & HTG COR,40.544158935546875,-74.21259307861328
STATEN ISLAND,5175450,3/20/2026,3/20/2025,S00702797-S3-PL,Plumbing,Permit Issued,S00702797-S3,New Building,,,Permit Entire,3870.330078125,2,3,0.0,230 GERVIL STREET  STATEN ISLAND,7034,67,503,FLOW-RIGHT PLBG & HTG COR,40.54502868652344,-74.21160888671875
STATEN ISLAND,5175451,3/20/2026,3/20/2025,S00702806-S1-PL,Plumbing,Permit Issued,S00702806-S1,New Building,,,Permit Entire,3870.330078125,2,3,0.0,234 GERVIL STREET  STATEN ISLAND,7034,69,503,FLOW-RIGHT PLBG & HTG COR,40.544921875,-74.2115707397461
Staten Island,5175466,12/17/2025,12/17/2024,52038039201NB08,NB,Issued,520380392,NB,,,PERMIT ISSUED - PARTIAL JOB,2436.0,1,3,0.0,28 GARIBALDI AVE  Staten Island,4087,51,502,JOSEPH M. MORACE  ARCHITECTS,40.56216049194336,-74.10193634033203
STATEN ISLAND,5175468,11/13/2025,11/13/2024,S00645494-I1-GC-CX,Structural General Construction Foundation,Permit Issued,S00645494-I1,New Building,,,Permit Entire,1795.3199462890625,4,3,1.0,265 UNION AVENUE  STATEN ISLAND,1220,15,501,EXOTIC DESIGN & WIRE LLC,40.6297492980957,-74.1577377319336
STATEN ISLAND,5175469,11/13/2025,11/13/2024,S00645496-I1-GC-CX,Structural General Construction Foundation,Permit Issued,S00645496-I1,New Building,,,Permit Entire,1760.280029296875,1,3,1.0,261 UNION AVENUE  STATEN ISLAND,1220,17,501,EXOTIC DESIGN & WIRE LLC,40.62995910644531,-74.15799713134766
STATEN ISLAND,5175470,11/13/2025,11/13/2024,S00645497-I1-GC-CX,Structural General Construction Foundation,Permit Issued,S00645497-I1,New Building,,,Permit Entire,1795.3199462890625,1,3,1.0,259 UNION AVENUE  STATEN ISLAND,1220,18,501,EXOTIC DESIGN & WIRE LLC,40.62998962402344,-74.15799713134766
STATEN ISLAND,5175476,12/3/2025,12/3/2024,S00645612-I1-GC-CX,Mechanical Systems Structural General Construction Foundation Earth Work,Permit Issued,S00645612-I1,New Building,,,Permit Entire,4281.14013671875,2,3,428114.0,11 NELLO WAY  STATEN ISLAND,7826,218,503,NELLO HOMES  INC,40.503238677978516,-74.2369613647461
STATEN ISLAND,5175478,12/3/2025,12/3/2024,S00675115-I1-GC-CX,Mechanical Systems Structural General Construction Foundation Earth Work,Permit Issued,S00675115-I1,New Building,,,Permit Entire,4281.14013671875,2,3,428114.0,15 NELLO WAY  STATEN ISLAND,7826,217,503,NELLO HOMES  INC,40.503238677978516,-74.2369613647461
Staten Island,5175615,1/14/2026,6/19/2025,52032936901NB05,NB,Issued,520329369,NB,,,PERMIT ISSUED - ENTIRE JOB/WORK,2091.0,0,1,0.0,275 GAR SOUTH AVENUE  Staten Island,1261,70,501,RYAN DESIGN ARCHITECTURE,40.632720947265625,-74.16594696044922
STATEN ISLAND,5175635,2/12/2026,2/12/2025,S00688101-S5-PL,Plumbing,Permit Issued,S00688101-S5,New Building,,,Permit Entire,80000.0,0,3,775000.0,4074 VICTORY BOULEVARD  STATEN ISLAND,2629,1,502,PHASE 1 GROUP INC,40.59185028076172,-74.18871307373047
STATEN ISLAND,5175648,12/4/2025,12/4/2024,S00688827-I1-GC-CX,Mechanical Systems Structural General Construction Foundation,Permit Issued,S00688827-I1,New Building,,,Permit Entire,2509.739990234375,2,3,250974.0,4941 AMBOY ROAD  STATEN ISLAND,6240,130,503,NELLO HOMES  INC,40.537071228027344,-74.17549133300781
STATEN ISLAND,5175661,11/1/2025,5/12/2025,S00701901-I1-GC,General Construction,Permit Issued,S00701901-I1,New Building,,,Permit Entire,1699.0,1,2,200000.0,63 GRANT STREET  STATEN ISLAND,504,14,501,FOUR BRIDGES CONSTRUCTION,40.6338996887207,-74.07742309570312
STATEN ISLAND,5175739,2/3/2026,2/3/2025,S00830875-I1-ST,Structural,Permit Issued,S00830875-I1,New Building,,,Permit Entire,264.0,0,1,39600.0,138GAR HILLSIDE AVENUE  STATEN ISLAND,621,51,501,ZAIM CONTRACTOR CORP,40.616729736328125,-74.09002685546875
STATEN ISLAND,5175796,4/20/2026,8/15/2025,S00906381-S1-PL,Plumbing,Permit Issued,S00906381-S1,New Building,,,Permit Entire,2247.77001953125,1,3,0.0,223 ODER AVENUE  STATEN ISLAND,2887,24,501,FLOW-RIGHT PLBG & HTG COR,40.61077880859375,-74.08518981933594
STATEN ISLAND,5175802,12/7/2025,10/20/2025,S00762400-I1-ST,Structural,Permit Issued,S00762400-I1,New Building,,,Permit Entire,4769.60009765625,2,3,1.0,505 RICHARD AVENUE  STATEN ISLAND,7710,99,503,UNDERTOW CONTRACTING CORP,40.50577926635742,-74.22379302978516
STATEN ISLAND,5175804,12/7/2025,10/20/2025,S00762397-I1-ST,Structural,Permit Issued,S00762397-I1,New Building,,,Permit Entire,4769.60009765625,2,3,1.0,511 RICHARD AVENUE  STATEN ISLAND,7710,97,503,UNDERTOW CONTRACTING CORP,40.50566101074219,-74.22379302978516
STATEN ISLAND,5175809,4/8/2026,9/24/2025,S00773923-I1-GC-CX,Structural General Construction Foundation,Permit Issued,S00773923-I1,New Building,,,Permit Entire,300.0,0,1,48600.0,136GAR WALCOTT AVENUE  STATEN ISLAND,1975,536,502,SKEN SERVICES CORP,40.59720993041992,-74.13829040527344
STATEN ISLAND,5175828,6/1/2026,8/15/2025,S00983619-I1-GC,General Construction,Permit Issued,S00983619-I1,New Building,,,Permit Entire,1367.0,0,1,0.0,345B MERSEREAU AVENUE  STATEN ISLAND,1248,1,501,JOHN P PICONE INC,40.629268646240234,-74.1634521484375
STATEN ISLAND,5175865,12/31/2025,6/30/2025,S00970534-S1-PL,Plumbing,Permit Issued,S00970534-S1,New Building,,,Permit Entire,4010.330078125,2,3,0.0,133 SHELDON AVENUE  STATEN ISLAND,5710,60,503,RELIABLE PLBG & HTG CORP,40.549198150634766,-74.18286895751953
STATEN ISLAND,5175867,12/31/2025,6/30/2025,S00970528-S1-PL,Plumbing,Permit Issued,S00970528-S1,New Building,,,Permit Entire,4010.330078125,2,3,0.0,127 SHELDON AVENUE  STATEN ISLAND,5710,58,503,RELIABLE PLBG & HTG CORP,40.54930877685547,-74.18276977539062
STATEN ISLAND,5175887,1/9/2026,1/9/2025,S07998411-I1-GC-CX,Structural General Construction Foundation,Permit Issued,S07998411-I1,New Building,,,Permit Entire,227.0,0,1,0.0,4941GAR AMBOY ROAD  STATEN ISLAND,6240,130,503,NELLO HOMES  INC,40.537330627441406,-74.17539978027344
STATEN ISLAND,5175960,11/18/2025,4/7/2025,S00979040-S1-PL,Plumbing,Permit Issued,S00979040-S1,New Building,,,Permit Entire,6058.3701171875,2,3,0.0,45 WILBUR STREET  STATEN ISLAND,6668,100,503,1215 CORP DBA KCM PLBG &,40.515499114990234,-74.19496154785156
STATEN ISLAND,5175972,12/4/2025,12/4/2024,S08054895-I1-GC-CX,Structural General Construction Foundation Earth Work,Permit Issued,S08054895-I1,New Building,,,Permit Entire,4221.0,2,3,635000.0,102 ALVERSON AVENUE  STATEN ISLAND,6164,40,503,BRIDLE ESTATES INC,40.55266189575195,-74.21015930175781
STATEN ISLAND,5175978,4/11/2026,4/11/2025,S00875048-Z1-SE,Support of Excavation,Permit Issued,S00875048-Z1,New Building,,,Permit Entire,46583.33984375,0,2,0.0,930 A WEST FINGERBOARD ROAD  STATEN ISLAND,3197,1,502,DELUXE HOME BUILDERS CORP,40.60023880004883,-74.0867919921875
STATEN ISLAND,5176020,5/27/2026,5/27/2025,S00817333-I1-GC-CX,Structural General Construction Foundation,Permit Issued,S00817333-I1,New Building,,,Permit Entire,240.0,0,1,0.0,32GAR TENAFLY PLACE  STATEN ISLAND,6249,209,503,FAS BUILDING CORP,40.537498474121094,-74.18025970458984
STATEN ISLAND,5176026,5/27/2026,5/27/2025,S00817327-I1-GC-CX,Structural General Construction Foundation,Permit Issued,S00817327-I1,New Building,,,Permit Entire,2353.139892578125,2,3,0.0,1016 ANNADALE ROAD  STATEN ISLAND,6249,210,503,FAS BUILDING CORP,40.53718185424805,-74.17980194091797
STATEN ISLAND,5176027,5/27/2026,5/27/2025,S00817339-I1-GC-CX,Structural General Construction Foundation,Permit Issued,S00817339-I1,New Building,,,Permit Entire,240.0,0,1,0.0,1016GAR ANNADALE ROAD  STATEN ISLAND,6249,210,503,FAS BUILDING CORP,40.53715133666992,-74.17948150634766
STATEN ISLAND,5176037,4/25/2026,4/25/2025,S00846792-S1-PL,Plumbing,Permit Issued,S00846792-S1,New Building,,,Permit Entire,3695.429931640625,2,3,0.0,29 RADIGAN AVENUE  STATEN ISLAND,7046,123,503,CAPITAL CONTR P&H CORP,40.54460906982422,-74.21424102783203
STATEN ISLAND,5176038,4/25/2026,4/25/2025,S00864081-S1-PL,Plumbing,Permit Issued,S00864081-S1,New Building,,,Permit Entire,3769.0,2,3,0.0,23 RADIGAN AVENUE  STATEN ISLAND,7046,122,503,CAPITAL CONTR P&H CORP,40.54462814331055,-74.21401977539062
STATEN ISLAND,5176039,4/25/2026,4/25/2025,S00864105-S1-PL,Plumbing,Permit Issued,S00864105-S1,New Building,,,Permit Entire,3768.60009765625,2,3,0.0,15 RADIGAN AVENUE  STATEN ISLAND,7046,119,503,CAPITAL CONTR P&H CORP,40.54467010498047,-74.2137680053711
STATEN ISLAND,5176055,5/28/2026,5/28/2025,S00979538-I1-GC-CX,Structural General Construction Foundation,Permit Issued,S00979538-I1,New Building,,,Permit Entire,3591.449951171875,2,3,0.0,9 MASSACHUSETTS STREET  STATEN ISLAND,7939,58,503,FAS BUILDING CORP,40.50334167480469,-74.25045013427734
STATEN ISLAND,5176060,2/18/2026,2/18/2025,S00960678-S1-PL,Plumbing,Permit Issued,S00960678-S1,New Building,,,Permit Entire,4851.330078125,2,3,0.0,365 ADAMS AVENUE  STATEN ISLAND,3683,10,502,FLOW-RIGHT PLBG & HTG COR,40.57857131958008,-74.09584045410156
STATEN ISLAND,5176134,2/13/2026,2/13/2025,S83789076-S1-PL,Plumbing,Signed-off,S00971711-S1,New Building,,,Permit Entire,4410.0,2,3,0.0,331 OAKLAND AVENUE  STATEN ISLAND,155,106,501,CHARLES J. DEHART JR P&H,40.634239196777344,-74.11076354980469
STATEN ISLAND,5176176,2/24/2026,5/14/2025,S31001246-S2-PL,Plumbing,Permit Issued,S00967791-S2,New Building,,,Permit Entire,9985.4501953125,1,4,0.0,16 CALLAN AVENUE  STATEN ISLAND,878,35,502,K.M.D MECHANICAL 1443 LLC,40.59941864013672,-74.10784149169922
STATEN ISLAND,5176201,1/26/2026,10/9/2025,S82930542-S4-PL,Plumbing,Permit Issued,S01239278-S4,New Building,,,Permit Entire,4057.199951171875,2,2,0.0,12 WHEELING AVENUE  STATEN ISLAND,6855,19,503,PREMIER PL HTG & MECH INC,40.529239654541016,-74.19859313964844
STATEN ISLAND,5176240,3/30/2026,4/7/2025,S00959837-I1-GC-CX,Structural General Construction Foundation Earth Work,Permit Issued,S00959837-I1,New Building,,,Permit Entire,625.0,0,1,0.0,30 GAR BUFFINGTON AVENUE  STATEN ISLAND,6252,12,503,CAVAGNARO CONTRACTING LLC,40.538238525390625,-74.18247985839844
STATEN ISLAND,5176253,1/6/2026,3/17/2025,S00925087-I1-GC-CX,Structural General Construction,Permit Issued,S00925087-I1,New Building,,,Permit Issued,1992.2900390625,0,1,0.0,159 FILLMORE STREET  STATEN ISLAND,67,14,501,MP REALTY HOLDING CORP,40.64393997192383,-74.09388732910156
STATEN ISLAND,5176254,1/6/2026,3/19/2025,S00925085-I1-GC-CX,Structural General Construction Foundation Earth Work,Permit Issued,S00925085-I1,New Building,,,Permit Entire,1988.5400390625,0,1,0.0,155 FILLMORE STREET  STATEN ISLAND,67,211,501,MP REALTY HOLDING CORP,40.643951416015625,-74.09381103515625
STATEN ISLAND,5176255,1/6/2026,3/18/2025,S00925081-I1-GC-CX,Structural General Construction Foundation Earth Work,Permit Issued,S00925081-I1,New Building,,,Permit Entire,1971.52001953125,0,1,0.0,151 FILLMORE STREET  STATEN ISLAND,67,11,501,MP REALTY HOLDING CORP,40.643978118896484,-74.09371948242188
STATEN ISLAND,5176264,12/6/2025,12/6/2024,S00913081-I1-GC-CX,Mechanical Systems Structural General Construction Foundation Earth Work,Permit Issued,S00913081-I1,New Building,,,Permit Entire,3998.0,2,3,0.0,10 LUDWIG STREET  STATEN ISLAND,310,16,501,BELL BUILDING CORP,40.62665939331055,-74.1196517944336
STATEN ISLAND,5176265,2/21/2026,10/20/2025,S00913476-S3-FO,Foundation,Permit Issued,S00913476-S3,New Building,,,Permit Entire,3420.0,2,2,0.0,146 RICHIE AVENUE  STATEN ISLAND,2620,169,502,MAXIMUM CONTRACTING INC,40.59461975097656,-74.18418884277344
STATEN ISLAND,5176285,12/31/2025,3/31/2025,S00922915-I1-GC-CX,General Construction Foundation Earth Work,Permit Issued,S00922915-I1,New Building,,,Permit Entire,1112.0,1,2,0.0,329 PULASKI AVENUE  STATEN ISLAND,1166,110,501,KDC OF STATEN ISLAND INC,40.63039016723633,-74.14810180664062
STATEN ISLAND,5176288,7/1/2026,7/3/2025,S00895770-S6-ST,Structural,Permit Issued,S00895770-S6,New Building,,,Permit Entire,9928.0,0,1,0.0,2559 FOREST AVENUE  STATEN ISLAND,1384,150,501,PINNACLE COMMERCIAL DEVEL,40.6260986328125,-74.17546081542969
STATEN ISLAND,5176293,4/18/2026,9/5/2025,S00953430-I1-GC-CX,Structural General Construction Foundation,Permit Issued,S00953430-I1,New Building,,,Permit Entire,222.9499969482422,0,1,0.0,18GAR BROWN PLACE  STATEN ISLAND,3076,4,501,BEYER CONSTRUCTION CORP,40.6054801940918,-74.06797790527344
STATEN ISLAND,5176294,4/18/2026,9/5/2025,S00953454-I1-GC-CX,Structural General Construction Foundation,Permit Issued,S00953454-I1,New Building,,,Permit Entire,210.85000610351562,0,1,0.0,20GAR BROWN PLACE  STATEN ISLAND,3076,2,501,BEYER CONSTRUCTION CORP,40.605430603027344,-74.06754302978516
STATEN ISLAND,5176299,11/17/2025,7/15/2025,S00980855-I1-GC-CX,Structural General Construction Foundation,Permit Issued,S00980855-I1,New Building,,,Permit Entire,5832.2998046875,2,3,0.0,61 SHADYSIDE AVENUE  STATEN ISLAND,6751,82,503,INGRAVALLO CORP,40.52125930786133,-74.20850372314453
STATEN ISLAND,5176300,11/17/2025,3/17/2025,S00981125-I1-GC-CX,Structural General Construction Foundation,Permit Issued,S00981125-I1,New Building,,,Permit Entire,5324.85009765625,2,3,0.0,69 SHADYSIDE AVENUE  STATEN ISLAND,6751,80,503,INGRAVALLO CORP,40.52138137817383,-74.20899200439453
STATEN ISLAND,5176303,5/10/2026,10/17/2025,S00938582-S1-PL,Plumbing,Permit Issued,S00938582-S1,New Building,,,Permit Entire,4063.0,2,3,0.0,1051 EDGEGROVE AVENUE  STATEN ISLAND,6918,90,503,T & T PLUMBING INC,40.53398895263672,-74.20667266845703
STATEN ISLAND,5176336,2/27/2026,2/27/2025,S00942733-I1-GC,General Construction,Permit Issued,S00942733-I1,New Building,,,Permit Entire,6261.7900390625,1,2,0.0,25 CHESTER AVENUE  STATEN ISLAND,6535,48,503,REGAL CONSTRUCTION GROUP,40.522369384765625,-74.18032836914062
STATEN ISLAND,5176342,2/2/2026,10/10/2025,S00939209-I1-GC-CX,Structural General Construction Foundation,Permit Issued,S00939209-I1,New Building,,,Permit Entire,2978.0,1,3,0.0,256 LINDENWOOD AVENUE  STATEN ISLAND,5249,11,503,AL DIBIASI BUILDERS LLC,40.54384994506836,-74.1500015258789
STATEN ISLAND,5176358,10/25/2025,10/25/2024,S00979006-I1-GC-CX,Structural General Construction Foundation Earth Work,Permit Issued,S00979006-I1,New Building,,,Permit Entire,4960.0,2,3,0.0,485 JEWETT AVENUE  STATEN ISLAND,354,8,501,MONELLO ENTERPRISES INC,40.6249885559082,-74.13139343261719
STATEN ISLAND,5176386,11/18/2025,11/18/2024,S00957992-I1-GC-CX,Structural General Construction Foundation Earth Work,Permit Issued,S00957992-I1,New Building,,,Permit Entire,220.0,0,1,0.0,69GAR BAYVIEW TERRACE  STATEN ISLAND,6352,21,503,BETHEL BUILDING CORP,40.52696990966797,-74.16454315185547
STATEN ISLAND,5176388,11/18/2025,11/18/2024,S00957879-I1-GC-CX,Structural General Construction Foundation Earth Work,Permit Issued,S00957879-I1,New Building,,,Permit Entire,220.0,0,1,0.0,63GAR BAYVIEW TERRACE  STATEN ISLAND,6352,20,503,BETHEL BUILDING CORP,40.52695846557617,-74.16443634033203
STATEN ISLAND,5176390,12/17/2025,12/17/2024,S00957876-S1-PL,Plumbing,Permit Issued,S00957876-S1,New Building,,,Permit Entire,4150.0,2,3,0.0,63 BAYVIEW TERRACE  STATEN ISLAND,6352,20,503,PREMIER PL HTG & MECH INC,40.52695846557617,-74.16443634033203
STATEN ISLAND,5176393,3/20/2026,7/29/2025,S00979696-I1-GC,General Construction,Permit Issued,S00979696-I1,New Building,,,Permit Entire,3475.2900390625,2,3,0.0,397 PHILIP AVENUE  STATEN ISLAND,6457,7,503,M.S.B. DEVELOPMENT CO INC,40.526241302490234,-74.17501831054688
STATEN ISLAND,5176396,12/12/2025,12/12/2024,S00979714-I1-ST,Structural,Permit Issued,S00979714-I1,New Building,,,Permit Entire,3964.6298828125,2,3,0.0,383 PHILIP AVENUE  STATEN ISLAND,6457,1,503,M.S.B. DEVELOPMENT CO INC,40.52653884887695,-74.17527770996094
STATEN ISLAND,5176408,2/19/2026,2/19/2025,S00977356-S1-FN,Construction Fence,Permit Issued,S00977356-S1,New Building,,,Permit Entire,2257.919921875,1,3,0.0,5012 HYLAN BOULEVARD  STATEN ISLAND,6431,200,503,M.S.B. DEVELOPMENT CO INC,40.52650833129883,-74.1735610961914
STATEN ISLAND,5176413,12/15/2025,7/24/2025,S00962816-I1-GC,General Construction,Permit Issued,S00962816-I1,New Building,,,Permit Entire,250.0,0,1,0.0,172 GAR RADCLIFF ROAD  STATEN ISLAND,3229,47,502,NICOLOSI BROS INC,40.59968948364258,-74.07784271240234
STATEN ISLAND,5176513,12/31/2025,5/13/2025,S00981384-S1-PL,Plumbing,Permit Issued,S00981384-S1,New Building,,,Permit Entire,2673.0,2,3,0.0,3721 AMBOY ROAD  STATEN ISLAND,4640,7,503,FINE MECHANICAL CORP,40.55263900756836,-74.14335632324219
STATEN ISLAND,5176541,12/12/2025,3/7/2025,S00977330-S2-PL,Plumbing,Permit Issued,S00977330-S2,New Building,,,Permit Entire,3285.0,1,2,0.0,2 HALE STREET  STATEN ISLAND,8035,1,503,SPARTAKUS PLBG AND HEATIN,40.514320373535156,-74.23625946044922
STATEN ISLAND,5176547,12/31/2025,5/13/2025,S00969941-S1-PL,Plumbing,Permit Issued,S00969941-S1,New Building,,,Permit Entire,2673.0,2,3,0.0,3723 AMBOY ROAD  STATEN ISLAND,4640,8,503,FINE MECHANICAL CORP,40.55276107788086,-74.14369201660156
STATEN ISLAND,5176550,2/27/2026,2/27/2025,S00972703-S1-PL,Plumbing,Permit Issued,S00972703-S1,New Building,,,Permit Entire,5527.919921875,2,2,0.0,1372 FOREST HILL ROAD  STATEN ISLAND,2370,162,502,FLOW-RIGHT PLBG & HTG COR,40.585899353027344,-74.1469497680664
STATEN ISLAND,5176554,4/8/2026,9/5/2025,S00975153-I1-GC-CX,Structural General Construction,Permit Issued,S00975153-I1,New Building,,,Permit Entire,200.0,0,1,0.0,79GAR PERRY AVENUE  STATEN ISLAND,725,42,501,SKEN SERVICES CORP,40.610740661621094,-74.13004302978516
STATEN ISLAND,5176555,4/8/2026,9/5/2025,S00975152-I1-GC-CX,Structural General Construction,Permit Issued,S00975152-I1,New Building,,,Permit Entire,1930.530029296875,1,4,0.0,79 PERRY AVENUE  STATEN ISLAND,725,42,501,SKEN SERVICES CORP,40.6102409362793,-74.1297607421875
STATEN ISLAND,5176558,4/8/2026,9/5/2025,S00975150-I1-GC-CX,Structural General Construction,Permit Issued,S00975150-I1,New Building,,,Permit Entire,2394.179931640625,1,3,0.0,77 PERRY AVENUE  STATEN ISLAND,725,43,501,SKEN SERVICES CORP,40.6103401184082,-74.12976837158203
STATEN ISLAND,5176581,12/30/2025,9/23/2025,S75996551-S1-PL,Plumbing,Permit Issued,S00979921-S1,New Building,,,Permit Entire,3327.0,2,3,0.0,306 ELTINGVILLE BOULEVARD  STATEN ISLAND,5520,138,503,TRITTO PLBG & HTG INC,40.55229949951172,-74.16605377197266
STATEN ISLAND,5176582,12/30/2025,9/23/2025,S61774754-S1-PL,Plumbing,Permit Issued,S00979922-S1,New Building,,,Permit Entire,3327.0,2,3,0.0,310 ELTINGVILLE BOULEVARD  STATEN ISLAND,5520,141,503,TRITTO PLBG & HTG INC,40.5523796081543,-74.16606903076172
STATEN ISLAND,5176583,8/15/2026,8/15/2025,S00979926-I1-GC-CX,Mechanical Systems Structural General Construction,Permit Issued,S00979926-I1,New Building,,,Permit Entire,3327.0,2,3,0.0,314 ELTINGVILLE BOULEVARD  STATEN ISLAND,5520,142,503,KRAMER ENTERPRISES INC,40.552459716796875,-74.16609191894531
STATEN ISLAND,5176585,12/30/2025,9/23/2025,S19253916-S1-PL,Plumbing,Permit Issued,S00979914-S1,New Building,,,Permit Entire,3327.0,2,3,0.0,302 ELTINGVILLE BOULEVARD  STATEN ISLAND,5520,137,503,TRITTO PLBG & HTG INC,40.55221176147461,-74.16603088378906
STATEN ISLAND,5176598,12/12/2025,7/1/2025,S00981139-I1-GC-CX,Structural General Construction Foundation,Permit Issued,S00981139-I1,New Building,,,Permit Entire,506.25,0,1,0.0,311 GAR HUSSON STREET  STATEN ISLAND,3570,34,502,OUR ISLAND PROPERTY MANAG,40.581321716308594,-74.10265350341797
STATEN ISLAND,5176619,12/31/2025,7/22/2025,S00982583-S1-PL,Plumbing,Permit Issued,S00982583-S1,New Building,,,Permit Entire,2637.0,1,3,0.0,73 WELLBROOK AVENUE  STATEN ISLAND,810,15,502,DUO PLUMBING & HTG CORP.,40.60369873046875,-74.13033294677734
STATEN ISLAND,5176624,5/13/2026,8/8/2025,S00982613-I1-GC-CX,Mechanical Systems Structural General Construction Foundation Earth Work,Permit Issued,S00982613-I1,New Building,,,Permit Entire,2637.0,1,3,0.0,105 WELLBROOK AVENUE  STATEN ISLAND,810,2,502,WALLACE AVENUE CONSTR LLC,40.602928161621094,-74.13047790527344
STATEN ISLAND,5176625,5/13/2026,8/5/2025,S00982611-I1-GC-CX,Mechanical Systems Structural General Construction Foundation Earth Work,Permit Issued,S00982611-I1,New Building,,,Permit Entire,2637.0,1,3,0.0,99 WELLBROOK AVENUE  STATEN ISLAND,810,3,502,WALLACE AVENUE CONSTR LLC,40.60306930541992,-74.13050079345703
STATEN ISLAND,5176636,3/14/2026,6/3/2025,S00982569-I1-GC,General Construction,Permit Issued,S00982569-I1,New Building,,,Permit Issued,3380.760009765625,2,3,0.0,497 COLON AVENUE  STATEN ISLAND,5451,78,503,BETHEL BUILDING CORP,40.561859130859375,-74.1587905883789
Staten Island,5176643,7/2/2026,8/8/2025,54019652601NB02,NB,Issued,540196526,NB,,,PERMIT ISSUED - ENTIRE JOB/WORK,3360.0,2,3,0.0,295 COLONY AVE  Staten Island,3814,30,502,ZPROEKT,40.57175827026367,-74.09326171875
STATEN ISLAND,5176661,10/29/2025,10/29/2024,S01002972-I1-GC-CX,Structural General Construction Foundation Earth Work,Permit Issued,S01002972-I1,New Building,,,Permit Entire,260.0,0,1,0.0,46GAR OCONNOR AVENUE  STATEN ISLAND,463,106,501,BRADLEY ASSOCIATES OF SI,40.6127815246582,-74.13812255859375
STATEN ISLAND,5176682,6/27/2026,6/30/2025,S01035840-I1-GC-CX,Structural General Construction,Permit Issued,S01035840-I1,New Building,,,Permit Entire,241.6699981689453,0,1,0.0,5639GAR AMBOY ROAD  STATEN ISLAND,6853,73,503,OWR DEVELOPERS LLC,40.52949142456055,-74.19751739501953
STATEN ISLAND,5176702,6/27/2026,6/30/2025,S01035334-I1-GC-CX,Mechanical Systems Structural General Construction,Permit Issued,S01035334-I1,New Building,,,Permit Entire,3496.0,2,3,0.0,5635 AMBOY ROAD  STATEN ISLAND,6853,72,503,OWR DEVELOPERS LLC,40.529258728027344,-74.19735717773438
STATEN ISLAND,5176709,4/2/2026,4/2/2025,S01019223-I1-GC-CX,Structural General Construction Foundation,Permit Issued,S01019223-I1,Alteration CO,Yes,Yes,Permit Issued,5756.0,2,2,203600.0,60 QUINTARD STREET  STATEN ISLAND,3347,36,502,PEEPS SERVICES INC,40.59532928466797,-74.08432006835938
STATEN ISLAND,5176710,6/27/2026,6/30/2025,S01035837-I1-GC-CX,Structural General Construction,Permit Issued,S01035837-I1,New Building,,,Permit Entire,241.6699981689453,0,1,0.0,5635GAR AMBOY ROAD  STATEN ISLAND,6853,72,503,OWR DEVELOPERS LLC,40.529258728027344,-74.19735717773438
STATEN ISLAND,5176725,12/4/2025,3/26/2025,S01028406-I1-GC-CX,Structural General Construction Foundation Earth Work,Permit Issued,S01028406-I1,New Building,,,Permit Entire,400.0,0,1,0.0,22GAR SCUDDER AVENUE  STATEN ISLAND,6901,320,503,PATSY VENDITTI & SON INC,40.52614974975586,-74.20567321777344
STATEN ISLAND,5176729,12/18/2025,12/18/2024,S01032358-I1-GC-CX,Structural General Construction Foundation,Permit Issued,S01032358-I1,New Building,,,Permit Entire,2500.0,1,3,0.0,107 ST JOHNS AVENUE  STATEN ISLAND,2859,179,501,ZAIM CONTRACTOR CORP,40.610740661621094,-74.06822967529297
STATEN ISLAND,5176734,4/30/2026,10/1/2025,S95246039-S1-PL,Plumbing,Permit Issued,S01037213-S1,New Building,,,Permit Entire,3100.0,2,2,0.0,3010 RICHMOND TERRACE  STATEN ISLAND,1236,55,501,QUALITY PLUMBING  INC,40.637020111083984,-74.16034698486328
STATEN ISLAND,5176741,4/29/2026,7/9/2025,S15364667-S1-PL,Plumbing,Permit Issued,S01077658-S1,New Building,,,Permit Entire,3408.0,2,3,0.0,139 DETROIT AVENUE  STATEN ISLAND,6228,58,503,SUPERIOR PLUMBING & HEATI,40.544898986816406,-74.1784896850586
STATEN ISLAND,5176749,12/26/2025,8/5/2025,S01043154-I1-GC-CX,Structural General Construction Foundation,Permit Issued,S01043154-I1,New Building,,,Permit Entire,600.0,0,1,20000.0,4119 GAR RICHMOND AVENUE  STATEN ISLAND,5268,37,503,CEE JAY REAL ESTATE DEVEL,40.538421630859375,-74.15921020507812
STATEN ISLAND,5176757,3/4/2026,6/24/2025,S01098171-S2-EW-SP,Sprinklers,Permit Issued,S01098171-S2,New Building,,,Permit Entire,4416.0,2,3,0.0,372 SHARON AVENUE  STATEN ISLAND,253,54,501,FLOW-RIGHT FIRE SUPP CORP,40.62860107421875,-74.10250854492188
STATEN ISLAND,5176763,9/4/2026,9/4/2025,S01119787-I1-GC-CX,Structural General Construction Foundation,Permit Issued,S01119787-I1,New Building,,,Permit Entire,5900.16015625,2,3,0.0,58 RATHBUN AVENUE  STATEN ISLAND,5704,34,503,FJN DEVELOPEMENT CORP,40.54841995239258,-74.18058013916016
STATEN ISLAND,5176769,12/6/2025,12/6/2024,S01112469-I1-GC-CX,Structural General Construction Foundation,Permit Issued,S01112469-I1,New Building,,,Permit Entire,3558.0,2,2,0.0,161 LANDER AVENUE  STATEN ISLAND,1598,2,502,A.E.H BUILDERS CORP,40.61399841308594,-74.16454315185547
STATEN ISLAND,5176773,2/26/2026,2/26/2025,S01060239-I1-GC-CX,Structural General Construction Foundation,Permit Issued,S01060239-I1,New Building,,,Permit Entire,5144.25,2,3,0.0,28 WATERSIDE PARKWAY  STATEN ISLAND,5195,82,503,OAK DEVELOPERS LLC,40.54629898071289,-74.13990783691406
STATEN ISLAND,5176774,2/27/2026,2/27/2025,S01060256-I1-GC-CX,Structural General Construction Foundation,Permit Issued,S01060256-I1,New Building,,,Permit Entire,5144.25,2,2,0.0,30 WATERSIDE PARKWAY  STATEN ISLAND,5195,83,503,OAK DEVELOPERS LLC,40.54644012451172,-74.14105224609375
STATEN ISLAND,5176785,11/18/2025,11/18/2024,S01074511-I1-GC-CX,Structural General Construction Foundation Earth Work,Permit Issued,S01074511-I1,New Building,,,Permit Entire,260.0,0,1,0.0,71GAR PRESCOTT AVENUE  STATEN ISLAND,3599,54,502,BRADLEY ASSOCIATES OF SI,40.578800201416016,-74.11197662353516
STATEN ISLAND,5176786,4/2/2026,4/8/2025,S01091006-I1-ST,Structural,Permit Issued,S01091006-I1,New Building,,,Permit Entire,2550.0,2,3,0.0,77 ALBERTA AVENUE  STATEN ISLAND,2637,12,502,LATERRA DEVELOPERS LLC,40.58951950073242,-74.18995666503906
STATEN ISLAND,5176815,4/8/2026,4/8/2025,S01078499-I1-ST,Structural,Permit Issued,S01078499-I1,New Building,,,Permit Issued,4035.75,2,2,0.0,28 HOPE AVENUE  STATEN ISLAND,2863,25,501,WAHLER PLACE LLC,40.61014938354492,-74.06427001953125
STATEN ISLAND,5176816,4/7/2026,4/7/2025,S01078507-I1-ST,Structural,Permit Issued,S01078507-I1,New Building,,,Permit Issued,4035.75,2,2,0.0,22 HOPE AVENUE  STATEN ISLAND,2863,29,501,WAHLER PLACE LLC,40.61037063598633,-74.06443786621094
STATEN ISLAND,5176826,12/30/2025,2/13/2025,S63956309-S1-PL,Plumbing,Permit Issued,S01124802-S1,New Building,,,Permit Entire,4014.02001953125,2,3,0.0,448 RENSSELAER AVENUE  STATEN ISLAND,6300,14,503,TRITTO PLBG & HTG INC,40.542179107666016,-74.18920135498047
STATEN ISLAND,5176828,10/26/2025,9/11/2025,S01224821-I1-GC-CX,Structural General Construction Foundation Earth Work,Permit Issued,S01224821-I1,New Building,,,Permit Entire,3867.0,1,3,0.0,215 CENTER STREET  STATEN ISLAND,4437,6,503,MONELLO ENTERPRISES INC,40.571739196777344,-74.14234161376953
STATEN ISLAND,5176836,7/2/2026,8/8/2025,S01111513-I1-GC-CX,Structural General Construction,Permit Issued,S01111513-I1,New Building,,,Permit Entire,1726.4599609375,1,3,0.0,64 HEMPSTEAD AVENUE  STATEN ISLAND,3813,14,502,CHESTER BUILDERS CORP,40.57196044921875,-74.09130096435547
STATEN ISLAND,5176847,4/2/2026,10/15/2025,S01146719-I1-ST,Structural,Permit Issued,S01146719-I1,New Building,,,Permit Issued,3584.5,2,3,0.0,219 BARNARD AVENUE  STATEN ISLAND,8041,39,503,LATERRA DEVELOPERS LLC,40.51353073120117,-74.24082946777344
STATEN ISLAND,5176851,5/12/2026,5/12/2025,S01092946-S5-ST,Structural,Permit Issued,S01092946-S5,New Building,,,Permit Entire,3020.0,2,2,0.0,449 WILSON AVENUE  STATEN ISLAND,5595,29,503,REGAL CONSTRUCTION GROUP,40.54542922973633,-74.16622161865234
STATEN ISLAND,5176864,12/12/2025,12/12/2024,S01115899-I1-GC-CX,Structural General Construction Foundation Earth Work,Permit Issued,S01115899-I1,New Building,,,Permit Entire,308.0,0,1,0.0,121GAR SINCLAIR AVENUE  STATEN ISLAND,6236,58,503,SKEN SERVICES CORP,40.54800033569336,-74.18512725830078
STATEN ISLAND,5176865,1/26/2026,3/25/2025,S01110714-S1-PL,Plumbing,Permit Issued,S01110714-S1,New Building,,,Permit Entire,3649.169921875,2,3,0.0,121 SINCLAIR AVENUE  STATEN ISLAND,6236,58,503,PREMIER PL HTG & MECH INC,40.54804992675781,-74.1850814819336
STATEN ISLAND,5176881,1/6/2026,3/2/2025,S01110669-I1-GC-CX,Structural General Construction Foundation,Permit Issued,S01110669-I1,New Building,,,Permit Entire,4254.0,2,2,0.0,200 CEDAR AVENUE  STATEN ISLAND,3110,68,502,MP REALTY HOLDING CORP,40.595340728759766,-74.06884002685547
STATEN ISLAND,5176892,4/18/2026,5/29/2025,S01114492-I1-GC-CX,Structural General Construction Foundation,Permit Issued,S01114492-I1,New Building,,,Permit Entire,3744.85009765625,2,3,0.0,108 WIELAND AVENUE  STATEN ISLAND,6933,50,503,BEYER CONSTRUCTION CORP,40.540809631347656,-74.20781707763672
STATEN ISLAND,5176903,9/3/2026,9/3/2025,S01119778-I1-GC-CX,Structural General Construction Foundation,Permit Issued,S01119778-I1,New Building,,,Permit Entire,6248.8798828125,2,3,1.0,62 RATHBUN AVENUE  STATEN ISLAND,5704,33,503,FJN DEVELOPEMENT CORP,40.548309326171875,-74.18067169189453
STATEN ISLAND,5176909,3/30/2026,4/16/2025,S01194916-I1-GC-CX,Structural General Construction Foundation Earth Work,Permit Issued,S01194916-I1,New Building,,,Permit Entire,2358.0,1,3,0.0,82 WINHAM AVENUE  STATEN ISLAND,4043,69,502,CAVAGNARO CONTRACTING LLC,40.56499099731445,-74.10452270507812
STATEN ISLAND,5176918,3/30/2026,7/11/2025,S01221973-I1-GC-CX,Structural General Construction Foundation Earth Work,Permit Issued,S01221973-I1,New Building,,,Permit Entire,2850.0,1,3,0.0,378 ATLANTIC AVENUE  STATEN ISLAND,3369,61,502,CAVAGNARO CONTRACTING LLC,40.5894889831543,-74.08757781982422
STATEN ISLAND,5176929,11/19/2025,2/20/2025,S01158921-I1-ST,Structural,Signed-off,S01158921-I1,New Building,,,Permit Entire,4050.0,2,3,0.0,304 SHELDON AVENUE  STATEN ISLAND,6266,14,503,MADONIA DEVELOPMENT CORP,40.54561996459961,-74.1856918334961
STATEN ISLAND,5176930,11/19/2025,2/20/2025,S01164035-I1-ST,Structural,Signed-off,S01164035-I1,New Building,,,Permit Entire,4050.0,2,3,0.0,308 SHELDON AVENUE  STATEN ISLAND,6266,13,503,MADONIA DEVELOPMENT CORP,40.54499053955078,-74.18569946289062
STATEN ISLAND,5176969,1/10/2026,5/1/2025,S01166150-I1-GC-CX,Structural General Construction Foundation Earth Work,Permit Issued,S01166150-I1,New Building,,,Permit Entire,5426.0,2,3,0.0,188 MASON BOULEVARD  STATEN ISLAND,7045,257,503,MIRANCO CONTRACTING  INC,40.54365158081055,-74.2129898071289
STATEN ISLAND,5176979,4/20/2026,8/28/2025,S01173037-S3-PL,Plumbing,Permit Issued,S01173037-S3,New Building,,,Permit Entire,4316.0,2,3,0.0,351 EDGEGROVE AVENUE  STATEN ISLAND,6278,40,503,FLOW-RIGHT PLBG & HTG COR,40.54072189331055,-74.18321990966797
STATEN ISLAND,5176982,4/21/2026,8/25/2025,S01191094-I1-GC-CX,Structural General Construction Foundation,Permit Issued,S01191094-I1,New Building,,,Permit Entire,3853.0,2,3,0.0,230 RATHBUN AVENUE  STATEN ISLAND,6264,21,503,DAE DEVELOPMENT CORP,40.5446891784668,-74.18399047851562
STATEN ISLAND,5176983,4/21/2026,9/12/2025,S01187603-I1-GC-CX,Structural General Construction Foundation,Permit Issued,S01187603-I1,New Building,,,Permit Entire,3853.0,2,3,0.0,226 RATHBUN AVENUE  STATEN ISLAND,6264,23,503,DAE DEVELOPMENT CORP,40.54481887817383,-74.18415069580078
STATEN ISLAND,5176985,10/29/2025,5/20/2025,S01185887-I1-GC-CX,Structural General Construction Foundation Earth Work,Permit Issued,S01185887-I1,New Building,,,Permit Entire,4202.0,2,3,0.0,317 KISWICK STREET  STATEN ISLAND,3821,54,502,HITECH RENOVATIONS CORP,40.571380615234375,-74.09912872314453
STATEN ISLAND,5177015,2/21/2026,3/25/2025,S00865867-I1-GC-CX,Structural General Construction Foundation Earth Work,Permit Issued,S00865867-I1,New Building,,,Permit Entire,6751.0,1,2,0.0,47 WILLOW POND ROAD  STATEN ISLAND,879,50,502,CTI CONSTRUCTION INC,40.59817123413086,-74.10977935791016
STATEN ISLAND,5177082,4/18/2026,7/31/2025,S01215136-I1-GC-CX,Structural General Construction Foundation,Permit Issued,S01215136-I1,New Building,,,Permit Entire,3741.75,2,3,0.0,138 RATHBUN AVENUE  STATEN ISLAND,6232,33,503,BEYER CONSTRUCTION CORP,40.54663848876953,-74.18229675292969
STATEN ISLAND,5177088,3/14/2026,9/5/2025,S01263180-I1-GC-CX,Structural General Construction Foundation Earth Work,Permit Issued,S01263180-I1,New Building,,,Permit Entire,5203.7998046875,2,2,0.0,347 BEACH AVENUE  STATEN ISLAND,4228,58,502,BETHEL BUILDING CORP,40.56837844848633,-74.11353302001953
STATEN ISLAND,5177102,9/9/2026,10/1/2025,S01216217-I1-GC-CX,Structural General Construction Foundation,Permit Issued,S01216217-I1,New Building,,,Permit Entire,4526.490234375,2,3,0.0,487 WOODROW ROAD  STATEN ISLAND,5772,54,503,FJN DEVELOPEMENT CORP,40.55339813232422,-74.1854476928711
STATEN ISLAND,5177135,4/29/2026,10/20/2025,S01236076-S3-PL,Plumbing,Permit Issued,S01236076-S3,New Building,,,Permit Entire,3328.550048828125,2,3,0.0,693 BEMENT AVENUE  STATEN ISLAND,293,9,501,SUPERIOR PLUMBING & HEATI,40.6243782043457,-74.11060333251953
STATEN ISLAND,5177153,10/22/2025,6/25/2025,S01239048-I1-GC-CX,Structural General Construction Foundation Earth Work,Permit Issued,S01239048-I1,New Building,,,Permit Entire,274.3500061035156,0,1,0.0,155GAR BENTLEY STREET  STATEN ISLAND,8049,22,503,BLUE STAR GROUP LLC,40.50912094116211,-74.24932861328125
STATEN ISLAND,5177257,1/22/2026,1/22/2025,S01113789-I1-GC-CX,Structural General Construction,Permit Issued,S01113789-I1,New Building,,,Permit Entire,5618.0,1,3,0.0,16 BOYLE PLACE  STATEN ISLAND,2264,50,502,MAXIMUM CONTRACTING INC,40.5766716003418,-74.13172912597656
Staten Island,5805627,8/3/2026,9/10/2025,52004722601NB10,NB,Issued,520047226,NB,,,PERMIT ISSUED - PARTIAL JOB,3460.0,2,3,0.0,76 DOROTHEA PLACE  Staten Island,4310,32,503,JOSEPH M. MORACE RA,40.57373809814453,-74.1250228881836
Staten Island,5814491,1/14/2026,6/20/2025,52032526501NB08,NB,Issued,520325265,NB,,,PERMIT ISSUED - PARTIAL JOB,2340.0,1,1,0.0,40 PINE STREET  Staten Island,106,57,501,RYAN & VACCARO,40.63597106933594,-74.08767700195312
STATEN ISLAND,5816300,11/17/2025,1/28/2025,S00739621-S5-SE,Support of Excavation,Permit Issued,S00739621-S5,New Building,,,Permit Entire,3644.0,2,2,0.0,3002 RICHMOND TERRACE  STATEN ISLAND,1227,55,501,DEAR'S CONSTRUCTION INC,40.636871337890625,-74.16002655029297
STATEN ISLAND,5818417,12/9/2025,12/9/2024,S00983584-I1-GC-CX,Mechanical Systems Structural General Construction Foundation Earth Work,Permit Issued,S00983584-I1,New Building,,,Permit Entire,3947.489990234375,1,3,0.0,544 STEUBEN STREET  STATEN ISLAND,3046,47,502,DELTAMER  INC,40.60163879394531,-74.07657623291016
Staten Island,5830283,2/3/2026,6/30/2025,52020545701NB15,NB,Issued,520205457,NB,,,PERMIT ISSUED - ENTIRE JOB/WORK,3857.0,1,3,0.0,153 HIGHLAND AVENUE  Staten Island,597,17,501,LO BUE VALENZIANO  AIA,40.61650848388672,-74.09706115722656
STATEN ISLAND,5833932,1/7/2026,8/11/2025,S00883833-S4-EW-SP,Sprinklers,Permit Issued,S00883833-S4,New Building,,,Permit Issued,8191.43017578125,1,3,0.0,138 GRYMES HILL ROAD  STATEN ISLAND,593,130,501,MERCURY FIRE SUPP INC,40.623111724853516,-74.09384155273438
Staten Island,5834418,11/19/2025,1/23/2025,52031338501NB02,NB,Issued,520313385,NB,,,PERMIT ISSUED - PARTIAL JOB,12665.0,0,1,0.0,155 JOHNSON ST  Staten Island,7207,283,503,ROGERS CALVANICO GROUP PLLC,40.55030059814453,-74.234619140625
Staten Island,5840982,8/3/2026,9/10/2025,52004723501NB12,NB,Issued,520047235,NB,,,PERMIT ISSUED - PARTIAL JOB,3460.0,2,3,0.0,74 DOROTHEA PLACE  Staten Island,4310,29,503,JOSEPH M. MORACE RA,40.57373809814453,-74.1250228881836
Staten Island,5840984,8/3/2026,9/10/2025,52004721701NB11,NB,Issued,520047217,NB,,,PERMIT ISSUED - PARTIAL JOB,3460.0,2,3,0.0,82 DOROTHEA PLACE  Staten Island,4310,34,503,JOSEPH M MORACE R.A,40.57373809814453,-74.1250228881836
Staten Island,5860619,3/10/2026,6/2/2025,52038354901NB03,NB,Issued,520383549,NB,,,PERMIT ISSUED - ENTIRE JOB/WORK,3290.0,1,3,0.0,19 GLENWOOD AVENUE  Staten Island,603,65,501,SCAGLIONE ARCHITECTS,40.61928176879883,-74.09929656982422
Staten Island,5862882,12/19/2025,9/8/2025,51011386901NB01,NB,Issued,510113869,NB,,,PERMIT ISSUED - ENTIRE JOB/WORK,5390.0,2,2,0.0,39 MARINE WAY  Staten Island,4050,47,502,AVID DESIGNS  INC,40.56404113769531,-74.10424041748047
Staten Island,5863186,5/15/2026,9/30/2025,51003346501NB18,NB,Issued,510033465,NB,,,PERMIT ISSUED - ENTIRE JOB/WORK,6219.0,1,1,0.0,81 OTTAVIO PROMENADE  Staten Island,7775,40,503,SANNA & LOCCISANO ARCHITECTS P.C,40.503440856933594,-74.22943115234375
Staten Island,5863316,1/14/2026,6/19/2025,51007122601NB05,NB,Issued,510071226,NB,,,PERMIT ISSUED - PARTIAL JOB,223.0,0,1,0.0,114 NORTHFIELD AVENUE  Staten Island,1272,394,501,RYAN DESIGN ARCHITECTURE,40.63766860961914,-74.16845703125
